gid,role,role_score,cluster_id,priority_score,evidence,depth,is_seed,in_deg,out_deg,in_tx,out_tx,in_kzt,out_kzt,pass_through,role_label,rank
100000000011452100,peripheral,0.5,0,0.8698843416370107,"периферия, признаков роли не выявлено: входящих 3, исходящих 1, получено 110,000 ₸ (предварительно)",1,False,3,1,7,2,110000.0,16685.0,0.1516818181818182,"периферия, признаков роли не выявлено",253
100000000018102100,peripheral,0.5,0,0.3173932384341637,"периферия, признаков роли не выявлено: входящих 1, исходящих 0, получено 7,000 ₸ (предварительно)",4,False,1,0,1,0,7000.0,0.0,0.0,"периферия, признаков роли не выявлено",842
100000000031787100,transit,0.5,0,0.8111654804270463,"признаки транзитного счёта: входящих 1, исходящих 2, получено 90,000 ₸ (предварительно)",2,False,1,2,2,4,90000.0,90000.0,1.0,признаки транзитного счёта,335
100000000041368100,terminal,0.5,0,0.3173932384341637,"конечный получатель в пределах выгрузки: входящих 1, исходящих 0, получено 160,000 ₸ (предварительно)",1,False,1,0,1,0,160000.0,0.0,0.0,конечный получатель в пределах выгрузки,843
100000000076451100,peripheral,0.5,0,0.9377224199288257,"периферия, признаков роли не выявлено: входящих 3, исходящих 4, получено 87,707 ₸ (предварительно)",2,False,3,4,4,4,87707.0,58000.0,0.661292713238396,"периферия, признаков роли не выявлено",128
100000000089154100,distributor,0.5,0,0.9806494661921709,"признаки веерного распределения: входящих 1, исходящих 15, получено 10,000 ₸ (предварительно)",1,False,1,15,1,21,10000.0,425500.0,42.55,признаки веерного распределения,41
100000000190228100,peripheral,0.5,0,0.6983985765124555,"периферия, признаков роли не выявлено: входящих 1, исходящих 1, получено 5,000 ₸ (предварительно)",2,False,1,1,1,1,5000.0,28560.0,5.712,"периферия, признаков роли не выявлено",517
100000000201868100,transit,0.5,0,0.6983985765124555,"признаки транзитного счёта: входящих 1, исходящих 1, получено 190,000 ₸ (предварительно)",2,False,1,1,1,1,190000.0,190000.0,1.0,признаки транзитного счёта,518
100000000254336100,peripheral,0.5,0,0.8111654804270463,"периферия, признаков роли не выявлено: входящих 2, исходящих 1, получено 97,177 ₸ (предварительно)",3,False,2,1,2,1,97177.0,60000.0,0.6174300503205491,"периферия, признаков роли не выявлено",336
100000000267734100,peripheral,0.5,0,0.957517793594306,"периферия, признаков роли не выявлено: входящих 2, исходящих 7, получено 180,000 ₸ (предварительно)",1,False,2,7,4,8,180000.0,282000.0,1.5666666666666667,"периферия, признаков роли не выявлено",93
100000000274067100,peripheral,0.5,0,0.900355871886121,"периферия, признаков роли не выявлено: входящих 2, исходящих 3, получено 517,704 ₸ (предварительно)",1,False,2,3,9,9,517704.0,2969000.0,5.734937338710924,"периферия, признаков роли не выявлено",198
100000000287768100,terminal,0.5,0,0.3173932384341637,"конечный получатель в пределах выгрузки: входящих 1, исходящих 0, получено 35,168 ₸ (предварительно)",3,False,1,0,1,0,35168.0,0.0,0.0,конечный получатель в пределах выгрузки,844
100000000288317100,peripheral,0.5,0,0.900355871886121,"периферия, признаков роли не выявлено: входящих 2, исходящих 3, получено 100,000 ₸ (предварительно)",3,False,2,3,2,3,100000.0,53500.0,0.535,"периферия, признаков роли не выявлено",199
100000000291906100,transit,0.5,0,0.8698843416370107,"признаки транзитного счёта: входящих 2, исходящих 2, получено 388,000 ₸ (предварительно)",2,False,2,2,3,6,388000.0,455854.0,1.1748814432989692,признаки транзитного счёта,254
100000000291908100,peripheral,0.5,0,0.6983985765124555,"периферия, признаков роли не выявлено: входящих 1, исходящих 1, получено 295,500 ₸ (предварительно)",3,False,1,1,5,1,295500.0,13300.0,0.045008460236886635,"периферия, признаков роли не выявлено",519
100000000297649100,peripheral,0.5,0,0.6983985765124555,"периферия, признаков роли не выявлено: входящих 1, исходящих 1, получено 40,000 ₸ (предварительно)",2,False,1,1,1,2,40000.0,70600.0,1.765,"периферия, признаков роли не выявлено",520
100000000299820100,peripheral,0.5,0,0.3173932384341637,"периферия, признаков роли не выявлено: входящих 1, исходящих 0, получено 10,000 ₸ (предварительно)",4,False,1,0,1,0,10000.0,0.0,0.0,"периферия, признаков роли не выявлено",845
100000000307908100,terminal,0.5,4,0.3173932384341637,"конечный получатель в пределах выгрузки: входящих 1, исходящих 0, получено 5,000 ₸ (предварительно)",2,False,1,0,1,0,5000.0,0.0,0.0,конечный получатель в пределах выгрузки,846
100000000331309100,consolidator,0.5,0,0.9991103202846975,"признаки точки консолидации: входящих 5, исходящих 99, получено 984,635 ₸ (предварительно)",2,False,5,99,8,126,984635.0,23001375.0,23.360306103276848,признаки точки консолидации,3
100000000332284100,consolidator,0.5,0,0.9737544483985765,"признаки точки консолидации: входящих 10, исходящих 3, получено 107,426 ₸ (предварительно)",2,False,10,3,12,3,107426.0,289500.0,2.69487833485376,признаки точки консолидации,58
100000000343175100,consolidator,0.5,0,0.9948843416370107,"признаки точки консолидации: входящих 8, исходящих 31, получено 178,712 ₸ (предварительно)",0,True,8,31,14,33,178712.0,4000039.0,22.382598818210305,признаки точки консолидации,12
100000000369781100,peripheral,0.5,0,0.3173932384341637,"периферия, признаков роли не выявлено: входящих 1, исходящих 0, получено 5,000 ₸ (предварительно)",4,False,1,0,1,0,5000.0,0.0,0.0,"периферия, признаков роли не выявлено",847
100000000375150100,peripheral,0.5,0,0.3173932384341637,"периферия, признаков роли не выявлено: входящих 1, исходящих 0, получено 300,000 ₸ (предварительно)",4,False,1,0,1,0,300000.0,0.0,0.0,"периферия, признаков роли не выявлено",848
100000000404740100,peripheral,0.5,0,0.3173932384341637,"периферия, признаков роли не выявлено: входящих 1, исходящих 0, получено 25,000 ₸ (предварительно)",4,False,1,0,1,0,25000.0,0.0,0.0,"периферия, признаков роли не выявлено",849
100000000408846100,terminal,0.5,0,0.3173932384341637,"конечный получатель в пределах выгрузки: входящих 1, исходящих 0, получено 40,500 ₸ (предварительно)",3,False,1,0,1,0,40500.0,0.0,0.0,конечный получатель в пределах выгрузки,850
100000000413678100,peripheral,0.5,0,0.900355871886121,"периферия, признаков роли не выявлено: входящих 2, исходящих 3, получено 306,500 ₸ (предварительно)",3,False,2,3,2,18,306500.0,528198.0,1.723321370309951,"периферия, признаков роли не выявлено",200
100000000424935100,peripheral,0.5,0,0.3173932384341637,"периферия, признаков роли не выявлено: входящих 1, исходящих 0, получено 15,000 ₸ (предварительно)",4,False,1,0,1,0,15000.0,0.0,0.0,"периферия, признаков роли не выявлено",851
100000000425407100,terminal,0.5,0,0.3173932384341637,"конечный получатель в пределах выгрузки: входящих 1, исходящих 0, получено 20,000 ₸ (предварительно)",2,False,1,0,1,0,20000.0,0.0,0.0,конечный получатель в пределах выгрузки,852
100000000437046100,consolidator,0.5,0,0.99644128113879,"признаки точки консолидации: входящих 9, исходящих 42, получено 1,107,200 ₸ (предварительно)",2,False,9,42,20,73,1107200.0,7606224.0,6.86978323699422,признаки точки консолидации,9
100000000440392100,terminal,0.5,0,0.3173932384341637,"конечный получатель в пределах выгрузки: входящих 1, исходящих 0, получено 105,705 ₸ (предварительно)",1,False,1,0,4,0,105705.0,0.0,0.0,конечный получатель в пределах выгрузки,853
100000000456947100,peripheral,0.5,16,0.004448398576512456,"периферия, признаков роли не выявлено: входящих 0, исходящих 0, получено 0 ₸ (предварительно)",0,True,0,0,0,0,0.0,0.0,,"периферия, признаков роли не выявлено",2230
100000000470237100,peripheral,0.5,0,0.3173932384341637,"периферия, признаков роли не выявлено: входящих 1, исходящих 0, получено 32,500 ₸ (предварительно)",4,False,1,0,1,0,32500.0,0.0,0.0,"периферия, признаков роли не выявлено",854
100000000481716100,terminal,0.5,0,0.3173932384341637,"конечный получатель в пределах выгрузки: входящих 1, исходящих 0, получено 8,000 ₸ (предварительно)",3,False,1,0,1,0,8000.0,0.0,0.0,конечный получатель в пределах выгрузки,855
100000000489417100,transit,0.5,0,0.8698843416370107,"признаки транзитного счёта: входящих 3, исходящих 1, получено 73,504 ₸ (предварительно)",2,False,3,1,3,1,73504.0,80000.0,1.0883761427949499,признаки транзитного счёта,255
100000000490383100,peripheral,0.5,0,0.9675266903914591,"периферия, признаков роли не выявлено: входящих 3, исходящих 8, получено 62,600 ₸ (предварительно)",2,False,3,8,3,9,62600.0,461375.0,7.37020766773163,"периферия, признаков роли не выявлено",69
100000000500040100,peripheral,0.5,0,0.3173932384341637,"периферия, признаков роли не выявлено: входящих 1, исходящих 0, получено 20,000 ₸ (предварительно)",4,False,1,0,1,0,20000.0,0.0,0.0,"периферия, признаков роли не выявлено",856
100000000507799100,peripheral,0.5,0,0.6983985765124555,"периферия, признаков роли не выявлено: входящих 1, исходящих 1, получено 5,132 ₸ (предварительно)",1,False,1,1,1,1,5132.0,8000.0,1.558846453624318,"периферия, признаков роли не выявлено",521
100000000533217100,terminal,0.5,0,0.3173932384341637,"конечный получатель в пределах выгрузки: входящих 1, исходящих 0, получено 53,587 ₸ (предварительно)",2,False,1,0,1,0,53587.0,0.0,0.0,конечный получатель в пределах выгрузки,857
100000000534581100,peripheral,0.5,0,0.8111654804270463,"периферия, признаков роли не выявлено: входящих 2, исходящих 1, получено 55,960 ₸ (предварительно)",3,False,2,1,2,1,55960.0,40000.0,0.7147962830593281,"периферия, признаков роли не выявлено",337
100000000542087100,peripheral,0.5,0,0.3173932384341637,"периферия, признаков роли не выявлено: входящих 1, исходящих 0, получено 8,507 ₸ (предварительно)",4,False,1,0,1,0,8506.91,0.0,0.0,"периферия, признаков роли не выявлено",858
100000000552584100,peripheral,0.5,0,0.6983985765124555,"периферия, признаков роли не выявлено: входящих 1, исходящих 1, получено 2,500,000 ₸ (предварительно)",3,False,1,1,3,1,2500000.0,57500.0,0.023,"периферия, признаков роли не выявлено",522
100000000555721100,terminal,0.5,0,0.6983985765124555,"конечный получатель в пределах выгрузки: входящих 2, исходящих 0, получено 113,000 ₸ (предварительно)",1,False,2,0,3,0,113000.0,0.0,0.0,конечный получатель в пределах выгрузки,523
100000000557536100,peripheral,0.5,0,0.3173932384341637,"периферия, признаков роли не выявлено: входящих 1, исходящих 0, получено 153,000 ₸ (предварительно)",4,False,1,0,7,0,153000.0,0.0,0.0,"периферия, признаков роли не выявлено",859
100000000560751100,terminal,0.5,0,0.3173932384341637,"конечный получатель в пределах выгрузки: входящих 1, исходящих 0, получено 25,000 ₸ (предварительно)",3,False,1,0,1,0,25000.0,0.0,0.0,конечный получатель в пределах выгрузки,860
100000000561160100,peripheral,0.5,0,0.3173932384341637,"периферия, признаков роли не выявлено: входящих 1, исходящих 0, получено 240,000 ₸ (предварительно)",4,False,1,0,1,0,240000.0,0.0,0.0,"периферия, признаков роли не выявлено",861
100000000569479100,terminal,0.5,0,0.3173932384341637,"конечный получатель в пределах выгрузки: входящих 1, исходящих 0, получено 320,000 ₸ (предварительно)",3,False,1,0,1,0,320000.0,0.0,0.0,конечный получатель в пределах выгрузки,862
100000000572276100,peripheral,0.5,1,0.6983985765124555,"периферия, признаков роли не выявлено: входящих 1, исходящих 1, получено 13,075 ₸ (предварительно)",3,False,1,1,1,1,13075.0,34547.0,2.6422179732313578,"периферия, признаков роли не выявлено",524
100000000580561100,peripheral,0.5,5,0.900355871886121,"периферия, признаков роли не выявлено: входящих 2, исходящих 3, получено 27,980 ₸ (предварительно)",0,True,2,3,3,13,27980.0,1488077.0,53.183595425303785,"периферия, признаков роли не выявлено",201
100000000581662100,peripheral,0.5,0,0.3173932384341637,"периферия, признаков роли не выявлено: входящих 1, исходящих 0, получено 21,160 ₸ (предварительно)",4,False,1,0,1,0,21160.0,0.0,0.0,"периферия, признаков роли не выявлено",863
100000000581682100,peripheral,0.5,0,0.3173932384341637,"периферия, признаков роли не выявлено: входящих 1, исходящих 0, получено 5,000 ₸ (предварительно)",4,False,1,0,1,0,5000.0,0.0,0.0,"периферия, признаков роли не выявлено",864
100000000583220100,peripheral,0.5,0,0.6983985765124555,"периферия, признаков роли не выявлено: входящих 1, исходящих 1, получено 5,000 ₸ (предварительно)",3,False,1,1,1,4,5000.0,761255.0,152.251,"периферия, признаков роли не выявлено",525
100000000594783100,peripheral,0.5,0,0.8111654804270463,"периферия, признаков роли не выявлено: входящих 1, исходящих 2, получено 2,635,000 ₸ (предварительно)",3,False,1,2,10,2,2635000.0,152500.0,0.05787476280834915,"периферия, признаков роли не выявлено",338
100000000596954100,peripheral,0.5,0,0.8111654804270463,"периферия, признаков роли не выявлено: входящих 1, исходящих 2, получено 120,000 ₸ (предварительно)",2,False,1,2,1,2,120000.0,48100.0,0.4008333333333333,"периферия, признаков роли не выявлено",339
100000000600707100,peripheral,0.5,0,0.3173932384341637,"периферия, признаков роли не выявлено: входящих 1, исходящих 0, получено 89,000 ₸ (предварительно)",4,False,1,0,2,0,89000.0,0.0,0.0,"периферия, признаков роли не выявлено",865
100000000607731100,peripheral,0.5,3,0.6983985765124555,"периферия, признаков роли не выявлено: входящих 1, исходящих 1, получено 20,000 ₸ (предварительно)",1,False,1,1,1,1,20000.0,66666.0,3.3333,"периферия, признаков роли не выявлено",526
100000000607941100,peripheral,0.5,0,0.8111654804270463,"периферия, признаков роли не выявлено: входящих 2, исходящих 1, получено 50,000 ₸ (предварительно)",2,False,2,1,3,4,50000.0,70000.0,1.4,"периферия, признаков роли не выявлено",340
100000000608031100,peripheral,0.5,0,0.3173932384341637,"периферия, признаков роли не выявлено: входящих 1, исходящих 0, получено 30,000 ₸ (предварительно)",4,False,1,0,1,0,30000.0,0.0,0.0,"периферия, признаков роли не выявлено",866
100000000611474100,terminal,0.5,0,0.3173932384341637,"конечный получатель в пределах выгрузки: входящих 1, исходящих 0, получено 32,000 ₸ (предварительно)",3,False,1,0,1,0,32000.0,0.0,0.0,конечный получатель в пределах выгрузки,867
100000000625169100,terminal,0.5,1,0.3173932384341637,"конечный получатель в пределах выгрузки: входящих 1, исходящих 0, получено 10,000 ₸ (предварительно)",2,False,1,0,1,0,10000.0,0.0,0.0,конечный получатель в пределах выгрузки,868
100000000627521100,peripheral,0.5,0,0.3173932384341637,"периферия, признаков роли не выявлено: входящих 1, исходящих 0, получено 6,500 ₸ (предварительно)",4,False,1,0,1,0,6500.0,0.0,0.0,"периферия, признаков роли не выявлено",869
100000000629812100,terminal,0.5,0,0.6983985765124555,"конечный получатель в пределах выгрузки: входящих 2, исходящих 0, получено 22,000 ₸ (предварительно)",2,False,2,0,2,0,22000.0,0.0,0.0,конечный получатель в пределах выгрузки,527
100000000634341100,peripheral,0.5,0,0.3173932384341637,"периферия, признаков роли не выявлено: входящих 1, исходящих 0, получено 24,000 ₸ (предварительно)",4,False,1,0,2,0,24000.0,0.0,0.0,"периферия, признаков роли не выявлено",870
100000000640800100,peripheral,0.5,0,0.900355871886121,"периферия, признаков роли не выявлено: входящих 1, исходящих 4, получено 80,000 ₸ (предварительно)",3,False,1,4,1,6,80000.0,518135.0,6.4766875,"периферия, признаков роли не выявлено",202
100000000646541100,terminal,0.5,0,0.8111654804270463,"конечный получатель в пределах выгрузки: входящих 3, исходящих 0, получено 25,300 ₸ (предварительно)",2,False,3,0,4,0,25300.0,0.0,0.0,конечный получатель в пределах выгрузки,341
100000000655469100,peripheral,0.5,0,0.3173932384341637,"периферия, признаков роли не выявлено: входящих 1, исходящих 0, получено 20,000 ₸ (предварительно)",4,False,1,0,2,0,20000.0,0.0,0.0,"периферия, признаков роли не выявлено",871
100000000656682100,transit,0.5,0,0.8111654804270463,"признаки транзитного счёта: входящих 1, исходящих 2, получено 71,000 ₸ (предварительно)",3,False,1,2,1,3,71000.0,80000.0,1.1267605633802817,признаки транзитного счёта,342
100000000661131100,terminal,0.5,1,0.3173932384341637,"конечный получатель в пределах выгрузки: входящих 1, исходящих 0, получено 15,600 ₸ (предварительно)",3,False,1,0,1,0,15600.0,0.0,0.0,конечный получатель в пределах выгрузки,872
100000000661912100,consolidator,0.5,0,0.9377224199288257,"признаки точки консолидации: входящих 5, исходящих 2, получено 393,036 ₸ (предварительно)",1,False,5,2,9,8,393036.0,430700.0,1.0958283719557496,признаки точки консолидации,129
100000000667713100,peripheral,0.5,0,0.9497330960854092,"периферия, признаков роли не выявлено: входящих 2, исходящих 6, получено 119,495 ₸ (предварительно)",1,False,2,6,10,7,119495.0,79236.0,0.663090505878907,"периферия, признаков роли не выявлено",101
100000000673868100,peripheral,0.5,0,0.922153024911032,"периферия, признаков роли не выявлено: входящих 1, исходящих 5, получено 2,030,650 ₸ (предварительно)",3,False,1,5,5,19,2030650.0,383000.0,0.18860955851574618,"периферия, признаков роли не выявлено",155
100000000673915100,peripheral,0.5,0,0.3173932384341637,"периферия, признаков роли не выявлено: входящих 1, исходящих 0, получено 20,200 ₸ (предварительно)",4,False,1,0,1,0,20200.0,0.0,0.0,"периферия, признаков роли не выявлено",873
100000000703894100,peripheral,0.5,3,0.6983985765124555,"периферия, признаков роли не выявлено: входящих 1, исходящих 1, получено 120,000 ₸ (предварительно)",1,False,1,1,1,1,120000.0,35000.0,0.2916666666666667,"периферия, признаков роли не выявлено",528
100000000703902100,terminal,0.5,1,0.3173932384341637,"конечный получатель в пределах выгрузки: входящих 1, исходящих 0, получено 25,499 ₸ (предварительно)",1,False,1,0,1,0,25499.0,0.0,0.0,конечный получатель в пределах выгрузки,874
100000000704700100,peripheral,0.5,2,0.3173932384341637,"периферия, признаков роли не выявлено: входящих 1, исходящих 0, получено 10,000 ₸ (предварительно)",4,False,1,0,1,0,10000.0,0.0,0.0,"периферия, признаков роли не выявлено",875
100000000706545100,peripheral,0.5,0,0.8698843416370107,"периферия, признаков роли не выявлено: входящих 3, исходящих 1, получено 1,070,300 ₸ (предварительно)",1,False,3,1,8,3,1070300.0,75800.0,0.07082126506586939,"периферия, признаков роли не выявлено",256
100000000718427100,terminal,0.5,1,0.3173932384341637,"конечный получатель в пределах выгрузки: входящих 1, исходящих 0, получено 6,000 ₸ (предварительно)",2,False,1,0,1,0,6000.0,0.0,0.0,конечный получатель в пределах выгрузки,876
100000000723383100,peripheral,0.5,0,0.8111654804270463,"периферия, признаков роли не выявлено: входящих 1, исходящих 2, получено 6,800 ₸ (предварительно)",2,False,1,2,1,2,6800.0,75000.0,11.029411764705882,"периферия, признаков роли не выявлено",343
100000000724540100,peripheral,0.5,0,0.6983985765124555,"периферия, признаков роли не выявлено: входящих 1, исходящих 1, получено 50,000 ₸ (предварительно)",2,False,1,1,1,1,50000.0,100000.0,2.0,"периферия, признаков роли не выявлено",529
100000000733373100,terminal,0.5,0,0.3173932384341637,"конечный получатель в пределах выгрузки: входящих 1, исходящих 0, получено 10,710 ₸ (предварительно)",2,False,1,0,1,0,10710.0,0.0,0.0,конечный получатель в пределах выгрузки,877
100000000733451100,peripheral,0.5,0,0.6983985765124555,"периферия, признаков роли не выявлено: входящих 1, исходящих 1, получено 70,000 ₸ (предварительно)",3,False,1,1,2,1,70000.0,300000.0,4.285714285714286,"периферия, признаков роли не выявлено",530
100000000733940100,peripheral,0.5,0,0.3173932384341637,"периферия, признаков роли не выявлено: входящих 1, исходящих 0, получено 752,000 ₸ (предварительно)",4,False,1,0,2,0,752000.0,0.0,0.0,"периферия, признаков роли не выявлено",878
100000000737152100,peripheral,0.5,0,0.3173932384341637,"периферия, признаков роли не выявлено: входящих 1, исходящих 0, получено 35,000 ₸ (предварительно)",4,False,1,0,1,0,35000.0,0.0,0.0,"периферия, признаков роли не выявлено",879
100000000749118100,peripheral,0.5,0,0.6983985765124555,"периферия, признаков роли не выявлено: входящих 1, исходящих 1, получено 10,330 ₸ (предварительно)",3,False,1,1,1,1,10330.0,16500.0,1.5972894482090998,"периферия, признаков роли не выявлено",531
100000000764836100,peripheral,0.5,0,0.8111654804270463,"периферия, признаков роли не выявлено: входящих 1, исходящих 2, получено 251,716 ₸ (предварительно)",3,False,1,2,1,2,251716.0,50000.0,0.1986365586613485,"периферия, признаков роли не выявлено",344
100000000765628100,terminal,0.5,0,0.3173932384341637,"конечный получатель в пределах выгрузки: входящих 1, исходящих 0, получено 5,000 ₸ (предварительно)",2,False,1,0,1,0,5000.0,0.0,0.0,конечный получатель в пределах выгрузки,880
100000000769919100,terminal,0.5,12,0.3173932384341637,"конечный получатель в пределах выгрузки: входящих 1, исходящих 0, получено 250,000 ₸ (предварительно)",2,False,1,0,1,0,250000.0,0.0,0.0,конечный получатель в пределах выгрузки,881
100000000782285100,terminal,0.5,0,0.3173932384341637,"конечный получатель в пределах выгрузки: входящих 1, исходящих 0, получено 6,151 ₸ (предварительно)",3,False,1,0,1,0,6151.0,0.0,0.0,конечный получатель в пределах выгрузки,882
100000000783406100,terminal,0.5,0,0.3173932384341637,"конечный получатель в пределах выгрузки: входящих 1, исходящих 0, получено 6,066 ₸ (предварительно)",3,False,1,0,1,0,6066.0,0.0,0.0,конечный получатель в пределах выгрузки,883
100000000785800100,transit,0.5,10,0.6983985765124555,"признаки транзитного счёта: входящих 1, исходящих 1, получено 19,000 ₸ (предварительно)",2,False,1,1,1,1,19000.0,19000.0,1.0,признаки транзитного счёта,532
100000000790311100,terminal,0.5,0,0.3173932384341637,"конечный получатель в пределах выгрузки: входящих 1, исходящих 0, получено 46,300 ₸ (предварительно)",2,False,1,0,1,0,46300.0,0.0,0.0,конечный получатель в пределах выгрузки,884
100000000791285100,peripheral,0.5,0,0.8698843416370107,"периферия, признаков роли не выявлено: входящих 1, исходящих 3, получено 1,120,000 ₸ (предварительно)",3,False,1,3,2,3,1120000.0,650000.0,0.5803571428571429,"периферия, признаков роли не выявлено",257
100000000795033100,terminal,0.5,0,0.3173932384341637,"конечный получатель в пределах выгрузки: входящих 1, исходящих 0, получено 18,200 ₸ (предварительно)",2,False,1,0,1,0,18200.0,0.0,0.0,конечный получатель в пределах выгрузки,885
100000000795129100,terminal,0.5,0,0.3173932384341637,"конечный получатель в пределах выгрузки: входящих 1, исходящих 0, получено 332,000 ₸ (предварительно)",2,False,1,0,1,0,332000.0,0.0,0.0,конечный получатель в пределах выгрузки,886
100000000795374100,terminal,0.5,0,0.3173932384341637,"конечный получатель в пределах выгрузки: входящих 1, исходящих 0, получено 50,000 ₸ (предварительно)",3,False,1,0,1,0,50000.0,0.0,0.0,конечный получатель в пределах выгрузки,887
100000000802149100,terminal,0.5,0,0.3173932384341637,"конечный получатель в пределах выгрузки: входящих 1, исходящих 0, получено 104,128 ₸ (предварительно)",3,False,1,0,1,0,104128.0,0.0,0.0,конечный получатель в пределах выгрузки,888
100000000803368100,peripheral,0.5,0,0.3173932384341637,"периферия, признаков роли не выявлено: входящих 1, исходящих 0, получено 139,503 ₸ (предварительно)",4,False,1,0,1,0,139503.0,0.0,0.0,"периферия, признаков роли не выявлено",889
100000000806727100,peripheral,0.5,0,0.6983985765124555,"периферия, признаков роли не выявлено: входящих 1, исходящих 1, получено 45,000 ₸ (предварительно)",2,False,1,1,1,1,45000.0,5000.0,0.1111111111111111,"периферия, признаков роли не выявлено",533
100000000810551100,peripheral,0.5,0,0.6983985765124555,"периферия, признаков роли не выявлено: входящих 1, исходящих 1, получено 100,000 ₸ (предварительно)",1,False,1,1,1,1,100000.0,7100.0,0.071,"периферия, признаков роли не выявлено",534
100000000817146100,terminal,0.5,0,0.3173932384341637,"конечный получатель в пределах выгрузки: входящих 1, исходящих 0, получено 70,020 ₸ (предварительно)",1,False,1,0,1,0,70020.0,0.0,0.0,конечный получатель в пределах выгрузки,890
100000000821507100,terminal,0.5,0,0.3173932384341637,"конечный получатель в пределах выгрузки: входящих 1, исходящих 0, получено 400,000 ₸ (предварительно)",2,False,1,0,1,0,400000.0,0.0,0.0,конечный получатель в пределах выгрузки,891
100000000831684100,peripheral,0.5,0,0.6983985765124555,"периферия, признаков роли не выявлено: входящих 1, исходящих 1, получено 15,000 ₸ (предварительно)",2,False,1,1,2,3,15000.0,50000.0,3.3333333333333335,"периферия, признаков роли не выявлено",535
100000000838385100,peripheral,0.5,0,0.8111654804270463,"периферия, признаков роли не выявлено: входящих 1, исходящих 2, получено 436,900 ₸ (предварительно)",3,False,1,2,8,6,436900.0,177500.0,0.40627145799954223,"периферия, признаков роли не выявлено",345
100000000850297100,transit,0.5,0,0.6983985765124555,"признаки транзитного счёта: входящих 1, исходящих 1, получено 17,520 ₸ (предварительно)",2,False,1,1,1,1,17520.0,17520.0,1.0,признаки транзитного счёта,536
100000000860514100,peripheral,0.5,0,0.6983985765124555,"периферия, признаков роли не выявлено: входящих 1, исходящих 1, получено 12,000 ₸ (предварительно)",3,False,1,1,1,1,12000.0,50000.0,4.166666666666667,"периферия, признаков роли не выявлено",537
100000000861294100,terminal,0.5,0,0.3173932384341637,"конечный получатель в пределах выгрузки: входящих 1, исходящих 0, получено 150,000 ₸ (предварительно)",2,False,1,0,1,0,150000.0,0.0,0.0,конечный получатель в пределах выгрузки,892
100000000870121100,terminal,0.5,0,0.3173932384341637,"конечный получатель в пределах выгрузки: входящих 1, исходящих 0, получено 12,000 ₸ (предварительно)",3,False,1,0,1,0,12000.0,0.0,0.0,конечный получатель в пределах выгрузки,893
100000000878006100,terminal,0.5,0,0.3173932384341637,"конечный получатель в пределах выгрузки: входящих 1, исходящих 0, получено 47,003 ₸ (предварительно)",3,False,1,0,1,0,47003.0,0.0,0.0,конечный получатель в пределах выгрузки,894
100000000896111100,terminal,0.5,0,0.3173932384341637,"конечный получатель в пределах выгрузки: входящих 1, исходящих 0, получено 287,100 ₸ (предварительно)",3,False,1,0,1,0,287100.0,0.0,0.0,конечный получатель в пределах выгрузки,895
100000000907277100,terminal,0.5,1,0.3173932384341637,"конечный получатель в пределах выгрузки: входящих 1, исходящих 0, получено 17,534 ₸ (предварительно)",1,False,1,0,1,0,17534.0,0.0,0.0,конечный получатель в пределах выгрузки,896
100000000910216100,peripheral,0.5,0,0.6983985765124555,"периферия, признаков роли не выявлено: входящих 1, исходящих 1, получено 71,000 ₸ (предварительно)",2,False,1,1,3,1,71000.0,52010.0,0.7325352112676057,"периферия, признаков роли не выявлено",538
100000000912487100,terminal,0.5,0,0.3173932384341637,"конечный получатель в пределах выгрузки: входящих 1, исходящих 0, получено 10,000 ₸ (предварительно)",2,False,1,0,1,0,10000.0,0.0,0.0,конечный получатель в пределах выгрузки,897
100000000913911100,peripheral,0.5,0,0.8111654804270463,"периферия, признаков роли не выявлено: входящих 2, исходящих 1, получено 467,000 ₸ (предварительно)",2,False,2,1,2,1,467000.0,600000.0,1.284796573875803,"периферия, признаков роли не выявлено",346
100000000917179100,terminal,0.5,0,0.3173932384341637,"конечный получатель в пределах выгрузки: входящих 1, исходящих 0, получено 94,465 ₸ (предварительно)",2,False,1,0,2,0,94465.0,0.0,0.0,конечный получатель в пределах выгрузки,898
100000000922570100,transit,0.5,0,0.6983985765124555,"признаки транзитного счёта: входящих 1, исходящих 1, получено 47,101 ₸ (предварительно)",1,False,1,1,1,1,47101.0,50000.0,1.0615485870788306,признаки транзитного счёта,539
100000000926078100,peripheral,0.5,0,0.3173932384341637,"периферия, признаков роли не выявлено: входящих 1, исходящих 0, получено 250,000 ₸ (предварительно)",4,False,1,0,1,0,250000.0,0.0,0.0,"периферия, признаков роли не выявлено",899
100000000926766100,peripheral,0.5,0,0.6983985765124555,"периферия, признаков роли не выявлено: входящих 1, исходящих 1, получено 18,750 ₸ (предварительно)",3,False,1,1,1,1,18750.0,6000.0,0.32,"периферия, признаков роли не выявлено",540
100000000933075100,peripheral,0.5,0,0.8111654804270463,"периферия, признаков роли не выявлено: входящих 1, исходящих 2, получено 40,000 ₸ (предварительно)",3,False,1,2,1,2,40000.0,55000.0,1.375,"периферия, признаков роли не выявлено",347
100000000941942100,terminal,0.5,0,0.3173932384341637,"конечный получатель в пределах выгрузки: входящих 1, исходящих 0, получено 130,000 ₸ (предварительно)",1,False,1,0,1,0,130000.0,0.0,0.0,конечный получатель в пределах выгрузки,900
100000000942301100,terminal,0.5,0,0.3173932384341637,"конечный получатель в пределах выгрузки: входящих 1, исходящих 0, получено 57,580 ₸ (предварительно)",3,False,1,0,2,0,57580.0,0.0,0.0,конечный получатель в пределах выгрузки,901
100000000943371100,terminal,0.5,0,0.3173932384341637,"конечный получатель в пределах выгрузки: входящих 1, исходящих 0, получено 15,500 ₸ (предварительно)",2,False,1,0,1,0,15500.0,0.0,0.0,конечный получатель в пределах выгрузки,902
100000000945428100,terminal,0.5,0,0.3173932384341637,"конечный получатель в пределах выгрузки: входящих 1, исходящих 0, получено 89,629 ₸ (предварительно)",1,False,1,0,1,0,89629.0,0.0,0.0,конечный получатель в пределах выгрузки,903
100000000954884100,terminal,0.5,0,0.3173932384341637,"конечный получатель в пределах выгрузки: входящих 1, исходящих 0, получено 34,000 ₸ (предварительно)",3,False,1,0,1,0,34000.0,0.0,0.0,конечный получатель в пределах выгрузки,904
100000000955444100,terminal,0.5,5,0.3173932384341637,"конечный получатель в пределах выгрузки: входящих 1, исходящих 0, получено 6,910 ₸ (предварительно)",2,False,1,0,1,0,6910.0,0.0,0.0,конечный получатель в пределах выгрузки,905
100000000955529100,peripheral,0.5,0,0.6983985765124555,"периферия, признаков роли не выявлено: входящих 1, исходящих 1, получено 27,000 ₸ (предварительно)",3,False,1,1,1,1,27000.0,63500.0,2.3518518518518516,"периферия, признаков роли не выявлено",541
100000000957746100,peripheral,0.5,0,0.3173932384341637,"периферия, признаков роли не выявлено: входящих 1, исходящих 0, получено 5,300 ₸ (предварительно)",4,False,1,0,1,0,5300.0,0.0,0.0,"периферия, признаков роли не выявлено",906
100000000961900100,terminal,0.5,0,0.6983985765124555,"конечный получатель в пределах выгрузки: входящих 2, исходящих 0, получено 36,000 ₸ (предварительно)",1,False,2,0,3,0,36000.0,0.0,0.0,конечный получатель в пределах выгрузки,542
100000000967918100,terminal,0.5,0,0.3173932384341637,"конечный получатель в пределах выгрузки: входящих 1, исходящих 0, получено 21,200 ₸ (предварительно)",2,False,1,0,3,0,21200.0,0.0,0.0,конечный получатель в пределах выгрузки,907
100000000968253100,terminal,0.5,1,0.3173932384341637,"конечный получатель в пределах выгрузки: входящих 1, исходящих 0, получено 15,000 ₸ (предварительно)",1,False,1,0,1,0,15000.0,0.0,0.0,конечный получатель в пределах выгрузки,908
100000000971908100,terminal,0.5,0,0.3173932384341637,"конечный получатель в пределах выгрузки: входящих 1, исходящих 0, получено 89,000 ₸ (предварительно)",2,False,1,0,1,0,89000.0,0.0,0.0,конечный получатель в пределах выгрузки,909
100000000976943100,transit,0.5,0,0.6983985765124555,"признаки транзитного счёта: входящих 1, исходящих 1, получено 70,000 ₸ (предварительно)",3,False,1,1,1,3,70000.0,84000.0,1.2,признаки транзитного счёта,543
100000000978041100,terminal,0.5,1,0.3173932384341637,"конечный получатель в пределах выгрузки: входящих 1, исходящих 0, получено 44,445 ₸ (предварительно)",1,False,1,0,1,0,44445.0,0.0,0.0,конечный получатель в пределах выгрузки,910
100000000979567100,terminal,0.5,1,0.3173932384341637,"конечный получатель в пределах выгрузки: входящих 1, исходящих 0, получено 10,000 ₸ (предварительно)",2,False,1,0,1,0,10000.0,0.0,0.0,конечный получатель в пределах выгрузки,911
100000000979923100,terminal,0.5,0,0.3173932384341637,"конечный получатель в пределах выгрузки: входящих 1, исходящих 0, получено 97,900 ₸ (предварительно)",1,False,1,0,1,0,97900.0,0.0,0.0,конечный получатель в пределах выгрузки,912
100000000981693100,peripheral,0.5,0,0.3173932384341637,"периферия, признаков роли не выявлено: входящих 1, исходящих 0, получено 16,500 ₸ (предварительно)",4,False,1,0,1,0,16500.0,0.0,0.0,"периферия, признаков роли не выявлено",913
100000000993112100,terminal,0.5,0,0.3173932384341637,"конечный получатель в пределах выгрузки: входящих 1, исходящих 0, получено 141,000 ₸ (предварительно)",2,False,1,0,1,0,141000.0,0.0,0.0,конечный получатель в пределах выгрузки,914
100000000998559100,terminal,0.5,0,0.3173932384341637,"конечный получатель в пределах выгрузки: входящих 1, исходящих 0, получено 100,000 ₸ (предварительно)",1,False,1,0,1,0,100000.0,0.0,0.0,конечный получатель в пределах выгрузки,915
100000001009583100,terminal,0.5,0,0.3173932384341637,"конечный получатель в пределах выгрузки: входящих 1, исходящих 0, получено 393,740 ₸ (предварительно)",3,False,1,0,1,0,393740.0,0.0,0.0,конечный получатель в пределах выгрузки,916
100000001046057100,terminal,0.5,0,0.3173932384341637,"конечный получатель в пределах выгрузки: входящих 1, исходящих 0, получено 83,420 ₸ (предварительно)",3,False,1,0,1,0,83420.0,0.0,0.0,конечный получатель в пределах выгрузки,917
100000001046626100,terminal,0.5,0,0.3173932384341637,"конечный получатель в пределах выгрузки: входящих 1, исходящих 0, получено 150,000 ₸ (предварительно)",3,False,1,0,1,0,150000.0,0.0,0.0,конечный получатель в пределах выгрузки,918
100000001049200100,peripheral,0.5,0,0.922153024911032,"периферия, признаков роли не выявлено: входящих 2, исходящих 4, получено 76,624 ₸ (предварительно)",1,False,2,4,2,5,76624.0,36000.0,0.46982668615577367,"периферия, признаков роли не выявлено",156
100000001052789100,terminal,0.5,0,0.3173932384341637,"конечный получатель в пределах выгрузки: входящих 1, исходящих 0, получено 70,975 ₸ (предварительно)",3,False,1,0,1,0,70975.0,0.0,0.0,конечный получатель в пределах выгрузки,919
100000001052945100,peripheral,0.5,0,0.8698843416370107,"периферия, признаков роли не выявлено: входящих 1, исходящих 3, получено 56,520 ₸ (предварительно)",3,False,1,3,1,6,56520.0,1595700.0,28.23248407643312,"периферия, признаков роли не выявлено",258
100000001053894100,peripheral,0.5,0,0.3173932384341637,"периферия, признаков роли не выявлено: входящих 1, исходящих 0, получено 2,000,000 ₸ (предварительно)",4,False,1,0,7,0,2000000.0,0.0,0.0,"периферия, признаков роли не выявлено",920
100000001056414100,terminal,0.5,0,0.3173932384341637,"конечный получатель в пределах выгрузки: входящих 1, исходящих 0, получено 250,000 ₸ (предварительно)",3,False,1,0,1,0,250000.0,0.0,0.0,конечный получатель в пределах выгрузки,921
100000001063678100,peripheral,0.5,0,0.8111654804270463,"периферия, признаков роли не выявлено: входящих 1, исходящих 2, получено 35,000 ₸ (предварительно)",3,False,1,2,1,2,35000.0,90000.0,2.5714285714285716,"периферия, признаков роли не выявлено",348
100000001065234100,peripheral,0.5,0,0.3173932384341637,"периферия, признаков роли не выявлено: входящих 1, исходящих 0, получено 360,000 ₸ (предварительно)",4,False,1,0,1,0,360000.0,0.0,0.0,"периферия, признаков роли не выявлено",922
100000001065481100,peripheral,0.5,0,0.3173932384341637,"периферия, признаков роли не выявлено: входящих 1, исходящих 0, получено 16,000 ₸ (предварительно)",4,False,1,0,2,0,16000.0,0.0,0.0,"периферия, признаков роли не выявлено",923
100000001066017100,peripheral,0.5,0,0.922153024911032,"периферия, признаков роли не выявлено: входящих 2, исходящих 4, получено 136,123 ₸ (предварительно)",3,False,2,4,3,4,136123.0,82500.0,0.6060695106631503,"периферия, признаков роли не выявлено",157
100000001072022100,terminal,0.5,0,0.8111654804270463,"конечный получатель в пределах выгрузки: входящих 3, исходящих 0, получено 1,684,000 ₸ (предварительно)",1,False,3,0,6,0,1684000.0,0.0,0.0,конечный получатель в пределах выгрузки,349
100000001073568100,peripheral,0.5,0,0.8111654804270463,"периферия, признаков роли не выявлено: входящих 1, исходящих 2, получено 707,465 ₸ (предварительно)",3,False,1,2,4,3,707465.0,219503.0,0.31026693900051594,"периферия, признаков роли не выявлено",350
100000001074553100,terminal,0.5,0,0.6983985765124555,"конечный получатель в пределах выгрузки: входящих 2, исходящих 0, получено 28,971 ₸ (предварительно)",1,False,2,0,2,0,28971.0,0.0,0.0,конечный получатель в пределах выгрузки,544
100000001083990100,terminal,0.5,0,0.3173932384341637,"конечный получатель в пределах выгрузки: входящих 1, исходящих 0, получено 49,900 ₸ (предварительно)",2,False,1,0,2,0,49900.0,0.0,0.0,конечный получатель в пределах выгрузки,924
100000001089055100,peripheral,0.5,0,0.3173932384341637,"периферия, признаков роли не выявлено: входящих 1, исходящих 0, получено 13,000 ₸ (предварительно)",4,False,1,0,1,0,13000.0,0.0,0.0,"периферия, признаков роли не выявлено",925
100000001102676100,transit,0.5,0,0.6983985765124555,"признаки транзитного счёта: входящих 1, исходящих 1, получено 50,000 ₸ (предварительно)",2,False,1,1,1,1,50000.0,50000.0,1.0,признаки транзитного счёта,545
100000001103905100,terminal,0.5,1,0.3173932384341637,"конечный получатель в пределах выгрузки: входящих 1, исходящих 0, получено 18,000 ₸ (предварительно)",1,False,1,0,1,0,18000.0,0.0,0.0,конечный получатель в пределах выгрузки,926
100000001110358100,terminal,0.5,0,0.6983985765124555,"конечный получатель в пределах выгрузки: входящих 2, исходящих 0, получено 32,000 ₸ (предварительно)",3,False,2,0,2,0,32000.0,0.0,0.0,конечный получатель в пределах выгрузки,546
100000001111763100,terminal,0.5,1,0.3173932384341637,"конечный получатель в пределах выгрузки: входящих 1, исходящих 0, получено 17,144 ₸ (предварительно)",1,False,1,0,1,0,17144.0,0.0,0.0,конечный получатель в пределах выгрузки,927
100000001114385100,terminal,0.5,0,0.3173932384341637,"конечный получатель в пределах выгрузки: входящих 1, исходящих 0, получено 29,500 ₸ (предварительно)",2,False,1,0,1,0,29500.0,0.0,0.0,конечный получатель в пределах выгрузки,928
100000001126374100,peripheral,0.5,0,0.922153024911032,"периферия, признаков роли не выявлено: входящих 4, исходящих 2, получено 182,500 ₸ (предварительно)",1,False,4,2,7,4,182500.0,29200.0,0.16,"периферия, признаков роли не выявлено",158
100000001130176100,terminal,0.5,0,0.3173932384341637,"конечный получатель в пределах выгрузки: входящих 1, исходящих 0, получено 25,000 ₸ (предварительно)",3,False,1,0,2,0,25000.0,0.0,0.0,конечный получатель в пределах выгрузки,929
100000001130553100,peripheral,0.5,0,0.3173932384341637,"периферия, признаков роли не выявлено: входящих 1, исходящих 0, получено 18,000 ₸ (предварительно)",4,False,1,0,2,0,18000.0,0.0,0.0,"периферия, признаков роли не выявлено",930
100000001131403100,peripheral,0.5,0,0.3173932384341637,"периферия, признаков роли не выявлено: входящих 1, исходящих 0, получено 1,570,000 ₸ (предварительно)",4,False,1,0,3,0,1570000.0,0.0,0.0,"периферия, признаков роли не выявлено",931
100000001138283100,peripheral,0.5,0,0.8111654804270463,"периферия, признаков роли не выявлено: входящих 1, исходящих 2, получено 81,805 ₸ (предварительно)",3,False,1,2,1,2,81805.0,50000.0,0.6112095837662734,"периферия, признаков роли не выявлено",351
100000001138376100,terminal,0.5,0,0.3173932384341637,"конечный получатель в пределах выгрузки: входящих 1, исходящих 0, получено 15,300 ₸ (предварительно)",2,False,1,0,1,0,15300.0,0.0,0.0,конечный получатель в пределах выгрузки,932
100000001140785100,terminal,0.5,0,0.6983985765124555,"конечный получатель в пределах выгрузки: входящих 2, исходящих 0, получено 215,000 ₸ (предварительно)",3,False,2,0,2,0,215000.0,0.0,0.0,конечный получатель в пределах выгрузки,547
100000001141268100,peripheral,0.5,0,0.8111654804270463,"периферия, признаков роли не выявлено: входящих 2, исходящих 1, получено 480,000 ₸ (предварительно)",3,False,2,1,2,1,480000.0,10000.0,0.020833333333333332,"периферия, признаков роли не выявлено",352
100000001145749100,terminal,0.5,0,0.3173932384341637,"конечный получатель в пределах выгрузки: входящих 1, исходящих 0, получено 10,000 ₸ (предварительно)",3,False,1,0,1,0,10000.0,0.0,0.0,конечный получатель в пределах выгрузки,933
100000001149815100,terminal,0.5,1,0.3173932384341637,"конечный получатель в пределах выгрузки: входящих 1, исходящих 0, получено 12,000 ₸ (предварительно)",3,False,1,0,1,0,12000.0,0.0,0.0,конечный получатель в пределах выгрузки,934
100000001155773100,terminal,0.5,1,0.3173932384341637,"конечный получатель в пределах выгрузки: входящих 1, исходящих 0, получено 21,500 ₸ (предварительно)",3,False,1,0,1,0,21500.0,0.0,0.0,конечный получатель в пределах выгрузки,935
100000001160401100,terminal,0.5,0,0.3173932384341637,"конечный получатель в пределах выгрузки: входящих 1, исходящих 0, получено 47,190 ₸ (предварительно)",3,False,1,0,2,0,47190.0,0.0,0.0,конечный получатель в пределах выгрузки,936
100000001162560100,distributor,0.5,0,0.9737544483985765,"признаки веерного распределения: входящих 1, исходящих 12, получено 331,300 ₸ (предварительно)",1,False,1,12,2,14,331300.0,2904398.0,8.76667069121642,признаки веерного распределения,59
100000001164648100,terminal,0.5,0,0.6983985765124555,"конечный получатель в пределах выгрузки: входящих 2, исходящих 0, получено 13,660 ₸ (предварительно)",1,False,2,0,2,0,13660.0,0.0,0.0,конечный получатель в пределах выгрузки,548
100000001166289100,peripheral,0.5,1,0.8111654804270463,"периферия, признаков роли не выявлено: входящих 2, исходящих 1, получено 721,039 ₸ (предварительно)",2,False,2,1,10,1,721039.0,25000.0,0.0346721883282319,"периферия, признаков роли не выявлено",353
100000001169666100,peripheral,0.5,0,0.6983985765124555,"периферия, признаков роли не выявлено: входящих 1, исходящих 1, получено 220,000 ₸ (предварительно)",3,False,1,1,2,1,220000.0,24000.0,0.10909090909090909,"периферия, признаков роли не выявлено",549
100000001184915100,terminal,0.5,0,0.3173932384341637,"конечный получатель в пределах выгрузки: входящих 1, исходящих 0, получено 201,000 ₸ (предварительно)",2,False,1,0,2,0,201000.0,0.0,0.0,конечный получатель в пределах выгрузки,937
100000001194266100,terminal,0.5,0,0.3173932384341637,"конечный получатель в пределах выгрузки: входящих 1, исходящих 0, получено 50,000 ₸ (предварительно)",1,False,1,0,1,0,50000.0,0.0,0.0,конечный получатель в пределах выгрузки,938
100000001202637100,peripheral,0.5,0,0.3173932384341637,"периферия, признаков роли не выявлено: входящих 1, исходящих 0, получено 10,000 ₸ (предварительно)",4,False,1,0,1,0,10000.0,0.0,0.0,"периферия, признаков роли не выявлено",939
100000001202787100,peripheral,0.5,0,0.6983985765124555,"периферия, признаков роли не выявлено: входящих 2, исходящих 0, получено 14,850 ₸ (предварительно)",4,False,2,0,2,0,14850.0,0.0,0.0,"периферия, признаков роли не выявлено",550
100000001220124100,peripheral,0.5,0,0.3173932384341637,"периферия, признаков роли не выявлено: входящих 1, исходящих 0, получено 40,000 ₸ (предварительно)",4,False,1,0,1,0,40000.0,0.0,0.0,"периферия, признаков роли не выявлено",940
100000001222245100,peripheral,0.5,0,0.3173932384341637,"периферия, признаков роли не выявлено: входящих 1, исходящих 0, получено 420,000 ₸ (предварительно)",4,False,1,0,5,0,420000.0,0.0,0.0,"периферия, признаков роли не выявлено",941
100000001222263100,peripheral,0.5,0,0.6983985765124555,"периферия, признаков роли не выявлено: входящих 1, исходящих 1, получено 745,570 ₸ (предварительно)",3,False,1,1,1,5,745570.0,420000.0,0.5633273870998028,"периферия, признаков роли не выявлено",551
100000001223977100,peripheral,0.5,0,0.6983985765124555,"периферия, признаков роли не выявлено: входящих 1, исходящих 1, получено 5,000 ₸ (предварительно)",3,False,1,1,1,1,5000.0,18000.0,3.6,"периферия, признаков роли не выявлено",552
100000001227106100,terminal,0.5,0,0.3173932384341637,"конечный получатель в пределах выгрузки: входящих 1, исходящих 0, получено 164,765 ₸ (предварительно)",3,False,1,0,1,0,164765.0,0.0,0.0,конечный получатель в пределах выгрузки,942
100000001229743100,peripheral,0.5,0,0.6983985765124555,"периферия, признаков роли не выявлено: входящих 1, исходящих 1, получено 7,000 ₸ (предварительно)",3,False,1,1,1,1,7000.0,9000.0,1.2857142857142858,"периферия, признаков роли не выявлено",553
100000001232297100,peripheral,0.5,0,0.8111654804270463,"периферия, признаков роли не выявлено: входящих 1, исходящих 2, получено 5,000 ₸ (предварительно)",2,False,1,2,1,2,5000.0,45000.0,9.0,"периферия, признаков роли не выявлено",354
100000001236706100,peripheral,0.5,0,0.900355871886121,"периферия, признаков роли не выявлено: входящих 3, исходящих 2, получено 142,700 ₸ (предварительно)",3,False,3,2,3,2,142700.0,36000.0,0.25227750525578135,"периферия, признаков роли не выявлено",203
100000001241318100,terminal,0.5,0,0.3173932384341637,"конечный получатель в пределах выгрузки: входящих 1, исходящих 0, получено 53,000 ₸ (предварительно)",2,False,1,0,1,0,53000.0,0.0,0.0,конечный получатель в пределах выгрузки,943
100000001246806100,peripheral,0.5,0,0.3173932384341637,"периферия, признаков роли не выявлено: входящих 1, исходящих 0, получено 130,000 ₸ (предварительно)",4,False,1,0,1,0,130000.0,0.0,0.0,"периферия, признаков роли не выявлено",944
100000001248999100,terminal,0.5,0,0.3173932384341637,"конечный получатель в пределах выгрузки: входящих 1, исходящих 0, получено 23,425 ₸ (предварительно)",3,False,1,0,1,0,23425.0,0.0,0.0,конечный получатель в пределах выгрузки,945
100000001249054100,peripheral,0.5,0,0.3173932384341637,"периферия, признаков роли не выявлено: входящих 1, исходящих 0, получено 17,375 ₸ (предварительно)",4,False,1,0,1,0,17375.0,0.0,0.0,"периферия, признаков роли не выявлено",946
100000001250022100,terminal,0.5,0,0.3173932384341637,"конечный получатель в пределах выгрузки: входящих 1, исходящих 0, получено 50,000 ₸ (предварительно)",2,False,1,0,1,0,50000.0,0.0,0.0,конечный получатель в пределах выгрузки,947
100000001251686100,terminal,0.5,0,0.3173932384341637,"конечный получатель в пределах выгрузки: входящих 1, исходящих 0, получено 18,000 ₸ (предварительно)",2,False,1,0,1,0,18000.0,0.0,0.0,конечный получатель в пределах выгрузки,948
100000001252290100,peripheral,0.5,0,0.6983985765124555,"периферия, признаков роли не выявлено: входящих 1, исходящих 1, получено 141,005 ₸ (предварительно)",3,False,1,1,1,1,141005.0,5000.0,0.03545973547037339,"периферия, признаков роли не выявлено",554
100000001253557100,consolidator,0.5,0,0.900355871886121,"признаки точки консолидации: входящих 5, исходящих 0, получено 210,200 ₸ (предварительно)",1,False,5,0,5,0,210200.0,0.0,0.0,признаки точки консолидации,204
100000001256409100,peripheral,0.5,0,0.3173932384341637,"периферия, признаков роли не выявлено: входящих 1, исходящих 0, получено 8,000 ₸ (предварительно)",4,False,1,0,1,0,8000.0,0.0,0.0,"периферия, признаков роли не выявлено",949
100000001262647100,terminal,0.5,0,0.3173932384341637,"конечный получатель в пределах выгрузки: входящих 1, исходящих 0, получено 23,650 ₸ (предварительно)",2,False,1,0,1,0,23650.0,0.0,0.0,конечный получатель в пределах выгрузки,950
100000001270349100,terminal,0.5,0,0.3173932384341637,"конечный получатель в пределах выгрузки: входящих 1, исходящих 0, получено 200,000 ₸ (предварительно)",3,False,1,0,1,0,200000.0,0.0,0.0,конечный получатель в пределах выгрузки,951
100000001270470100,peripheral,0.5,0,0.3173932384341637,"периферия, признаков роли не выявлено: входящих 1, исходящих 0, получено 28,300 ₸ (предварительно)",4,False,1,0,2,0,28300.0,0.0,0.0,"периферия, признаков роли не выявлено",952
100000001273783100,terminal,0.5,0,0.3173932384341637,"конечный получатель в пределах выгрузки: входящих 1, исходящих 0, получено 23,200 ₸ (предварительно)",2,False,1,0,1,0,23200.0,0.0,0.0,конечный получатель в пределах выгрузки,953
100000001275557100,peripheral,0.5,0,0.3173932384341637,"периферия, признаков роли не выявлено: входящих 1, исходящих 0, получено 20,000 ₸ (предварительно)",4,False,1,0,1,0,20000.0,0.0,0.0,"периферия, признаков роли не выявлено",954
100000001275752100,terminal,0.5,0,0.3173932384341637,"конечный получатель в пределах выгрузки: входящих 1, исходящих 0, получено 151,500 ₸ (предварительно)",3,False,1,0,1,0,151500.0,0.0,0.0,конечный получатель в пределах выгрузки,955
100000001276409100,peripheral,0.5,0,0.3173932384341637,"периферия, признаков роли не выявлено: входящих 1, исходящих 0, получено 94,760 ₸ (предварительно)",4,False,1,0,1,0,94760.0,0.0,0.0,"периферия, признаков роли не выявлено",956
100000001279272100,peripheral,0.5,0,0.8111654804270463,"периферия, признаков роли не выявлено: входящих 1, исходящих 2, получено 250,000 ₸ (предварительно)",3,False,1,2,1,2,250000.0,136758.0,0.547032,"периферия, признаков роли не выявлено",355
100000001279875100,terminal,0.5,0,0.3173932384341637,"конечный получатель в пределах выгрузки: входящих 1, исходящих 0, получено 49,235 ₸ (предварительно)",2,False,1,0,1,0,49235.0,0.0,0.0,конечный получатель в пределах выгрузки,957
100000001280798100,terminal,0.5,0,0.3173932384341637,"конечный получатель в пределах выгрузки: входящих 1, исходящих 0, получено 23,785 ₸ (предварительно)",3,False,1,0,1,0,23785.0,0.0,0.0,конечный получатель в пределах выгрузки,958
100000001282143100,consolidator,0.5,0,0.900355871886121,"признаки точки консолидации: входящих 5, исходящих 0, получено 1,700,000 ₸ (предварительно)",3,False,5,0,6,0,1700000.0,0.0,0.0,признаки точки консолидации,205
100000001285440100,terminal,0.5,0,0.6983985765124555,"конечный получатель в пределах выгрузки: входящих 2, исходящих 0, получено 243,000 ₸ (предварительно)",3,False,2,0,2,0,243000.0,0.0,0.0,конечный получатель в пределах выгрузки,555
100000001286703100,peripheral,0.5,0,0.3173932384341637,"периферия, признаков роли не выявлено: входящих 1, исходящих 0, получено 20,500 ₸ (предварительно)",4,False,1,0,1,0,20500.0,0.0,0.0,"периферия, признаков роли не выявлено",959
100000001287955100,peripheral,0.5,0,0.900355871886121,"периферия, признаков роли не выявлено: входящих 1, исходящих 4, получено 17,520 ₸ (предварительно)",2,False,1,4,1,5,17520.0,310000.0,17.69406392694064,"периферия, признаков роли не выявлено",206
100000001290243100,terminal,0.5,0,0.3173932384341637,"конечный получатель в пределах выгрузки: входящих 1, исходящих 0, получено 10,000 ₸ (предварительно)",2,False,1,0,1,0,10000.0,0.0,0.0,конечный получатель в пределах выгрузки,960
100000001297206100,peripheral,0.5,0,0.3173932384341637,"периферия, признаков роли не выявлено: входящих 1, исходящих 0, получено 6,758 ₸ (предварительно)",4,False,1,0,1,0,6758.0,0.0,0.0,"периферия, признаков роли не выявлено",961
100000001298099100,terminal,0.5,0,0.3173932384341637,"конечный получатель в пределах выгрузки: входящих 1, исходящих 0, получено 19,000 ₸ (предварительно)",3,False,1,0,1,0,19000.0,0.0,0.0,конечный получатель в пределах выгрузки,962
100000001299323100,peripheral,0.5,0,0.3173932384341637,"периферия, признаков роли не выявлено: входящих 1, исходящих 0, получено 109,000 ₸ (предварительно)",4,False,1,0,1,0,109000.0,0.0,0.0,"периферия, признаков роли не выявлено",963
100000001299443100,peripheral,0.5,0,0.3173932384341637,"периферия, признаков роли не выявлено: входящих 1, исходящих 0, получено 8,000 ₸ (предварительно)",4,False,1,0,1,0,8000.0,0.0,0.0,"периферия, признаков роли не выявлено",964
100000001299828100,peripheral,0.5,0,0.3173932384341637,"периферия, признаков роли не выявлено: входящих 1, исходящих 0, получено 100,000 ₸ (предварительно)",4,False,1,0,1,0,100000.0,0.0,0.0,"периферия, признаков роли не выявлено",965
100000001303311100,consolidator,0.5,0,0.900355871886121,"признаки точки консолидации: входящих 5, исходящих 0, получено 1,324,000 ₸ (предварительно)",3,False,5,0,5,0,1324000.0,0.0,0.0,признаки точки консолидации,207
100000001307612100,terminal,0.5,1,0.3173932384341637,"конечный получатель в пределах выгрузки: входящих 1, исходящих 0, получено 38,483 ₸ (предварительно)",1,False,1,0,1,0,38483.0,0.0,0.0,конечный получатель в пределах выгрузки,966
100000001308856100,terminal,0.5,1,0.3173932384341637,"конечный получатель в пределах выгрузки: входящих 1, исходящих 0, получено 27,000 ₸ (предварительно)",2,False,1,0,1,0,27000.0,0.0,0.0,конечный получатель в пределах выгрузки,967
100000001311175100,peripheral,0.5,0,0.3173932384341637,"периферия, признаков роли не выявлено: входящих 1, исходящих 0, получено 300,000 ₸ (предварительно)",4,False,1,0,1,0,300000.0,0.0,0.0,"периферия, признаков роли не выявлено",968
100000001317336100,peripheral,0.5,0,0.8111654804270463,"периферия, признаков роли не выявлено: входящих 1, исходящих 2, получено 131,196 ₸ (предварительно)",3,False,1,2,1,3,131196.0,1752000.0,13.354065672733924,"периферия, признаков роли не выявлено",356
100000001325618100,peripheral,0.5,0,0.3173932384341637,"периферия, признаков роли не выявлено: входящих 1, исходящих 0, получено 9,300 ₸ (предварительно)",4,False,1,0,1,0,9300.0,0.0,0.0,"периферия, признаков роли не выявлено",969
100000001329153100,terminal,0.5,0,0.3173932384341637,"конечный получатель в пределах выгрузки: входящих 1, исходящих 0, получено 150,687 ₸ (предварительно)",3,False,1,0,1,0,150687.0,0.0,0.0,конечный получатель в пределах выгрузки,970
100000001330595100,peripheral,0.5,2,0.8698843416370107,"периферия, признаков роли не выявлено: входящих 3, исходящих 1, получено 87,000 ₸ (предварительно)",2,False,3,1,6,1,87000.0,154000.0,1.7701149425287357,"периферия, признаков роли не выявлено",259
100000001330685100,peripheral,0.5,0,0.8698843416370107,"периферия, признаков роли не выявлено: входящих 3, исходящих 1, получено 2,435,923 ₸ (предварительно)",1,False,3,1,7,1,2435923.0,100500.0,0.04125746175063826,"периферия, признаков роли не выявлено",260
100000001339466100,terminal,0.5,0,0.3173932384341637,"конечный получатель в пределах выгрузки: входящих 1, исходящих 0, получено 30,000 ₸ (предварительно)",2,False,1,0,1,0,30000.0,0.0,0.0,конечный получатель в пределах выгрузки,971
100000001346560100,peripheral,0.5,0,0.8111654804270463,"периферия, признаков роли не выявлено: входящих 2, исходящих 1, получено 10,000 ₸ (предварительно)",2,False,2,1,2,1,10000.0,22200.0,2.22,"периферия, признаков роли не выявлено",357
100000001362940100,terminal,0.5,0,0.3173932384341637,"конечный получатель в пределах выгрузки: входящих 1, исходящих 0, получено 81,000 ₸ (предварительно)",1,False,1,0,1,0,81000.0,0.0,0.0,конечный получатель в пределах выгрузки,972
100000001363952100,peripheral,0.5,0,0.8111654804270463,"периферия, признаков роли не выявлено: входящих 2, исходящих 1, получено 196,655 ₸ (предварительно)",1,False,2,1,2,2,196655.0,91000.0,0.4627393150441128,"периферия, признаков роли не выявлено",358
100000001373265100,peripheral,0.5,0,0.6983985765124555,"периферия, признаков роли не выявлено: входящих 1, исходящих 1, получено 142,482 ₸ (предварительно)",3,False,1,1,1,1,142482.0,5000.0,0.0350921519911287,"периферия, признаков роли не выявлено",556
100000001378288100,peripheral,0.5,0,0.3173932384341637,"периферия, признаков роли не выявлено: входящих 1, исходящих 0, получено 268,000 ₸ (предварительно)",4,False,1,0,3,0,268000.0,0.0,0.0,"периферия, признаков роли не выявлено",973
100000001379511100,terminal,0.5,0,0.3173932384341637,"конечный получатель в пределах выгрузки: входящих 1, исходящих 0, получено 55,000 ₸ (предварительно)",3,False,1,0,1,0,55000.0,0.0,0.0,конечный получатель в пределах выгрузки,974
100000001380054100,peripheral,0.5,3,0.900355871886121,"периферия, признаков роли не выявлено: входящих 2, исходящих 3, получено 127,050 ₸ (предварительно)",1,False,2,3,2,4,127050.0,360000.0,2.833530106257379,"периферия, признаков роли не выявлено",208
100000001380107100,terminal,0.5,0,0.3173932384341637,"конечный получатель в пределах выгрузки: входящих 1, исходящих 0, получено 6,000 ₸ (предварительно)",3,False,1,0,1,0,6000.0,0.0,0.0,конечный получатель в пределах выгрузки,975
100000001380986100,terminal,0.5,0,0.3173932384341637,"конечный получатель в пределах выгрузки: входящих 1, исходящих 0, получено 70,170 ₸ (предварительно)",2,False,1,0,1,0,70170.0,0.0,0.0,конечный получатель в пределах выгрузки,976
100000001382002100,transit,0.5,0,0.6983985765124555,"признаки транзитного счёта: входящих 1, исходящих 1, получено 55,000 ₸ (предварительно)",2,False,1,1,2,3,55000.0,56500.0,1.0272727272727273,признаки транзитного счёта,557
100000001384826100,peripheral,0.5,0,0.6983985765124555,"периферия, признаков роли не выявлено: входящих 1, исходящих 1, получено 364,260 ₸ (предварительно)",3,False,1,1,1,1,364260.0,10000.0,0.027452918245209467,"периферия, признаков роли не выявлено",558
100000001386612100,terminal,0.5,0,0.3173932384341637,"конечный получатель в пределах выгрузки: входящих 1, исходящих 0, получено 62,264 ₸ (предварительно)",2,False,1,0,1,0,62264.0,0.0,0.0,конечный получатель в пределах выгрузки,977
100000001389255100,terminal,0.5,1,0.3173932384341637,"конечный получатель в пределах выгрузки: входящих 1, исходящих 0, получено 16,136 ₸ (предварительно)",1,False,1,0,1,0,16136.0,0.0,0.0,конечный получатель в пределах выгрузки,978
100000001411870100,terminal,0.5,0,0.6983985765124555,"конечный получатель в пределах выгрузки: входящих 2, исходящих 0, получено 900,000 ₸ (предварительно)",1,False,2,0,4,0,900000.0,0.0,0.0,конечный получатель в пределах выгрузки,559
100000001415126100,terminal,0.5,0,0.3173932384341637,"конечный получатель в пределах выгрузки: входящих 1, исходящих 0, получено 27,000 ₸ (предварительно)",0,True,1,0,1,0,27000.0,0.0,0.0,конечный получатель в пределах выгрузки,979
100000001418900100,terminal,0.5,1,0.3173932384341637,"конечный получатель в пределах выгрузки: входящих 1, исходящих 0, получено 40,140 ₸ (предварительно)",2,False,1,0,2,0,40140.0,0.0,0.0,конечный получатель в пределах выгрузки,980
100000001420847100,terminal,0.5,0,0.3173932384341637,"конечный получатель в пределах выгрузки: входящих 1, исходящих 0, получено 20,000 ₸ (предварительно)",2,False,1,0,2,0,20000.0,0.0,0.0,конечный получатель в пределах выгрузки,981
100000001427082100,peripheral,0.5,0,0.922153024911032,"периферия, признаков роли не выявлено: входящих 1, исходящих 5, получено 5,000 ₸ (предварительно)",3,False,1,5,1,6,5000.0,124900.0,24.98,"периферия, признаков роли не выявлено",159
100000001429930100,terminal,0.5,0,0.3173932384341637,"конечный получатель в пределах выгрузки: входящих 1, исходящих 0, получено 26,000 ₸ (предварительно)",0,True,1,0,1,0,26000.0,0.0,0.0,конечный получатель в пределах выгрузки,982
100000001439416100,peripheral,0.5,0,0.8111654804270463,"периферия, признаков роли не выявлено: входящих 1, исходящих 2, получено 10,000 ₸ (предварительно)",3,False,1,2,1,3,10000.0,165000.0,16.5,"периферия, признаков роли не выявлено",359
100000001445848100,peripheral,0.5,0,0.6983985765124555,"периферия, признаков роли не выявлено: входящих 1, исходящих 1, получено 546,000 ₸ (предварительно)",3,False,1,1,13,14,546000.0,351850.0,0.6444139194139195,"периферия, признаков роли не выявлено",560
100000001463701100,terminal,0.5,0,0.6983985765124555,"конечный получатель в пределах выгрузки: входящих 2, исходящих 0, получено 621,000 ₸ (предварительно)",1,False,2,0,2,0,621000.0,0.0,0.0,конечный получатель в пределах выгрузки,561
100000001471706100,peripheral,0.5,0,0.3173932384341637,"периферия, признаков роли не выявлено: входящих 1, исходящих 0, получено 377,000 ₸ (предварительно)",4,False,1,0,8,0,377000.0,0.0,0.0,"периферия, признаков роли не выявлено",983
100000001477796100,terminal,0.5,0,0.3173932384341637,"конечный получатель в пределах выгрузки: входящих 1, исходящих 0, получено 182,000 ₸ (предварительно)",1,False,1,0,1,0,182000.0,0.0,0.0,конечный получатель в пределах выгрузки,984
100000001484381100,terminal,0.5,0,0.6983985765124555,"конечный получатель в пределах выгрузки: входящих 2, исходящих 0, получено 95,585 ₸ (предварительно)",3,False,2,0,4,0,95585.0,0.0,0.0,конечный получатель в пределах выгрузки,562
100000001490461100,peripheral,0.5,0,0.6983985765124555,"периферия, признаков роли не выявлено: входящих 1, исходящих 1, получено 20,000 ₸ (предварительно)",2,False,1,1,1,1,20000.0,5000.0,0.25,"периферия, признаков роли не выявлено",563
100000001498732100,peripheral,0.5,0,0.3173932384341637,"периферия, признаков роли не выявлено: входящих 1, исходящих 0, получено 5,500 ₸ (предварительно)",4,False,1,0,1,0,5500.0,0.0,0.0,"периферия, признаков роли не выявлено",985
100000001524952100,terminal,0.5,0,0.3173932384341637,"конечный получатель в пределах выгрузки: входящих 1, исходящих 0, получено 103,807 ₸ (предварительно)",1,False,1,0,1,0,103807.0,0.0,0.0,конечный получатель в пределах выгрузки,986
100000001526235100,peripheral,0.5,0,0.9675266903914591,"периферия, признаков роли не выявлено: входящих 3, исходящих 8, получено 82,000 ₸ (предварительно)",2,False,3,8,4,9,82000.0,432750.0,5.277439024390244,"периферия, признаков роли не выявлено",70
100000001527186100,terminal,0.5,0,0.3173932384341637,"конечный получатель в пределах выгрузки: входящих 1, исходящих 0, получено 678,000 ₸ (предварительно)",1,False,1,0,2,0,678000.0,0.0,0.0,конечный получатель в пределах выгрузки,987
100000001530709100,terminal,0.5,0,0.3173932384341637,"конечный получатель в пределах выгрузки: входящих 1, исходящих 0, получено 53,961 ₸ (предварительно)",3,False,1,0,1,0,53961.0,0.0,0.0,конечный получатель в пределах выгрузки,988
100000001530740100,terminal,0.5,0,0.3173932384341637,"конечный получатель в пределах выгрузки: входящих 1, исходящих 0, получено 15,000 ₸ (предварительно)",2,False,1,0,1,0,15000.0,0.0,0.0,конечный получатель в пределах выгрузки,989
100000001530983100,distributor,0.5,0,0.9775355871886121,"признаки веерного распределения: входящих 4, исходящих 11, получено 564,158 ₸ (предварительно)",1,False,4,11,4,17,564158.0,1829538.0,3.24295321523403,признаки веерного распределения,49
100000001533161100,peripheral,0.5,0,0.3173932384341637,"периферия, признаков роли не выявлено: входящих 1, исходящих 0, получено 100,000 ₸ (предварительно)",4,False,1,0,1,0,100000.0,0.0,0.0,"периферия, признаков роли не выявлено",990
100000001534244100,peripheral,0.5,0,0.8111654804270463,"периферия, признаков роли не выявлено: входящих 2, исходящих 1, получено 366,000 ₸ (предварительно)",3,False,2,1,2,1,366000.0,45000.0,0.12295081967213115,"периферия, признаков роли не выявлено",360
100000001537524100,peripheral,0.5,0,0.3173932384341637,"периферия, признаков роли не выявлено: входящих 1, исходящих 0, получено 150,000 ₸ (предварительно)",4,False,1,0,1,0,150000.0,0.0,0.0,"периферия, признаков роли не выявлено",991
100000001538095100,terminal,0.5,0,0.6983985765124555,"конечный получатель в пределах выгрузки: входящих 2, исходящих 0, получено 280,000 ₸ (предварительно)",3,False,2,0,2,0,280000.0,0.0,0.0,конечный получатель в пределах выгрузки,564
100000001541418100,terminal,0.5,0,0.6983985765124555,"конечный получатель в пределах выгрузки: входящих 2, исходящих 0, получено 96,900 ₸ (предварительно)",2,False,2,0,2,0,96900.0,0.0,0.0,конечный получатель в пределах выгрузки,565
100000001549194100,terminal,0.5,0,0.3173932384341637,"конечный получатель в пределах выгрузки: входящих 1, исходящих 0, получено 46,500 ₸ (предварительно)",3,False,1,0,1,0,46500.0,0.0,0.0,конечный получатель в пределах выгрузки,992
100000001550388100,terminal,0.5,0,0.3173932384341637,"конечный получатель в пределах выгрузки: входящих 1, исходящих 0, получено 50,000 ₸ (предварительно)",1,False,1,0,1,0,50000.0,0.0,0.0,конечный получатель в пределах выгрузки,993
100000001550419100,terminal,0.5,0,0.3173932384341637,"конечный получатель в пределах выгрузки: входящих 1, исходящих 0, получено 23,000 ₸ (предварительно)",3,False,1,0,1,0,23000.0,0.0,0.0,конечный получатель в пределах выгрузки,994
100000001554432100,terminal,0.5,0,0.3173932384341637,"конечный получатель в пределах выгрузки: входящих 1, исходящих 0, получено 53,920 ₸ (предварительно)",1,False,1,0,1,0,53920.0,0.0,0.0,конечный получатель в пределах выгрузки,995
100000001557930100,terminal,0.5,0,0.3173932384341637,"конечный получатель в пределах выгрузки: входящих 1, исходящих 0, получено 34,610 ₸ (предварительно)",2,False,1,0,1,0,34610.0,0.0,0.0,конечный получатель в пределах выгрузки,996
100000001567366100,terminal,0.5,0,0.3173932384341637,"конечный получатель в пределах выгрузки: входящих 1, исходящих 0, получено 824,070 ₸ (предварительно)",1,False,1,0,4,0,824070.0,0.0,0.0,конечный получатель в пределах выгрузки,997
100000001578517100,terminal,0.5,0,0.3173932384341637,"конечный получатель в пределах выгрузки: входящих 1, исходящих 0, получено 30,000 ₸ (предварительно)",2,False,1,0,1,0,30000.0,0.0,0.0,конечный получатель в пределах выгрузки,998
100000001584286100,terminal,0.5,0,0.6983985765124555,"конечный получатель в пределах выгрузки: входящих 2, исходящих 0, получено 738,699 ₸ (предварительно)",2,False,2,0,3,0,738699.0,0.0,0.0,конечный получатель в пределах выгрузки,566
100000001590795100,peripheral,0.5,0,0.3173932384341637,"периферия, признаков роли не выявлено: входящих 1, исходящих 0, получено 5,060 ₸ (предварительно)",4,False,1,0,1,0,5060.0,0.0,0.0,"периферия, признаков роли не выявлено",999
100000001597424100,terminal,0.5,0,0.3173932384341637,"конечный получатель в пределах выгрузки: входящих 1, исходящих 0, получено 48,100 ₸ (предварительно)",3,False,1,0,1,0,48100.0,0.0,0.0,конечный получатель в пределах выгрузки,1000
100000001597505100,peripheral,0.5,0,0.6983985765124555,"периферия, признаков роли не выявлено: входящих 1, исходящих 1, получено 26,460 ₸ (предварительно)",2,False,1,1,1,1,26460.0,12920.0,0.48828420256991684,"периферия, признаков роли не выявлено",567
100000001598625100,peripheral,0.5,0,0.3173932384341637,"периферия, признаков роли не выявлено: входящих 1, исходящих 0, получено 25,000 ₸ (предварительно)",4,False,1,0,1,0,25000.0,0.0,0.0,"периферия, признаков роли не выявлено",1001
100000001600934100,peripheral,0.5,0,0.6983985765124555,"периферия, признаков роли не выявлено: входящих 1, исходящих 1, получено 180,300 ₸ (предварительно)",3,False,1,1,2,1,180300.0,11000.0,0.06100942872989462,"периферия, признаков роли не выявлено",568
100000001601320100,transit,0.5,0,0.8111654804270463,"признаки транзитного счёта: входящих 2, исходящих 1, получено 43,500 ₸ (предварительно)",2,False,2,1,2,1,43500.0,46200.0,1.0620689655172413,признаки транзитного счёта,361
100000001609499100,peripheral,0.5,0,0.900355871886121,"периферия, признаков роли не выявлено: входящих 3, исходящих 2, получено 263,113 ₸ (предварительно)",1,False,3,2,3,2,263113.0,21000.0,0.07981361620292422,"периферия, признаков роли не выявлено",209
100000001611488100,terminal,0.5,0,0.6983985765124555,"конечный получатель в пределах выгрузки: входящих 2, исходящих 0, получено 779,300 ₸ (предварительно)",3,False,2,0,3,0,779300.0,0.0,0.0,конечный получатель в пределах выгрузки,569
100000001616816100,consolidator,0.5,0,0.9497330960854092,"признаки точки консолидации: входящих 5, исходящих 3, получено 176,195 ₸ (предварительно)",0,True,5,3,12,10,176195.0,181326.0,1.0291211441868384,признаки точки консолидации,102
100000001632325100,terminal,0.5,1,0.3173932384341637,"конечный получатель в пределах выгрузки: входящих 1, исходящих 0, получено 85,600 ₸ (предварительно)",3,False,1,0,3,0,85600.0,0.0,0.0,конечный получатель в пределах выгрузки,1002
100000001633685100,terminal,0.5,0,0.8111654804270463,"конечный получатель в пределах выгрузки: входящих 3, исходящих 0, получено 45,000 ₸ (предварительно)",2,False,3,0,3,0,45000.0,0.0,0.0,конечный получатель в пределах выгрузки,362
100000001637376100,peripheral,0.5,0,0.6983985765124555,"периферия, признаков роли не выявлено: входящих 1, исходящих 1, получено 116,700 ₸ (предварительно)",3,False,1,1,1,2,116700.0,234250.0,2.0072836332476434,"периферия, признаков роли не выявлено",570
100000001639766100,terminal,0.5,0,0.3173932384341637,"конечный получатель в пределах выгрузки: входящих 1, исходящих 0, получено 20,000 ₸ (предварительно)",3,False,1,0,1,0,20000.0,0.0,0.0,конечный получатель в пределах выгрузки,1003
100000001641789100,terminal,0.5,0,0.3173932384341637,"конечный получатель в пределах выгрузки: входящих 1, исходящих 0, получено 17,826 ₸ (предварительно)",1,False,1,0,1,0,17826.0,0.0,0.0,конечный получатель в пределах выгрузки,1004
100000001641951100,terminal,0.5,0,0.3173932384341637,"конечный получатель в пределах выгрузки: входящих 1, исходящих 0, получено 25,000 ₸ (предварительно)",2,False,1,0,4,0,25000.0,0.0,0.0,конечный получатель в пределах выгрузки,1005
100000001648936100,terminal,0.5,0,0.3173932384341637,"конечный получатель в пределах выгрузки: входящих 1, исходящих 0, получено 92,740 ₸ (предварительно)",2,False,1,0,1,0,92740.0,0.0,0.0,конечный получатель в пределах выгрузки,1006
100000001650895100,peripheral,0.5,0,0.6983985765124555,"периферия, признаков роли не выявлено: входящих 1, исходящих 1, получено 153,500 ₸ (предварительно)",3,False,1,1,1,1,153500.0,10000.0,0.06514657980456026,"периферия, признаков роли не выявлено",571
100000001660397100,transit,0.5,0,0.900355871886121,"признаки транзитного счёта: входящих 2, исходящих 3, получено 48,600 ₸ (предварительно)",1,False,2,3,2,4,48600.0,49000.0,1.008230452674897,признаки транзитного счёта,210
100000001669260100,peripheral,0.5,0,0.3173932384341637,"периферия, признаков роли не выявлено: входящих 1, исходящих 0, получено 500,000 ₸ (предварительно)",4,False,1,0,1,0,500000.0,0.0,0.0,"периферия, признаков роли не выявлено",1007
100000001674850100,terminal,0.5,0,0.6983985765124555,"конечный получатель в пределах выгрузки: входящих 2, исходящих 0, получено 237,000 ₸ (предварительно)",3,False,2,0,2,0,237000.0,0.0,0.0,конечный получатель в пределах выгрузки,572
100000001677389100,peripheral,0.5,0,0.6983985765124555,"периферия, признаков роли не выявлено: входящих 1, исходящих 1, получено 11,000 ₸ (предварительно)",3,False,1,1,1,1,11000.0,5400.0,0.4909090909090909,"периферия, признаков роли не выявлено",573
100000001677929100,peripheral,0.5,0,0.900355871886121,"периферия, признаков роли не выявлено: входящих 3, исходящих 2, получено 126,777 ₸ (предварительно)",2,False,3,2,3,4,126777.0,286098.0,2.2567027142147236,"периферия, признаков роли не выявлено",211
100000001680944100,terminal,0.5,0,0.3173932384341637,"конечный получатель в пределах выгрузки: входящих 1, исходящих 0, получено 393,000 ₸ (предварительно)",3,False,1,0,1,0,393000.0,0.0,0.0,конечный получатель в пределах выгрузки,1008
100000001684867100,terminal,0.5,0,0.3173932384341637,"конечный получатель в пределах выгрузки: входящих 1, исходящих 0, получено 30,550 ₸ (предварительно)",1,False,1,0,1,0,30550.0,0.0,0.0,конечный получатель в пределах выгрузки,1009
100000001686328100,terminal,0.5,0,0.3173932384341637,"конечный получатель в пределах выгрузки: входящих 1, исходящих 0, получено 140,000 ₸ (предварительно)",3,False,1,0,1,0,140000.0,0.0,0.0,конечный получатель в пределах выгрузки,1010
100000001688676100,terminal,0.5,0,0.3173932384341637,"конечный получатель в пределах выгрузки: входящих 1, исходящих 0, получено 133,700 ₸ (предварительно)",3,False,1,0,1,0,133700.0,0.0,0.0,конечный получатель в пределах выгрузки,1011
100000001689968100,terminal,0.5,0,0.8111654804270463,"конечный получатель в пределах выгрузки: входящих 3, исходящих 0, получено 344,334 ₸ (предварительно)",3,False,3,0,3,0,344333.75,0.0,0.0,конечный получатель в пределах выгрузки,363
100000001690439100,terminal,0.5,0,0.3173932384341637,"конечный получатель в пределах выгрузки: входящих 1, исходящих 0, получено 14,200 ₸ (предварительно)",3,False,1,0,1,0,14200.0,0.0,0.0,конечный получатель в пределах выгрузки,1012
100000001690558100,terminal,0.5,0,0.3173932384341637,"конечный получатель в пределах выгрузки: входящих 1, исходящих 0, получено 740,000 ₸ (предварительно)",3,False,1,0,1,0,740000.0,0.0,0.0,конечный получатель в пределах выгрузки,1013
100000001696818100,terminal,0.5,0,0.3173932384341637,"конечный получатель в пределах выгрузки: входящих 1, исходящих 0, получено 53,550 ₸ (предварительно)",1,False,1,0,1,0,53550.0,0.0,0.0,конечный получатель в пределах выгрузки,1014
100000001697501100,distributor,0.5,1,0.9955516014234875,"признаки веерного распределения: входящих 3, исходящих 38, получено 123,700 ₸ (предварительно)",1,False,3,38,3,55,123700.0,1482606.0,11.98549717057397,признаки веерного распределения,11
100000001703168100,peripheral,0.5,0,0.6983985765124555,"периферия, признаков роли не выявлено: входящих 1, исходящих 1, получено 45,000 ₸ (предварительно)",2,False,1,1,1,1,45000.0,90000.0,2.0,"периферия, признаков роли не выявлено",574
100000001714173100,terminal,0.5,0,0.3173932384341637,"конечный получатель в пределах выгрузки: входящих 1, исходящих 0, получено 638,905 ₸ (предварительно)",3,False,1,0,6,0,638905.0,0.0,0.0,конечный получатель в пределах выгрузки,1015
100000001714413100,terminal,0.5,0,0.3173932384341637,"конечный получатель в пределах выгрузки: входящих 1, исходящих 0, получено 250,172 ₸ (предварительно)",3,False,1,0,1,0,250172.0,0.0,0.0,конечный получатель в пределах выгрузки,1016
100000001714883100,peripheral,0.5,0,0.3173932384341637,"периферия, признаков роли не выявлено: входящих 1, исходящих 0, получено 6,900 ₸ (предварительно)",4,False,1,0,1,0,6900.0,0.0,0.0,"периферия, признаков роли не выявлено",1017
100000001716579100,terminal,0.5,1,0.3173932384341637,"конечный получатель в пределах выгрузки: входящих 1, исходящих 0, получено 13,916 ₸ (предварительно)",1,False,1,0,1,0,13916.0,0.0,0.0,конечный получатель в пределах выгрузки,1018
100000001724740100,peripheral,0.5,0,0.3173932384341637,"периферия, признаков роли не выявлено: входящих 1, исходящих 0, получено 185,000 ₸ (предварительно)",4,False,1,0,4,0,185000.0,0.0,0.0,"периферия, признаков роли не выявлено",1019
100000001726614100,terminal,0.5,0,0.3173932384341637,"конечный получатель в пределах выгрузки: входящих 1, исходящих 0, получено 138,717 ₸ (предварительно)",3,False,1,0,1,0,138717.0,0.0,0.0,конечный получатель в пределах выгрузки,1020
100000001732159100,peripheral,0.5,0,0.922153024911032,"периферия, признаков роли не выявлено: входящих 2, исходящих 4, получено 2,378,100 ₸ (предварительно)",0,True,2,4,30,23,2378100.0,1505966.0,0.633264370716118,"периферия, признаков роли не выявлено",160
100000001733216100,peripheral,0.5,0,0.3173932384341637,"периферия, признаков роли не выявлено: входящих 1, исходящих 0, получено 60,000 ₸ (предварительно)",4,False,1,0,2,0,60000.0,0.0,0.0,"периферия, признаков роли не выявлено",1021
100000001733687100,terminal,0.5,0,0.3173932384341637,"конечный получатель в пределах выгрузки: входящих 1, исходящих 0, получено 300,000 ₸ (предварительно)",3,False,1,0,1,0,300000.0,0.0,0.0,конечный получатель в пределах выгрузки,1022
100000001737722100,terminal,0.5,0,0.3173932384341637,"конечный получатель в пределах выгрузки: входящих 1, исходящих 0, получено 60,460 ₸ (предварительно)",2,False,1,0,1,0,60460.0,0.0,0.0,конечный получатель в пределах выгрузки,1023
100000001740277100,peripheral,0.5,0,0.6983985765124555,"периферия, признаков роли не выявлено: входящих 1, исходящих 1, получено 8,700 ₸ (предварительно)",3,False,1,1,1,1,8700.0,5000.0,0.5747126436781609,"периферия, признаков роли не выявлено",575
100000001745217100,terminal,0.5,0,0.3173932384341637,"конечный получатель в пределах выгрузки: входящих 1, исходящих 0, получено 50,000 ₸ (предварительно)",3,False,1,0,1,0,50000.0,0.0,0.0,конечный получатель в пределах выгрузки,1024
100000001746925100,peripheral,0.5,0,0.6983985765124555,"периферия, признаков роли не выявлено: входящих 1, исходящих 1, получено 65,250 ₸ (предварительно)",1,False,1,1,1,1,65250.0,5000.0,0.07662835249042145,"периферия, признаков роли не выявлено",576
100000001782980100,peripheral,0.5,3,0.6983985765124555,"периферия, признаков роли не выявлено: входящих 1, исходящих 1, получено 50,000 ₸ (предварительно)",2,False,1,1,1,3,50000.0,596200.0,11.924,"периферия, признаков роли не выявлено",577
100000001784279100,terminal,0.5,0,0.3173932384341637,"конечный получатель в пределах выгрузки: входящих 1, исходящих 0, получено 35,674 ₸ (предварительно)",3,False,1,0,1,0,35674.0,0.0,0.0,конечный получатель в пределах выгрузки,1025
100000001785161100,terminal,0.5,0,0.6983985765124555,"конечный получатель в пределах выгрузки: входящих 2, исходящих 0, получено 30,000 ₸ (предварительно)",3,False,2,0,2,0,30000.0,0.0,0.0,конечный получатель в пределах выгрузки,578
100000001788284100,peripheral,0.5,0,0.922153024911032,"периферия, признаков роли не выявлено: входящих 1, исходящих 5, получено 8,000 ₸ (предварительно)",3,False,1,5,1,8,8000.0,296700.0,37.0875,"периферия, признаков роли не выявлено",161
100000001805543100,terminal,0.5,0,0.3173932384341637,"конечный получатель в пределах выгрузки: входящих 1, исходящих 0, получено 59,000 ₸ (предварительно)",1,False,1,0,1,0,59000.0,0.0,0.0,конечный получатель в пределах выгрузки,1026
100000001808684100,peripheral,0.5,0,0.6983985765124555,"периферия, признаков роли не выявлено: входящих 1, исходящих 1, получено 48,400 ₸ (предварительно)",3,False,1,1,3,2,48400.0,37700.0,0.7789256198347108,"периферия, признаков роли не выявлено",579
100000001816678100,peripheral,0.5,0,0.3173932384341637,"периферия, признаков роли не выявлено: входящих 1, исходящих 0, получено 60,000 ₸ (предварительно)",4,False,1,0,1,0,60000.0,0.0,0.0,"периферия, признаков роли не выявлено",1027
100000001818442100,terminal,0.5,0,0.3173932384341637,"конечный получатель в пределах выгрузки: входящих 1, исходящих 0, получено 42,215 ₸ (предварительно)",3,False,1,0,1,0,42215.0,0.0,0.0,конечный получатель в пределах выгрузки,1028
100000001819396100,terminal,0.5,0,0.3173932384341637,"конечный получатель в пределах выгрузки: входящих 1, исходящих 0, получено 166,080 ₸ (предварительно)",3,False,1,0,1,0,166080.0,0.0,0.0,конечный получатель в пределах выгрузки,1029
100000001822623100,terminal,0.5,0,0.3173932384341637,"конечный получатель в пределах выгрузки: входящих 1, исходящих 0, получено 201,300 ₸ (предварительно)",2,False,1,0,1,0,201300.0,0.0,0.0,конечный получатель в пределах выгрузки,1030
100000001822650100,peripheral,0.5,0,0.3173932384341637,"периферия, признаков роли не выявлено: входящих 1, исходящих 0, получено 112,000 ₸ (предварительно)",4,False,1,0,1,0,112000.0,0.0,0.0,"периферия, признаков роли не выявлено",1031
100000001825934100,peripheral,0.5,0,0.6983985765124555,"периферия, признаков роли не выявлено: входящих 1, исходящих 1, получено 40,000 ₸ (предварительно)",3,False,1,1,1,1,40000.0,97000.0,2.425,"периферия, признаков роли не выявлено",580
100000001831496100,peripheral,0.5,0,0.6983985765124555,"периферия, признаков роли не выявлено: входящих 1, исходящих 1, получено 25,000 ₸ (предварительно)",3,False,1,1,1,1,25000.0,373000.0,14.92,"периферия, признаков роли не выявлено",581
100000001835625100,terminal,0.5,0,0.3173932384341637,"конечный получатель в пределах выгрузки: входящих 1, исходящих 0, получено 75,130 ₸ (предварительно)",3,False,1,0,1,0,75130.0,0.0,0.0,конечный получатель в пределах выгрузки,1032
100000001837130100,terminal,0.5,0,0.3173932384341637,"конечный получатель в пределах выгрузки: входящих 1, исходящих 0, получено 172,900 ₸ (предварительно)",3,False,1,0,1,0,172900.0,0.0,0.0,конечный получатель в пределах выгрузки,1033
100000001845505100,peripheral,0.5,0,0.3173932384341637,"периферия, признаков роли не выявлено: входящих 1, исходящих 0, получено 20,000 ₸ (предварительно)",4,False,1,0,1,0,20000.0,0.0,0.0,"периферия, признаков роли не выявлено",1034
100000001848426100,terminal,0.5,0,0.3173932384341637,"конечный получатель в пределах выгрузки: входящих 1, исходящих 0, получено 95,530 ₸ (предварительно)",2,False,1,0,1,0,95530.0,0.0,0.0,конечный получатель в пределах выгрузки,1035
100000001851289100,terminal,0.5,0,0.3173932384341637,"конечный получатель в пределах выгрузки: входящих 1, исходящих 0, получено 109,510 ₸ (предварительно)",1,False,1,0,3,0,109510.0,0.0,0.0,конечный получатель в пределах выгрузки,1036
100000001852140100,terminal,0.5,11,0.3173932384341637,"конечный получатель в пределах выгрузки: входящих 1, исходящих 0, получено 30,000 ₸ (предварительно)",3,False,1,0,1,0,30000.0,0.0,0.0,конечный получатель в пределах выгрузки,1037
100000001853812100,terminal,0.5,0,0.3173932384341637,"конечный получатель в пределах выгрузки: входящих 1, исходящих 0, получено 70,000 ₸ (предварительно)",3,False,1,0,1,0,70000.0,0.0,0.0,конечный получатель в пределах выгрузки,1038
100000001857829100,consolidator,0.5,0,0.986432384341637,"признаки точки консолидации: входящих 6, исходящих 16, получено 888,535 ₸ (предварительно)",2,False,6,16,9,16,888535.0,2390993.0,2.690938454872346,признаки точки консолидации,30
100000001860090100,terminal,0.5,0,0.3173932384341637,"конечный получатель в пределах выгрузки: входящих 1, исходящих 0, получено 5,000 ₸ (предварительно)",3,False,1,0,1,0,5000.0,0.0,0.0,конечный получатель в пределах выгрузки,1039
100000001870116100,terminal,0.5,1,0.3173932384341637,"конечный получатель в пределах выгрузки: входящих 1, исходящих 0, получено 24,000 ₸ (предварительно)",1,False,1,0,1,0,24000.0,0.0,0.0,конечный получатель в пределах выгрузки,1040
100000001872484100,peripheral,0.5,10,0.8698843416370107,"периферия, признаков роли не выявлено: входящих 1, исходящих 3, получено 871,400 ₸ (предварительно)",1,False,1,3,13,9,871400.0,514580.0,0.5905210006885472,"периферия, признаков роли не выявлено",261
100000001875167100,terminal,0.5,0,0.3173932384341637,"конечный получатель в пределах выгрузки: входящих 1, исходящих 0, получено 1,000,000 ₸ (предварительно)",3,False,1,0,2,0,1000000.0,0.0,0.0,конечный получатель в пределах выгрузки,1041
100000001875239100,terminal,0.5,0,0.8111654804270463,"конечный получатель в пределах выгрузки: входящих 3, исходящих 0, получено 712,000 ₸ (предварительно)",3,False,3,0,3,0,712000.0,0.0,0.0,конечный получатель в пределах выгрузки,364
100000001884825100,terminal,0.5,0,0.8111654804270463,"конечный получатель в пределах выгрузки: входящих 3, исходящих 0, получено 495,000 ₸ (предварительно)",3,False,3,0,3,0,495000.0,0.0,0.0,конечный получатель в пределах выгрузки,365
100000001887715100,peripheral,0.5,0,0.8698843416370107,"периферия, признаков роли не выявлено: входящих 3, исходящих 1, получено 1,331,500 ₸ (предварительно)",3,False,3,1,4,1,1331500.0,750000.0,0.5632745024408562,"периферия, признаков роли не выявлено",262
100000001893287100,peripheral,0.5,0,0.6983985765124555,"периферия, признаков роли не выявлено: входящих 1, исходящих 1, получено 18,000 ₸ (предварительно)",3,False,1,1,3,14,18000.0,152700.0,8.483333333333333,"периферия, признаков роли не выявлено",582
100000001899164100,peripheral,0.5,0,0.9377224199288257,"периферия, признаков роли не выявлено: входящих 4, исходящих 3, получено 291,675 ₸ (предварительно)",1,False,4,3,5,3,291675.0,76500.0,0.2622782206222679,"периферия, признаков роли не выявлено",130
100000001904863100,terminal,0.5,0,0.3173932384341637,"конечный получатель в пределах выгрузки: входящих 1, исходящих 0, получено 500,000 ₸ (предварительно)",2,False,1,0,1,0,500000.0,0.0,0.0,конечный получатель в пределах выгрузки,1042
100000001924185100,terminal,0.5,0,0.6983985765124555,"конечный получатель в пределах выгрузки: входящих 2, исходящих 0, получено 151,000 ₸ (предварительно)",1,False,2,0,2,0,151000.0,0.0,0.0,конечный получатель в пределах выгрузки,583
100000001927599100,terminal,0.5,0,0.6983985765124555,"конечный получатель в пределах выгрузки: входящих 2, исходящих 0, получено 188,000 ₸ (предварительно)",3,False,2,0,2,0,188000.0,0.0,0.0,конечный получатель в пределах выгрузки,584
100000001929088100,terminal,0.5,0,0.6983985765124555,"конечный получатель в пределах выгрузки: входящих 2, исходящих 0, получено 396,010 ₸ (предварительно)",1,False,2,0,2,0,396010.0,0.0,0.0,конечный получатель в пределах выгрузки,585
100000001934935100,terminal,0.5,0,0.3173932384341637,"конечный получатель в пределах выгрузки: входящих 1, исходящих 0, получено 118,935 ₸ (предварительно)",3,False,1,0,1,0,118935.0,0.0,0.0,конечный получатель в пределах выгрузки,1043
100000001937767100,peripheral,0.5,0,0.900355871886121,"периферия, признаков роли не выявлено: входящих 1, исходящих 4, получено 53,000 ₸ (предварительно)",1,False,1,4,1,6,53000.0,1933000.0,36.471698113207545,"периферия, признаков роли не выявлено",212
100000001952325100,terminal,0.5,1,0.3173932384341637,"конечный получатель в пределах выгрузки: входящих 1, исходящих 0, получено 77,888 ₸ (предварительно)",1,False,1,0,2,0,77888.0,0.0,0.0,конечный получатель в пределах выгрузки,1044
100000001953577100,terminal,0.5,1,0.3173932384341637,"конечный получатель в пределах выгрузки: входящих 1, исходящих 0, получено 15,600 ₸ (предварительно)",1,False,1,0,1,0,15600.0,0.0,0.0,конечный получатель в пределах выгрузки,1045
100000001954534100,peripheral,0.5,0,0.6983985765124555,"периферия, признаков роли не выявлено: входящих 1, исходящих 1, получено 13,000 ₸ (предварительно)",3,False,1,1,1,1,13000.0,40000.0,3.076923076923077,"периферия, признаков роли не выявлено",586
100000001954903100,terminal,0.5,0,0.3173932384341637,"конечный получатель в пределах выгрузки: входящих 1, исходящих 0, получено 27,118 ₸ (предварительно)",2,False,1,0,1,0,27118.0,0.0,0.0,конечный получатель в пределах выгрузки,1046
100000001957974100,peripheral,0.5,0,0.3173932384341637,"периферия, признаков роли не выявлено: входящих 1, исходящих 0, получено 500,000 ₸ (предварительно)",4,False,1,0,1,0,500000.0,0.0,0.0,"периферия, признаков роли не выявлено",1047
100000001960517100,terminal,0.5,0,0.3173932384341637,"конечный получатель в пределах выгрузки: входящих 1, исходящих 0, получено 200,000 ₸ (предварительно)",1,False,1,0,1,0,200000.0,0.0,0.0,конечный получатель в пределах выгрузки,1048
100000001961048100,terminal,0.5,0,0.3173932384341637,"конечный получатель в пределах выгрузки: входящих 1, исходящих 0, получено 150,000 ₸ (предварительно)",2,False,1,0,1,0,150000.0,0.0,0.0,конечный получатель в пределах выгрузки,1049
100000001965374100,peripheral,0.5,0,0.900355871886121,"периферия, признаков роли не выявлено: входящих 2, исходящих 3, получено 1,759,720 ₸ (предварительно)",2,False,2,3,8,5,1759720.0,3082100.0,1.7514718250630783,"периферия, признаков роли не выявлено",213
100000001969496100,terminal,0.5,0,0.3173932384341637,"конечный получатель в пределах выгрузки: входящих 1, исходящих 0, получено 22,740 ₸ (предварительно)",3,False,1,0,1,0,22740.0,0.0,0.0,конечный получатель в пределах выгрузки,1050
100000001985793100,terminal,0.5,0,0.3173932384341637,"конечный получатель в пределах выгрузки: входящих 1, исходящих 0, получено 420,000 ₸ (предварительно)",2,False,1,0,1,0,420000.0,0.0,0.0,конечный получатель в пределах выгрузки,1051
100000001987030100,peripheral,0.5,0,0.8111654804270463,"периферия, признаков роли не выявлено: входящих 2, исходящих 1, получено 30,864 ₸ (предварительно)",1,False,2,1,2,1,30864.0,19000.0,0.6156039398652151,"периферия, признаков роли не выявлено",366
100000001991973100,peripheral,0.5,0,0.3173932384341637,"периферия, признаков роли не выявлено: входящих 1, исходящих 0, получено 20,800 ₸ (предварительно)",4,False,1,0,1,0,20800.0,0.0,0.0,"периферия, признаков роли не выявлено",1052
100000002015633100,terminal,0.5,0,0.3173932384341637,"конечный получатель в пределах выгрузки: входящих 1, исходящих 0, получено 94,970 ₸ (предварительно)",3,False,1,0,1,0,94970.0,0.0,0.0,конечный получатель в пределах выгрузки,1053
100000002028158100,terminal,0.5,0,0.3173932384341637,"конечный получатель в пределах выгрузки: входящих 1, исходящих 0, получено 34,800 ₸ (предварительно)",2,False,1,0,1,0,34800.0,0.0,0.0,конечный получатель в пределах выгрузки,1054
100000002032323100,peripheral,0.5,0,0.6983985765124555,"периферия, признаков роли не выявлено: входящих 1, исходящих 1, получено 300,000 ₸ (предварительно)",3,False,1,1,1,2,300000.0,1050000.0,3.5,"периферия, признаков роли не выявлено",587
100000002087788100,terminal,0.5,0,0.3173932384341637,"конечный получатель в пределах выгрузки: входящих 1, исходящих 0, получено 100,500 ₸ (предварительно)",2,False,1,0,1,0,100500.0,0.0,0.0,конечный получатель в пределах выгрузки,1055
100000002095257100,terminal,0.5,0,0.3173932384341637,"конечный получатель в пределах выгрузки: входящих 1, исходящих 0, получено 8,500 ₸ (предварительно)",3,False,1,0,1,0,8500.0,0.0,0.0,конечный получатель в пределах выгрузки,1056
100000002103448100,terminal,0.5,1,0.3173932384341637,"конечный получатель в пределах выгрузки: входящих 1, исходящих 0, получено 27,000 ₸ (предварительно)",3,False,1,0,1,0,27000.0,0.0,0.0,конечный получатель в пределах выгрузки,1057
100000002109656100,terminal,0.5,0,0.3173932384341637,"конечный получатель в пределах выгрузки: входящих 1, исходящих 0, получено 500,000 ₸ (предварительно)",3,False,1,0,1,0,500000.0,0.0,0.0,конечный получатель в пределах выгрузки,1058
100000002116705100,terminal,0.5,1,0.3173932384341637,"конечный получатель в пределах выгрузки: входящих 1, исходящих 0, получено 17,600 ₸ (предварительно)",3,False,1,0,1,0,17600.0,0.0,0.0,конечный получатель в пределах выгрузки,1059
100000002119762100,peripheral,0.5,0,0.3173932384341637,"периферия, признаков роли не выявлено: входящих 1, исходящих 0, получено 77,000 ₸ (предварительно)",4,False,1,0,6,0,77000.0,0.0,0.0,"периферия, признаков роли не выявлено",1060
100000002121357100,peripheral,0.5,0,0.8111654804270463,"периферия, признаков роли не выявлено: входящих 2, исходящих 1, получено 255,300 ₸ (предварительно)",3,False,2,1,2,1,255300.0,113000.0,0.4426165295730513,"периферия, признаков роли не выявлено",367
100000002126791100,peripheral,0.5,0,0.3173932384341637,"периферия, признаков роли не выявлено: входящих 1, исходящих 0, получено 1,313,000 ₸ (предварительно)",4,False,1,0,3,0,1313000.0,0.0,0.0,"периферия, признаков роли не выявлено",1061
100000002130400100,peripheral,0.5,0,0.3173932384341637,"периферия, признаков роли не выявлено: входящих 1, исходящих 0, получено 10,000 ₸ (предварительно)",4,False,1,0,1,0,10000.0,0.0,0.0,"периферия, признаков роли не выявлено",1062
100000002132479100,peripheral,0.5,0,0.6983985765124555,"периферия, признаков роли не выявлено: входящих 1, исходящих 1, получено 30,000 ₸ (предварительно)",2,False,1,1,2,1,30000.0,20000.0,0.6666666666666666,"периферия, признаков роли не выявлено",588
100000002152857100,peripheral,0.5,0,0.922153024911032,"периферия, признаков роли не выявлено: входящих 1, исходящих 5, получено 105,000 ₸ (предварительно)",1,False,1,5,1,6,105000.0,1230000.0,11.714285714285714,"периферия, признаков роли не выявлено",162
100000002156381100,peripheral,0.5,0,0.8111654804270463,"периферия, признаков роли не выявлено: входящих 2, исходящих 1, получено 61,000 ₸ (предварительно)",2,False,2,1,7,3,61000.0,21800.0,0.35737704918032787,"периферия, признаков роли не выявлено",368
100000002158488100,terminal,0.5,1,0.3173932384341637,"конечный получатель в пределах выгрузки: входящих 1, исходящих 0, получено 31,723 ₸ (предварительно)",1,False,1,0,1,0,31723.0,0.0,0.0,конечный получатель в пределах выгрузки,1063
100000002170580100,terminal,0.5,0,0.3173932384341637,"конечный получатель в пределах выгрузки: входящих 1, исходящих 0, получено 150,000 ₸ (предварительно)",2,False,1,0,1,0,150000.0,0.0,0.0,конечный получатель в пределах выгрузки,1064
100000002173070100,terminal,0.5,0,0.3173932384341637,"конечный получатель в пределах выгрузки: входящих 1, исходящих 0, получено 30,000 ₸ (предварительно)",2,False,1,0,1,0,30000.0,0.0,0.0,конечный получатель в пределах выгрузки,1065
100000002173161100,terminal,0.5,0,0.8111654804270463,"конечный получатель в пределах выгрузки: входящих 3, исходящих 0, получено 1,427,500 ₸ (предварительно)",1,False,3,0,5,0,1427500.0,0.0,0.0,конечный получатель в пределах выгрузки,369
100000002175422100,peripheral,0.5,0,0.957517793594306,"периферия, признаков роли не выявлено: входящих 3, исходящих 6, получено 68,500 ₸ (предварительно)",2,False,3,6,5,14,68500.0,1621188.0,23.66697810218978,"периферия, признаков роли не выявлено",94
100000002182176100,terminal,0.5,0,0.3173932384341637,"конечный получатель в пределах выгрузки: входящих 1, исходящих 0, получено 42,465 ₸ (предварительно)",1,False,1,0,1,0,42465.0,0.0,0.0,конечный получатель в пределах выгрузки,1066
100000002184107100,terminal,0.5,0,0.3173932384341637,"конечный получатель в пределах выгрузки: входящих 1, исходящих 0, получено 6,066 ₸ (предварительно)",3,False,1,0,1,0,6066.0,0.0,0.0,конечный получатель в пределах выгрузки,1067
100000002185328100,peripheral,0.5,0,0.900355871886121,"периферия, признаков роли не выявлено: входящих 1, исходящих 4, получено 15,000 ₸ (предварительно)",3,False,1,4,1,4,15000.0,55000.0,3.6666666666666665,"периферия, признаков роли не выявлено",214
100000002188586100,peripheral,0.5,0,0.3173932384341637,"периферия, признаков роли не выявлено: входящих 1, исходящих 0, получено 38,310 ₸ (предварительно)",4,False,1,0,1,0,38310.0,0.0,0.0,"периферия, признаков роли не выявлено",1068
100000002188829100,terminal,0.5,0,0.3173932384341637,"конечный получатель в пределах выгрузки: входящих 1, исходящих 0, получено 400,000 ₸ (предварительно)",1,False,1,0,1,0,400000.0,0.0,0.0,конечный получатель в пределах выгрузки,1069
100000002193259100,peripheral,0.5,0,0.900355871886121,"периферия, признаков роли не выявлено: входящих 2, исходящих 3, получено 48,000 ₸ (предварительно)",2,False,2,3,2,3,48000.0,58000.0,1.2083333333333333,"периферия, признаков роли не выявлено",215
100000002194320100,peripheral,0.5,0,0.3173932384341637,"периферия, признаков роли не выявлено: входящих 1, исходящих 0, получено 275,000 ₸ (предварительно)",4,False,1,0,1,0,275000.0,0.0,0.0,"периферия, признаков роли не выявлено",1070
100000002194329100,terminal,0.5,0,0.3173932384341637,"конечный получатель в пределах выгрузки: входящих 1, исходящих 0, получено 25,170 ₸ (предварительно)",3,False,1,0,1,0,25170.0,0.0,0.0,конечный получатель в пределах выгрузки,1071
100000002199091100,terminal,0.5,1,0.3173932384341637,"конечный получатель в пределах выгрузки: входящих 1, исходящих 0, получено 65,000 ₸ (предварительно)",2,False,1,0,1,0,65000.0,0.0,0.0,конечный получатель в пределах выгрузки,1072
100000002205022100,peripheral,0.5,0,0.8698843416370107,"периферия, признаков роли не выявлено: входящих 1, исходящих 3, получено 7,100 ₸ (предварительно)",2,False,1,3,1,3,7100.0,518000.0,72.95774647887323,"периферия, признаков роли не выявлено",263
100000002208836100,peripheral,0.5,0,0.3173932384341637,"периферия, признаков роли не выявлено: входящих 1, исходящих 0, получено 90,000 ₸ (предварительно)",4,False,1,0,1,0,90000.0,0.0,0.0,"периферия, признаков роли не выявлено",1073
100000002211413100,terminal,0.5,1,0.3173932384341637,"конечный получатель в пределах выгрузки: входящих 1, исходящих 0, получено 37,000 ₸ (предварительно)",1,False,1,0,1,0,37000.0,0.0,0.0,конечный получатель в пределах выгрузки,1074
100000002212494100,terminal,0.5,0,0.3173932384341637,"конечный получатель в пределах выгрузки: входящих 1, исходящих 0, получено 160,000 ₸ (предварительно)",3,False,1,0,1,0,160000.0,0.0,0.0,конечный получатель в пределах выгрузки,1075
100000002214207100,peripheral,0.5,0,0.3173932384341637,"периферия, признаков роли не выявлено: входящих 1, исходящих 0, получено 97,000 ₸ (предварительно)",4,False,1,0,1,0,97000.0,0.0,0.0,"периферия, признаков роли не выявлено",1076
100000002214301100,peripheral,0.5,0,0.6983985765124555,"периферия, признаков роли не выявлено: входящих 1, исходящих 1, получено 21,438 ₸ (предварительно)",1,False,1,1,1,1,21438.0,8000.0,0.373169138912212,"периферия, признаков роли не выявлено",589
100000002214383100,peripheral,0.5,1,0.3173932384341637,"периферия, признаков роли не выявлено: входящих 1, исходящих 0, получено 213,000 ₸ (предварительно)",4,False,1,0,1,0,213000.0,0.0,0.0,"периферия, признаков роли не выявлено",1077
100000002214570100,terminal,0.5,1,0.3173932384341637,"конечный получатель в пределах выгрузки: входящих 1, исходящих 0, получено 26,471 ₸ (предварительно)",1,False,1,0,1,0,26471.0,0.0,0.0,конечный получатель в пределах выгрузки,1078
100000002214664100,peripheral,0.5,1,0.6983985765124555,"периферия, признаков роли не выявлено: входящих 1, исходящих 1, получено 7,950 ₸ (предварительно)",3,False,1,1,1,2,7950.0,76950.0,9.679245283018869,"периферия, признаков роли не выявлено",590
100000002216999100,terminal,0.5,1,0.3173932384341637,"конечный получатель в пределах выгрузки: входящих 1, исходящих 0, получено 23,677 ₸ (предварительно)",3,False,1,0,1,0,23677.0,0.0,0.0,конечный получатель в пределах выгрузки,1079
100000002217161100,peripheral,0.5,0,0.957517793594306,"периферия, признаков роли не выявлено: входящих 2, исходящих 7, получено 404,750 ₸ (предварительно)",2,False,2,7,15,19,404750.0,995132.0,2.4586337245213095,"периферия, признаков роли не выявлено",95
100000002217806100,peripheral,0.5,0,0.3173932384341637,"периферия, признаков роли не выявлено: входящих 1, исходящих 0, получено 55,000 ₸ (предварительно)",4,False,1,0,2,0,55000.0,0.0,0.0,"периферия, признаков роли не выявлено",1080
100000002224132100,consolidator,0.5,0,0.957517793594306,"признаки точки консолидации: входящих 5, исходящих 4, получено 3,951,020 ₸ (предварительно)",2,False,5,4,10,25,3951020.0,12115000.0,3.0662968043695047,признаки точки консолидации,96
100000002227960100,peripheral,0.5,0,0.3173932384341637,"периферия, признаков роли не выявлено: входящих 1, исходящих 0, получено 10,000 ₸ (предварительно)",4,False,1,0,1,0,10000.0,0.0,0.0,"периферия, признаков роли не выявлено",1081
100000002227989100,peripheral,0.5,0,0.3173932384341637,"периферия, признаков роли не выявлено: входящих 1, исходящих 0, получено 20,000 ₸ (предварительно)",4,False,1,0,1,0,20000.0,0.0,0.0,"периферия, признаков роли не выявлено",1082
100000002229615100,peripheral,0.5,0,0.3173932384341637,"периферия, признаков роли не выявлено: входящих 1, исходящих 0, получено 25,000 ₸ (предварительно)",4,False,1,0,1,0,25000.0,0.0,0.0,"периферия, признаков роли не выявлено",1083
100000002231144100,peripheral,0.5,0,0.3173932384341637,"периферия, признаков роли не выявлено: входящих 1, исходящих 0, получено 15,000 ₸ (предварительно)",4,False,1,0,1,0,15000.0,0.0,0.0,"периферия, признаков роли не выявлено",1084
100000002232266100,terminal,0.5,0,0.3173932384341637,"конечный получатель в пределах выгрузки: входящих 1, исходящих 0, получено 45,000 ₸ (предварительно)",3,False,1,0,1,0,45000.0,0.0,0.0,конечный получатель в пределах выгрузки,1085
100000002236528100,terminal,0.5,0,0.3173932384341637,"конечный получатель в пределах выгрузки: входящих 1, исходящих 0, получено 66,000 ₸ (предварительно)",3,False,1,0,1,0,66000.0,0.0,0.0,конечный получатель в пределах выгрузки,1086
100000002241986100,peripheral,0.5,0,0.9377224199288257,"периферия, признаков роли не выявлено: входящих 1, исходящих 6, получено 280,000 ₸ (предварительно)",3,False,1,6,1,12,280000.0,3077000.0,10.989285714285714,"периферия, признаков роли не выявлено",131
100000002242066100,peripheral,0.5,0,0.3173932384341637,"периферия, признаков роли не выявлено: входящих 1, исходящих 0, получено 60,000 ₸ (предварительно)",4,False,1,0,1,0,60000.0,0.0,0.0,"периферия, признаков роли не выявлено",1087
100000002242455100,peripheral,0.5,0,0.3173932384341637,"периферия, признаков роли не выявлено: входящих 1, исходящих 0, получено 110,000 ₸ (предварительно)",4,False,1,0,1,0,110000.0,0.0,0.0,"периферия, признаков роли не выявлено",1088
100000002243354100,terminal,0.5,1,0.3173932384341637,"конечный получатель в пределах выгрузки: входящих 1, исходящих 0, получено 20,879 ₸ (предварительно)",1,False,1,0,1,0,20879.0,0.0,0.0,конечный получатель в пределах выгрузки,1089
100000002255058100,terminal,0.5,0,0.3173932384341637,"конечный получатель в пределах выгрузки: входящих 1, исходящих 0, получено 491,500 ₸ (предварительно)",3,False,1,0,2,0,491500.0,0.0,0.0,конечный получатель в пределах выгрузки,1090
100000002257794100,terminal,0.5,2,0.3173932384341637,"конечный получатель в пределах выгрузки: входящих 1, исходящих 0, получено 154,000 ₸ (предварительно)",3,False,1,0,1,0,154000.0,0.0,0.0,конечный получатель в пределах выгрузки,1091
100000002258492100,peripheral,0.5,0,0.3173932384341637,"периферия, признаков роли не выявлено: входящих 1, исходящих 0, получено 9,000 ₸ (предварительно)",4,False,1,0,1,0,9000.0,0.0,0.0,"периферия, признаков роли не выявлено",1092
100000002267998100,peripheral,0.5,0,0.900355871886121,"периферия, признаков роли не выявлено: входящих 2, исходящих 3, получено 420,000 ₸ (предварительно)",2,False,2,3,4,12,420000.0,1115000.0,2.6547619047619047,"периферия, признаков роли не выявлено",216
100000002284426100,terminal,0.5,0,0.3173932384341637,"конечный получатель в пределах выгрузки: входящих 1, исходящих 0, получено 90,000 ₸ (предварительно)",3,False,1,0,2,0,90000.0,0.0,0.0,конечный получатель в пределах выгрузки,1093
100000002289937100,terminal,0.5,1,0.3173932384341637,"конечный получатель в пределах выгрузки: входящих 1, исходящих 0, получено 20,000 ₸ (предварительно)",1,False,1,0,1,0,20000.0,0.0,0.0,конечный получатель в пределах выгрузки,1094
100000002293421100,transit,0.5,0,0.8698843416370107,"признаки транзитного счёта: входящих 2, исходящих 2, получено 41,000 ₸ (предварительно)",2,False,2,2,6,5,41000.0,47000.0,1.146341463414634,признаки транзитного счёта,264
100000002299948100,terminal,0.5,0,0.3173932384341637,"конечный получатель в пределах выгрузки: входящих 1, исходящих 0, получено 6,750 ₸ (предварительно)",2,False,1,0,1,0,6750.0,0.0,0.0,конечный получатель в пределах выгрузки,1095
100000002301828100,terminal,0.5,0,0.3173932384341637,"конечный получатель в пределах выгрузки: входящих 1, исходящих 0, получено 46,977 ₸ (предварительно)",3,False,1,0,1,0,46977.0,0.0,0.0,конечный получатель в пределах выгрузки,1096
100000002304943100,peripheral,0.5,0,0.3173932384341637,"периферия, признаков роли не выявлено: входящих 1, исходящих 0, получено 15,000 ₸ (предварительно)",4,False,1,0,1,0,15000.0,0.0,0.0,"периферия, признаков роли не выявлено",1097
100000002305007100,terminal,0.5,1,0.3173932384341637,"конечный получатель в пределах выгрузки: входящих 1, исходящих 0, получено 56,000 ₸ (предварительно)",3,False,1,0,1,0,56000.0,0.0,0.0,конечный получатель в пределах выгрузки,1098
100000002305477100,peripheral,0.5,0,0.3173932384341637,"периферия, признаков роли не выявлено: входящих 1, исходящих 0, получено 20,000 ₸ (предварительно)",4,False,1,0,1,0,20000.0,0.0,0.0,"периферия, признаков роли не выявлено",1099
100000002306369100,peripheral,0.5,0,0.9377224199288257,"периферия, признаков роли не выявлено: входящих 1, исходящих 6, получено 73,166 ₸ (предварительно)",1,False,1,6,1,9,73166.0,260900.0,3.5658639258672062,"периферия, признаков роли не выявлено",132
100000002308091100,terminal,0.5,0,0.3173932384341637,"конечный получатель в пределах выгрузки: входящих 1, исходящих 0, получено 186,720 ₸ (предварительно)",3,False,1,0,1,0,186720.0,0.0,0.0,конечный получатель в пределах выгрузки,1100
100000002320495100,peripheral,0.5,0,0.3173932384341637,"периферия, признаков роли не выявлено: входящих 1, исходящих 0, получено 13,526 ₸ (предварительно)",4,False,1,0,1,0,13526.27,0.0,0.0,"периферия, признаков роли не выявлено",1101
100000002324543100,terminal,0.5,0,0.3173932384341637,"конечный получатель в пределах выгрузки: входящих 1, исходящих 0, получено 30,202 ₸ (предварительно)",1,False,1,0,1,0,30202.0,0.0,0.0,конечный получатель в пределах выгрузки,1102
100000002335358100,terminal,0.5,0,0.3173932384341637,"конечный получатель в пределах выгрузки: входящих 1, исходящих 0, получено 140,000 ₸ (предварительно)",2,False,1,0,2,0,140000.0,0.0,0.0,конечный получатель в пределах выгрузки,1103
100000002340562100,terminal,0.5,0,0.3173932384341637,"конечный получатель в пределах выгрузки: входящих 1, исходящих 0, получено 36,650 ₸ (предварительно)",2,False,1,0,2,0,36650.0,0.0,0.0,конечный получатель в пределах выгрузки,1104
100000002343825100,peripheral,0.5,0,0.900355871886121,"периферия, признаков роли не выявлено: входящих 3, исходящих 2, получено 350,000 ₸ (предварительно)",3,False,3,2,4,2,350000.0,89800.0,0.25657142857142856,"периферия, признаков роли не выявлено",217
100000002346166100,terminal,0.5,1,0.3173932384341637,"конечный получатель в пределах выгрузки: входящих 1, исходящих 0, получено 6,000 ₸ (предварительно)",3,False,1,0,1,0,6000.0,0.0,0.0,конечный получатель в пределах выгрузки,1105
100000002356167100,peripheral,0.5,0,0.8111654804270463,"периферия, признаков роли не выявлено: входящих 1, исходящих 2, получено 300,000 ₸ (предварительно)",3,False,1,2,1,3,300000.0,29500.0,0.09833333333333333,"периферия, признаков роли не выявлено",370
100000002369443100,terminal,0.5,1,0.3173932384341637,"конечный получатель в пределах выгрузки: входящих 1, исходящих 0, получено 50,000 ₸ (предварительно)",3,False,1,0,1,0,50000.0,0.0,0.0,конечный получатель в пределах выгрузки,1106
100000002369454100,peripheral,0.5,0,0.3173932384341637,"периферия, признаков роли не выявлено: входящих 1, исходящих 0, получено 25,000 ₸ (предварительно)",4,False,1,0,1,0,25000.0,0.0,0.0,"периферия, признаков роли не выявлено",1107
100000002369510100,terminal,0.5,1,0.3173932384341637,"конечный получатель в пределах выгрузки: входящих 1, исходящих 0, получено 37,150 ₸ (предварительно)",3,False,1,0,1,0,37150.0,0.0,0.0,конечный получатель в пределах выгрузки,1108
100000002369874100,terminal,0.5,0,0.8698843416370107,"конечный получатель в пределах выгрузки: входящих 4, исходящих 0, получено 600,000 ₸ (предварительно)",3,False,4,0,4,0,600000.0,0.0,0.0,конечный получатель в пределах выгрузки,265
100000002371751100,peripheral,0.5,12,0.6983985765124555,"периферия, признаков роли не выявлено: входящих 1, исходящих 1, получено 200,000 ₸ (предварительно)",1,False,1,1,5,1,200000.0,250000.0,1.25,"периферия, признаков роли не выявлено",591
100000002371892100,peripheral,0.5,0,0.3173932384341637,"периферия, признаков роли не выявлено: входящих 1, исходящих 0, получено 43,830 ₸ (предварительно)",4,False,1,0,1,0,43830.0,0.0,0.0,"периферия, признаков роли не выявлено",1109
100000002373144100,peripheral,0.5,0,0.6983985765124555,"периферия, признаков роли не выявлено: входящих 1, исходящих 1, получено 46,468 ₸ (предварительно)",3,False,1,1,1,1,46468.0,10764.0,0.2316432813979513,"периферия, признаков роли не выявлено",592
100000002373386100,terminal,0.5,1,0.3173932384341637,"конечный получатель в пределах выгрузки: входящих 1, исходящих 0, получено 24,000 ₸ (предварительно)",3,False,1,0,1,0,24000.0,0.0,0.0,конечный получатель в пределах выгрузки,1110
100000002380341100,terminal,0.5,0,0.3173932384341637,"конечный получатель в пределах выгрузки: входящих 1, исходящих 0, получено 57,566 ₸ (предварительно)",3,False,1,0,1,0,57566.4,0.0,0.0,конечный получатель в пределах выгрузки,1111
100000002391278100,peripheral,0.5,0,0.6983985765124555,"периферия, признаков роли не выявлено: входящих 1, исходящих 1, получено 30,000 ₸ (предварительно)",3,False,1,1,5,2,30000.0,52700.0,1.7566666666666666,"периферия, признаков роли не выявлено",593
100000002394199100,peripheral,0.5,0,0.6983985765124555,"периферия, признаков роли не выявлено: входящих 1, исходящих 1, получено 277,398 ₸ (предварительно)",3,False,1,1,3,1,277398.0,76777.0,0.2767756076107254,"периферия, признаков роли не выявлено",594
100000002398779100,consolidator,0.5,0,0.9755338078291815,"признаки точки консолидации: входящих 13, исходящих 1, получено 1,095,690 ₸ (предварительно)",2,False,13,1,28,3,1095690.0,66000.0,0.06023601566136407,признаки точки консолидации,55
100000002404112100,peripheral,0.5,0,0.3173932384341637,"периферия, признаков роли не выявлено: входящих 1, исходящих 0, получено 60,000 ₸ (предварительно)",4,False,1,0,1,0,60000.0,0.0,0.0,"периферия, признаков роли не выявлено",1112
100000002432143100,terminal,0.5,0,0.3173932384341637,"конечный получатель в пределах выгрузки: входящих 1, исходящих 0, получено 81,310 ₸ (предварительно)",2,False,1,0,1,0,81310.0,0.0,0.0,конечный получатель в пределах выгрузки,1113
100000002433697100,transit,0.5,0,0.6983985765124555,"признаки транзитного счёта: входящих 1, исходящих 1, получено 130,000 ₸ (предварительно)",3,False,1,1,1,1,130000.0,110000.0,0.8461538461538461,признаки транзитного счёта,595
100000002435265100,terminal,0.5,0,0.3173932384341637,"конечный получатель в пределах выгрузки: входящих 1, исходящих 0, получено 132,628 ₸ (предварительно)",3,False,1,0,3,0,132628.0,0.0,0.0,конечный получатель в пределах выгрузки,1114
100000002443664100,terminal,0.5,0,0.8111654804270463,"конечный получатель в пределах выгрузки: входящих 3, исходящих 0, получено 556,880 ₸ (предварительно)",2,False,3,0,3,0,556880.0,0.0,0.0,конечный получатель в пределах выгрузки,371
100000002445750100,peripheral,0.5,0,0.6983985765124555,"периферия, признаков роли не выявлено: входящих 1, исходящих 1, получено 70,000 ₸ (предварительно)",2,False,1,1,1,1,70000.0,10000.0,0.14285714285714285,"периферия, признаков роли не выявлено",596
100000002448088100,peripheral,0.5,0,0.8698843416370107,"периферия, признаков роли не выявлено: входящих 3, исходящих 1, получено 20,000 ₸ (предварительно)",3,False,3,1,3,1,20000.0,25000.0,1.25,"периферия, признаков роли не выявлено",266
100000002454724100,terminal,0.5,0,0.3173932384341637,"конечный получатель в пределах выгрузки: входящих 1, исходящих 0, получено 125,000 ₸ (предварительно)",2,False,1,0,3,0,125000.0,0.0,0.0,конечный получатель в пределах выгрузки,1115
100000002457464100,terminal,0.5,0,0.3173932384341637,"конечный получатель в пределах выгрузки: входящих 1, исходящих 0, получено 66,647 ₸ (предварительно)",2,False,1,0,1,0,66647.0,0.0,0.0,конечный получатель в пределах выгрузки,1116
100000002459093100,peripheral,0.5,0,0.6983985765124555,"периферия, признаков роли не выявлено: входящих 1, исходящих 1, получено 500,000 ₸ (предварительно)",2,False,1,1,2,3,500000.0,55000.0,0.11,"периферия, признаков роли не выявлено",597
100000002459163100,terminal,0.5,10,0.3173932384341637,"конечный получатель в пределах выгрузки: входящих 1, исходящих 0, получено 20,180 ₸ (предварительно)",2,False,1,0,1,0,20180.0,0.0,0.0,конечный получатель в пределах выгрузки,1117
100000002459164100,terminal,0.5,0,0.3173932384341637,"конечный получатель в пределах выгрузки: входящих 1, исходящих 0, получено 20,000 ₸ (предварительно)",3,False,1,0,1,0,20000.0,0.0,0.0,конечный получатель в пределах выгрузки,1118
100000002459240100,terminal,0.5,0,0.3173932384341637,"конечный получатель в пределах выгрузки: входящих 1, исходящих 0, получено 150,000 ₸ (предварительно)",3,False,1,0,1,0,150000.0,0.0,0.0,конечный получатель в пределах выгрузки,1119
100000002459832100,terminal,0.5,0,0.6983985765124555,"конечный получатель в пределах выгрузки: входящих 2, исходящих 0, получено 880,606 ₸ (предварительно)",3,False,2,0,2,0,880606.0,0.0,0.0,конечный получатель в пределах выгрузки,598
100000002462183100,terminal,0.5,6,0.3173932384341637,"конечный получатель в пределах выгрузки: входящих 1, исходящих 0, получено 107,500 ₸ (предварительно)",1,False,1,0,3,0,107500.0,0.0,0.0,конечный получатель в пределах выгрузки,1120
100000002469065100,terminal,0.5,0,0.3173932384341637,"конечный получатель в пределах выгрузки: входящих 1, исходящих 0, получено 200,000 ₸ (предварительно)",2,False,1,0,1,0,200000.0,0.0,0.0,конечный получатель в пределах выгрузки,1121
100000002472632100,peripheral,0.5,0,0.8111654804270463,"периферия, признаков роли не выявлено: входящих 2, исходящих 1, получено 502,400 ₸ (предварительно)",3,False,2,1,3,1,502400.0,20000.0,0.03980891719745223,"периферия, признаков роли не выявлено",372
100000002474570100,peripheral,0.5,0,0.3173932384341637,"периферия, признаков роли не выявлено: входящих 1, исходящих 0, получено 6,750 ₸ (предварительно)",4,False,1,0,1,0,6750.0,0.0,0.0,"периферия, признаков роли не выявлено",1122
100000002475601100,terminal,0.5,0,0.3173932384341637,"конечный получатель в пределах выгрузки: входящих 1, исходящих 0, получено 232,301 ₸ (предварительно)",3,False,1,0,1,0,232301.0,0.0,0.0,конечный получатель в пределах выгрузки,1123
100000002478829100,peripheral,0.5,0,0.3173932384341637,"периферия, признаков роли не выявлено: входящих 1, исходящих 0, получено 34,000 ₸ (предварительно)",4,False,1,0,1,0,34000.0,0.0,0.0,"периферия, признаков роли не выявлено",1124
100000002479804100,peripheral,0.5,0,0.8111654804270463,"периферия, признаков роли не выявлено: входящих 1, исходящих 2, получено 46,000 ₸ (предварительно)",1,False,1,2,1,2,46000.0,35300.0,0.7673913043478261,"периферия, признаков роли не выявлено",373
100000002480800100,terminal,0.5,0,0.6983985765124555,"конечный получатель в пределах выгрузки: входящих 2, исходящих 0, получено 569,251 ₸ (предварительно)",1,False,2,0,2,0,569251.0,0.0,0.0,конечный получатель в пределах выгрузки,599
100000002481735100,terminal,0.5,0,0.3173932384341637,"конечный получатель в пределах выгрузки: входящих 1, исходящих 0, получено 22,436 ₸ (предварительно)",2,False,1,0,2,0,22436.0,0.0,0.0,конечный получатель в пределах выгрузки,1125
100000002481974100,peripheral,0.5,0,0.8698843416370107,"периферия, признаков роли не выявлено: входящих 2, исходящих 2, получено 89,447 ₸ (предварительно)",3,False,2,2,2,4,89447.0,318000.0,3.5551779265934016,"периферия, признаков роли не выявлено",267
100000002487222100,peripheral,0.5,0,0.3173932384341637,"периферия, признаков роли не выявлено: входящих 1, исходящих 0, получено 90,000 ₸ (предварительно)",4,False,1,0,2,0,90000.0,0.0,0.0,"периферия, признаков роли не выявлено",1126
100000002488629100,terminal,0.5,0,0.3173932384341637,"конечный получатель в пределах выгрузки: входящих 1, исходящих 0, получено 73,050 ₸ (предварительно)",2,False,1,0,1,0,73050.0,0.0,0.0,конечный получатель в пределах выгрузки,1127
100000002489253100,terminal,0.5,0,0.3173932384341637,"конечный получатель в пределах выгрузки: входящих 1, исходящих 0, получено 51,000 ₸ (предварительно)",2,False,1,0,1,0,51000.0,0.0,0.0,конечный получатель в пределах выгрузки,1128
100000002492277100,terminal,0.5,0,0.3173932384341637,"конечный получатель в пределах выгрузки: входящих 1, исходящих 0, получено 138,500 ₸ (предварительно)",2,False,1,0,1,0,138500.0,0.0,0.0,конечный получатель в пределах выгрузки,1129
100000002505277100,peripheral,0.5,0,0.3173932384341637,"периферия, признаков роли не выявлено: входящих 1, исходящих 0, получено 60,000 ₸ (предварительно)",4,False,1,0,1,0,60000.0,0.0,0.0,"периферия, признаков роли не выявлено",1130
100000002506987100,peripheral,0.5,0,0.3173932384341637,"периферия, признаков роли не выявлено: входящих 1, исходящих 0, получено 28,200 ₸ (предварительно)",4,False,1,0,1,0,28200.0,0.0,0.0,"периферия, признаков роли не выявлено",1131
100000002508637100,peripheral,0.5,0,0.6983985765124555,"периферия, признаков роли не выявлено: входящих 1, исходящих 1, получено 306,410 ₸ (предварительно)",3,False,1,1,1,1,306410.0,8000.0,0.02610880845925394,"периферия, признаков роли не выявлено",600
100000002509598100,terminal,0.5,0,0.3173932384341637,"конечный получатель в пределах выгрузки: входящих 1, исходящих 0, получено 305,550 ₸ (предварительно)",3,False,1,0,1,0,305550.0,0.0,0.0,конечный получатель в пределах выгрузки,1132
100000002511581100,terminal,0.5,1,0.3173932384341637,"конечный получатель в пределах выгрузки: входящих 1, исходящих 0, получено 17,600 ₸ (предварительно)",3,False,1,0,1,0,17600.0,0.0,0.0,конечный получатель в пределах выгрузки,1133
100000002511825100,terminal,0.5,0,0.3173932384341637,"конечный получатель в пределах выгрузки: входящих 1, исходящих 0, получено 65,000 ₸ (предварительно)",1,False,1,0,1,0,65000.0,0.0,0.0,конечный получатель в пределах выгрузки,1134
100000002512742100,peripheral,0.5,0,0.3173932384341637,"периферия, признаков роли не выявлено: входящих 1, исходящих 0, получено 6,000 ₸ (предварительно)",4,False,1,0,1,0,6000.0,0.0,0.0,"периферия, признаков роли не выявлено",1135
100000002513028100,peripheral,0.5,0,0.8698843416370107,"периферия, признаков роли не выявлено: входящих 1, исходящих 3, получено 9,500 ₸ (предварительно)",3,False,1,3,1,24,9500.0,332709.0,35.022,"периферия, признаков роли не выявлено",268
100000002514975100,peripheral,0.5,0,0.3173932384341637,"периферия, признаков роли не выявлено: входящих 1, исходящих 0, получено 17,920 ₸ (предварительно)",4,False,1,0,1,0,17920.0,0.0,0.0,"периферия, признаков роли не выявлено",1136
100000002516862100,peripheral,0.5,0,0.3173932384341637,"периферия, признаков роли не выявлено: входящих 1, исходящих 0, получено 81,710 ₸ (предварительно)",4,False,1,0,5,0,81710.0,0.0,0.0,"периферия, признаков роли не выявлено",1137
100000002521039100,terminal,0.5,0,0.3173932384341637,"конечный получатель в пределах выгрузки: входящих 1, исходящих 0, получено 349,370 ₸ (предварительно)",3,False,1,0,1,0,349370.0,0.0,0.0,конечный получатель в пределах выгрузки,1138
100000002527114100,distributor,0.5,1,0.9995551601423488,"признаки веерного распределения: входящих 3, исходящих 111, получено 129,000 ₸ (предварительно)",0,True,3,111,4,113,129000.0,3289249.0,25.49805426356589,признаки веерного распределения,2
100000002528544100,terminal,0.5,0,0.3173932384341637,"конечный получатель в пределах выгрузки: входящих 1, исходящих 0, получено 192,912 ₸ (предварительно)",3,False,1,0,1,0,192912.0,0.0,0.0,конечный получатель в пределах выгрузки,1139
100000002528978100,peripheral,0.5,0,0.3173932384341637,"периферия, признаков роли не выявлено: входящих 1, исходящих 0, получено 15,900 ₸ (предварительно)",4,False,1,0,1,0,15900.0,0.0,0.0,"периферия, признаков роли не выявлено",1140
100000002529877100,peripheral,0.5,0,0.3173932384341637,"периферия, признаков роли не выявлено: входящих 1, исходящих 0, получено 232,000 ₸ (предварительно)",4,False,1,0,1,0,232000.0,0.0,0.0,"периферия, признаков роли не выявлено",1141
100000002529880100,terminal,0.5,0,0.6983985765124555,"конечный получатель в пределах выгрузки: входящих 2, исходящих 0, получено 147,000 ₸ (предварительно)",3,False,2,0,2,0,147000.0,0.0,0.0,конечный получатель в пределах выгрузки,601
100000002530224100,terminal,0.5,0,0.3173932384341637,"конечный получатель в пределах выгрузки: входящих 1, исходящих 0, получено 113,000 ₸ (предварительно)",3,False,1,0,1,0,113000.0,0.0,0.0,конечный получатель в пределах выгрузки,1142
100000002531406100,transit,0.5,0,0.6983985765124555,"признаки транзитного счёта: входящих 1, исходящих 1, получено 520,000 ₸ (предварительно)",3,False,1,1,1,1,520000.0,500000.0,0.9615384615384616,признаки транзитного счёта,602
100000002534091100,terminal,0.5,0,0.3173932384341637,"конечный получатель в пределах выгрузки: входящих 1, исходящих 0, получено 22,200 ₸ (предварительно)",3,False,1,0,1,0,22200.0,0.0,0.0,конечный получатель в пределах выгрузки,1143
100000002537811100,peripheral,0.5,0,0.6983985765124555,"периферия, признаков роли не выявлено: входящих 1, исходящих 1, получено 52,000 ₸ (предварительно)",3,False,1,1,1,1,52000.0,15000.0,0.28846153846153844,"периферия, признаков роли не выявлено",603
100000002539625100,terminal,0.5,0,0.3173932384341637,"конечный получатель в пределах выгрузки: входящих 1, исходящих 0, получено 94,700 ₸ (предварительно)",2,False,1,0,1,0,94700.0,0.0,0.0,конечный получатель в пределах выгрузки,1144
100000002540033100,peripheral,0.5,0,0.3173932384341637,"периферия, признаков роли не выявлено: входящих 1, исходящих 0, получено 10,000 ₸ (предварительно)",4,False,1,0,1,0,10000.0,0.0,0.0,"периферия, признаков роли не выявлено",1145
100000002540623100,terminal,0.5,0,0.3173932384341637,"конечный получатель в пределах выгрузки: входящих 1, исходящих 0, получено 100,000 ₸ (предварительно)",2,False,1,0,1,0,100000.0,0.0,0.0,конечный получатель в пределах выгрузки,1146
100000002546921100,terminal,0.5,0,0.3173932384341637,"конечный получатель в пределах выгрузки: входящих 1, исходящих 0, получено 20,000 ₸ (предварительно)",3,False,1,0,1,0,20000.0,0.0,0.0,конечный получатель в пределах выгрузки,1147
100000002547110100,consolidator,0.5,0,0.922153024911032,"признаки точки консолидации: входящих 6, исходящих 0, получено 1,500,000 ₸ (предварительно)",3,False,6,0,10,0,1500000.0,0.0,0.0,признаки точки консолидации,163
100000002548759100,terminal,0.5,0,0.6983985765124555,"конечный получатель в пределах выгрузки: входящих 2, исходящих 0, получено 375,000 ₸ (предварительно)",3,False,2,0,2,0,375000.0,0.0,0.0,конечный получатель в пределах выгрузки,604
100000002550141100,terminal,0.5,0,0.3173932384341637,"конечный получатель в пределах выгрузки: входящих 1, исходящих 0, получено 100,586 ₸ (предварительно)",3,False,1,0,1,0,100586.0,0.0,0.0,конечный получатель в пределах выгрузки,1148
100000002554175100,terminal,0.5,0,0.3173932384341637,"конечный получатель в пределах выгрузки: входящих 1, исходящих 0, получено 24,621 ₸ (предварительно)",3,False,1,0,1,0,24621.0,0.0,0.0,конечный получатель в пределах выгрузки,1149
100000002556775100,terminal,0.5,0,0.3173932384341637,"конечный получатель в пределах выгрузки: входящих 1, исходящих 0, получено 300,000 ₸ (предварительно)",3,False,1,0,1,0,300000.0,0.0,0.0,конечный получатель в пределах выгрузки,1150
100000002558173100,terminal,0.5,0,0.3173932384341637,"конечный получатель в пределах выгрузки: входящих 1, исходящих 0, получено 9,300 ₸ (предварительно)",2,False,1,0,1,0,9300.0,0.0,0.0,конечный получатель в пределах выгрузки,1151
100000002559089100,terminal,0.5,0,0.6983985765124555,"конечный получатель в пределах выгрузки: входящих 2, исходящих 0, получено 715,000 ₸ (предварительно)",3,False,2,0,2,0,715000.0,0.0,0.0,конечный получатель в пределах выгрузки,605
100000002565277100,terminal,0.5,0,0.3173932384341637,"конечный получатель в пределах выгрузки: входящих 1, исходящих 0, получено 483,319 ₸ (предварительно)",1,False,1,0,1,0,483319.0,0.0,0.0,конечный получатель в пределах выгрузки,1152
100000002566204100,terminal,0.5,0,0.3173932384341637,"конечный получатель в пределах выгрузки: входящих 1, исходящих 0, получено 80,805 ₸ (предварительно)",2,False,1,0,1,0,80805.0,0.0,0.0,конечный получатель в пределах выгрузки,1153
100000002567887100,terminal,0.5,0,0.3173932384341637,"конечный получатель в пределах выгрузки: входящих 1, исходящих 0, получено 50,915 ₸ (предварительно)",3,False,1,0,1,0,50915.0,0.0,0.0,конечный получатель в пределах выгрузки,1154
100000002570206100,terminal,0.5,0,0.6983985765124555,"конечный получатель в пределах выгрузки: входящих 2, исходящих 0, получено 166,960 ₸ (предварительно)",2,False,2,0,2,0,166959.6,0.0,0.0,конечный получатель в пределах выгрузки,606
100000002575080100,transit,0.5,0,0.6983985765124555,"признаки транзитного счёта: входящих 1, исходящих 1, получено 13,000 ₸ (предварительно)",3,False,1,1,1,1,13000.0,12500.0,0.9615384615384616,признаки транзитного счёта,607
100000002578405100,distributor,0.5,1,1.0,"признаки веерного распределения: входящих 2, исходящих 116, получено 1,200,351 ₸ (предварительно)",2,False,2,116,7,120,1200351.0,3108352.0,2.589535894084314,признаки веерного распределения,1
100000002578653100,terminal,0.5,0,0.3173932384341637,"конечный получатель в пределах выгрузки: входящих 1, исходящих 0, получено 20,000 ₸ (предварительно)",3,False,1,0,1,0,20000.0,0.0,0.0,конечный получатель в пределах выгрузки,1155
100000002580377100,peripheral,0.5,0,0.6983985765124555,"периферия, признаков роли не выявлено: входящих 1, исходящих 1, получено 37,750 ₸ (предварительно)",1,False,1,1,2,1,37750.0,5000.0,0.13245033112582782,"периферия, признаков роли не выявлено",608
100000002581346100,terminal,0.5,0,0.3173932384341637,"конечный получатель в пределах выгрузки: входящих 1, исходящих 0, получено 166,400 ₸ (предварительно)",3,False,1,0,1,0,166400.0,0.0,0.0,конечный получатель в пределах выгрузки,1156
100000002589019100,terminal,0.5,0,0.3173932384341637,"конечный получатель в пределах выгрузки: входящих 1, исходящих 0, получено 34,710 ₸ (предварительно)",1,False,1,0,1,0,34710.0,0.0,0.0,конечный получатель в пределах выгрузки,1157
100000002591469100,terminal,0.5,0,0.3173932384341637,"конечный получатель в пределах выгрузки: входящих 1, исходящих 0, получено 235,670 ₸ (предварительно)",1,False,1,0,1,0,235670.0,0.0,0.0,конечный получатель в пределах выгрузки,1158
100000002592567100,peripheral,0.5,0,0.8111654804270463,"периферия, признаков роли не выявлено: входящих 1, исходящих 2, получено 5,297 ₸ (предварительно)",1,False,1,2,1,2,5297.0,48600.0,9.175004719652634,"периферия, признаков роли не выявлено",374
100000002593038100,terminal,0.5,0,0.3173932384341637,"конечный получатель в пределах выгрузки: входящих 1, исходящих 0, получено 28,500 ₸ (предварительно)",2,False,1,0,1,0,28500.0,0.0,0.0,конечный получатель в пределах выгрузки,1159
100000002593344100,terminal,0.5,0,0.6983985765124555,"конечный получатель в пределах выгрузки: входящих 2, исходящих 0, получено 431,000 ₸ (предварительно)",3,False,2,0,2,0,431000.0,0.0,0.0,конечный получатель в пределах выгрузки,609
100000002594214100,peripheral,0.5,0,0.3173932384341637,"периферия, признаков роли не выявлено: входящих 1, исходящих 0, получено 1,000,000 ₸ (предварительно)",4,False,1,0,1,0,1000000.0,0.0,0.0,"периферия, признаков роли не выявлено",1160
100000002596035100,terminal,0.5,0,0.3173932384341637,"конечный получатель в пределах выгрузки: входящих 1, исходящих 0, получено 231,570 ₸ (предварительно)",1,False,1,0,1,0,231570.0,0.0,0.0,конечный получатель в пределах выгрузки,1161
100000002596039100,peripheral,0.5,0,0.3173932384341637,"периферия, признаков роли не выявлено: входящих 1, исходящих 0, получено 280,000 ₸ (предварительно)",4,False,1,0,1,0,280000.0,0.0,0.0,"периферия, признаков роли не выявлено",1162
100000002597003100,peripheral,0.5,0,0.6983985765124555,"периферия, признаков роли не выявлено: входящих 1, исходящих 1, получено 17,700 ₸ (предварительно)",1,False,1,1,1,1,17700.0,11000.0,0.6214689265536724,"периферия, признаков роли не выявлено",610
100000002597074100,peripheral,0.5,0,0.3173932384341637,"периферия, признаков роли не выявлено: входящих 1, исходящих 0, получено 8,000 ₸ (предварительно)",4,False,1,0,1,0,8000.0,0.0,0.0,"периферия, признаков роли не выявлено",1163
100000002597623100,terminal,0.5,0,0.3173932384341637,"конечный получатель в пределах выгрузки: входящих 1, исходящих 0, получено 16,418 ₸ (предварительно)",3,False,1,0,1,0,16418.0,0.0,0.0,конечный получатель в пределах выгрузки,1164
100000002599729100,peripheral,0.5,0,0.3173932384341637,"периферия, признаков роли не выявлено: входящих 1, исходящих 0, получено 65,000 ₸ (предварительно)",4,False,1,0,2,0,65000.0,0.0,0.0,"периферия, признаков роли не выявлено",1165
100000002600345100,terminal,0.5,0,0.6983985765124555,"конечный получатель в пределах выгрузки: входящих 2, исходящих 0, получено 52,400 ₸ (предварительно)",1,False,2,0,2,0,52400.0,0.0,0.0,конечный получатель в пределах выгрузки,611
100000002603371100,terminal,0.5,0,0.3173932384341637,"конечный получатель в пределах выгрузки: входящих 1, исходящих 0, получено 9,300 ₸ (предварительно)",3,False,1,0,1,0,9300.0,0.0,0.0,конечный получатель в пределах выгрузки,1166
100000002603478100,terminal,0.5,0,0.3173932384341637,"конечный получатель в пределах выгрузки: входящих 1, исходящих 0, получено 23,500 ₸ (предварительно)",1,False,1,0,1,0,23500.0,0.0,0.0,конечный получатель в пределах выгрузки,1167
100000002603769100,terminal,0.5,0,0.8111654804270463,"конечный получатель в пределах выгрузки: входящих 3, исходящих 0, получено 1,185,368 ₸ (предварительно)",1,False,3,0,3,0,1185368.0,0.0,0.0,конечный получатель в пределах выгрузки,375
100000002605184100,terminal,0.5,0,0.3173932384341637,"конечный получатель в пределах выгрузки: входящих 1, исходящих 0, получено 140,000 ₸ (предварительно)",2,False,1,0,1,0,140000.0,0.0,0.0,конечный получатель в пределах выгрузки,1168
100000002605308100,terminal,0.5,0,0.8111654804270463,"конечный получатель в пределах выгрузки: входящих 3, исходящих 0, получено 2,569,522 ₸ (предварительно)",2,False,3,0,7,0,2569521.84,0.0,0.0,конечный получатель в пределах выгрузки,376
100000002605548100,terminal,0.5,0,0.6983985765124555,"конечный получатель в пределах выгрузки: входящих 2, исходящих 0, получено 116,695 ₸ (предварительно)",1,False,2,0,2,0,116695.0,0.0,0.0,конечный получатель в пределах выгрузки,612
100000002606567100,peripheral,0.5,0,0.6983985765124555,"периферия, признаков роли не выявлено: входящих 1, исходящих 1, получено 14,095 ₸ (предварительно)",1,False,1,1,1,1,14095.0,53000.0,3.7601986520042567,"периферия, признаков роли не выявлено",613
100000002609774100,peripheral,0.5,0,0.6983985765124555,"периферия, признаков роли не выявлено: входящих 1, исходящих 1, получено 7,700 ₸ (предварительно)",1,False,1,1,1,1,7700.0,27500.0,3.5714285714285716,"периферия, признаков роли не выявлено",614
100000002611334100,peripheral,0.5,0,0.6983985765124555,"периферия, признаков роли не выявлено: входящих 1, исходящих 1, получено 48,288 ₸ (предварительно)",3,False,1,1,1,1,48288.0,15500.0,0.3209907223326706,"периферия, признаков роли не выявлено",615
100000002612809100,peripheral,0.5,0,0.8698843416370107,"периферия, признаков роли не выявлено: входящих 1, исходящих 3, получено 30,000 ₸ (предварительно)",3,False,1,3,2,4,30000.0,114000.0,3.8,"периферия, признаков роли не выявлено",269
100000002613776100,terminal,0.5,0,0.3173932384341637,"конечный получатель в пределах выгрузки: входящих 1, исходящих 0, получено 30,000 ₸ (предварительно)",2,False,1,0,2,0,30000.0,0.0,0.0,конечный получатель в пределах выгрузки,1169
100000002613929100,terminal,0.5,0,0.3173932384341637,"конечный получатель в пределах выгрузки: входящих 1, исходящих 0, получено 28,560 ₸ (предварительно)",3,False,1,0,1,0,28560.0,0.0,0.0,конечный получатель в пределах выгрузки,1170
100000002614095100,terminal,0.5,1,0.3173932384341637,"конечный получатель в пределах выгрузки: входящих 1, исходящих 0, получено 5,300 ₸ (предварительно)",3,False,1,0,1,0,5300.0,0.0,0.0,конечный получатель в пределах выгрузки,1171
100000002615479100,terminal,0.5,0,0.3173932384341637,"конечный получатель в пределах выгрузки: входящих 1, исходящих 0, получено 220,000 ₸ (предварительно)",1,False,1,0,1,0,220000.0,0.0,0.0,конечный получатель в пределах выгрузки,1172
100000002618492100,terminal,0.5,0,0.6983985765124555,"конечный получатель в пределах выгрузки: входящих 2, исходящих 0, получено 296,500 ₸ (предварительно)",1,False,2,0,2,0,296500.0,0.0,0.0,конечный получатель в пределах выгрузки,616
100000002621434100,terminal,0.5,0,0.3173932384341637,"конечный получатель в пределах выгрузки: входящих 1, исходящих 0, получено 81,000 ₸ (предварительно)",3,False,1,0,1,0,81000.0,0.0,0.0,конечный получатель в пределах выгрузки,1173
100000002621915100,terminal,0.5,0,0.3173932384341637,"конечный получатель в пределах выгрузки: входящих 1, исходящих 0, получено 5,000 ₸ (предварительно)",2,False,1,0,1,0,5000.0,0.0,0.0,конечный получатель в пределах выгрузки,1174
100000002621949100,terminal,0.5,0,0.3173932384341637,"конечный получатель в пределах выгрузки: входящих 1, исходящих 0, получено 164,612 ₸ (предварительно)",1,False,1,0,1,0,164612.0,0.0,0.0,конечный получатель в пределах выгрузки,1175
100000002622822100,peripheral,0.5,0,0.3173932384341637,"периферия, признаков роли не выявлено: входящих 1, исходящих 0, получено 750,000 ₸ (предварительно)",4,False,1,0,1,0,750000.0,0.0,0.0,"периферия, признаков роли не выявлено",1176
100000002628146100,terminal,0.5,0,0.3173932384341637,"конечный получатель в пределах выгрузки: входящих 1, исходящих 0, получено 30,500 ₸ (предварительно)",2,False,1,0,2,0,30500.0,0.0,0.0,конечный получатель в пределах выгрузки,1177
100000002628576100,peripheral,0.5,0,0.8698843416370107,"периферия, признаков роли не выявлено: входящих 2, исходящих 2, получено 727,882 ₸ (предварительно)",3,False,2,2,3,2,727882.0,539000.0,0.7405046422359668,"периферия, признаков роли не выявлено",270
100000002632742100,terminal,0.5,0,0.6983985765124555,"конечный получатель в пределах выгрузки: входящих 2, исходящих 0, получено 235,500 ₸ (предварительно)",3,False,2,0,2,0,235500.0,0.0,0.0,конечный получатель в пределах выгрузки,617
100000002633108100,terminal,0.5,0,0.3173932384341637,"конечный получатель в пределах выгрузки: входящих 1, исходящих 0, получено 320,000 ₸ (предварительно)",3,False,1,0,3,0,320000.0,0.0,0.0,конечный получатель в пределах выгрузки,1178
100000002633701100,terminal,0.5,0,0.3173932384341637,"конечный получатель в пределах выгрузки: входящих 1, исходящих 0, получено 266,850 ₸ (предварительно)",2,False,1,0,1,0,266850.0,0.0,0.0,конечный получатель в пределах выгрузки,1179
100000002635746100,peripheral,0.5,0,0.3173932384341637,"периферия, признаков роли не выявлено: входящих 1, исходящих 0, получено 5,300 ₸ (предварительно)",4,False,1,0,1,0,5300.0,0.0,0.0,"периферия, признаков роли не выявлено",1180
100000002635780100,terminal,0.5,0,0.3173932384341637,"конечный получатель в пределах выгрузки: входящих 1, исходящих 0, получено 163,000 ₸ (предварительно)",2,False,1,0,1,0,163000.02,0.0,0.0,конечный получатель в пределах выгрузки,1181
100000002644285100,terminal,0.5,0,0.3173932384341637,"конечный получатель в пределах выгрузки: входящих 1, исходящих 0, получено 500,000 ₸ (предварительно)",3,False,1,0,1,0,500000.0,0.0,0.0,конечный получатель в пределах выгрузки,1182
100000002645046100,peripheral,0.5,0,0.3173932384341637,"периферия, признаков роли не выявлено: входящих 1, исходящих 0, получено 12,000 ₸ (предварительно)",4,False,1,0,1,0,12000.0,0.0,0.0,"периферия, признаков роли не выявлено",1183
100000002645609100,terminal,0.5,0,0.8698843416370107,"конечный получатель в пределах выгрузки: входящих 4, исходящих 0, получено 546,821 ₸ (предварительно)",1,False,4,0,5,0,546820.6799999999,0.0,0.0,конечный получатель в пределах выгрузки,271
100000002645993100,peripheral,0.5,0,0.9377224199288257,"периферия, признаков роли не выявлено: входящих 2, исходящих 5, получено 49,650 ₸ (предварительно)",3,False,2,5,4,9,49650.0,86980.0,1.7518630412890233,"периферия, признаков роли не выявлено",133
100000002646745100,terminal,0.5,1,0.3173932384341637,"конечный получатель в пределах выгрузки: входящих 1, исходящих 0, получено 12,300 ₸ (предварительно)",3,False,1,0,1,0,12300.0,0.0,0.0,конечный получатель в пределах выгрузки,1184
100000002646887100,terminal,0.5,0,0.3173932384341637,"конечный получатель в пределах выгрузки: входящих 1, исходящих 0, получено 24,354 ₸ (предварительно)",3,False,1,0,1,0,24354.0,0.0,0.0,конечный получатель в пределах выгрузки,1185
100000002648315100,peripheral,0.5,0,0.8111654804270463,"периферия, признаков роли не выявлено: входящих 1, исходящих 2, получено 132,000 ₸ (предварительно)",1,False,1,2,1,3,132000.0,76000.0,0.5757575757575758,"периферия, признаков роли не выявлено",377
100000002653187100,peripheral,0.5,0,0.3173932384341637,"периферия, признаков роли не выявлено: входящих 1, исходящих 0, получено 15,000 ₸ (предварительно)",4,False,1,0,1,0,15000.0,0.0,0.0,"периферия, признаков роли не выявлено",1186
100000002653948100,terminal,0.5,0,0.3173932384341637,"конечный получатель в пределах выгрузки: входящих 1, исходящих 0, получено 85,200 ₸ (предварительно)",3,False,1,0,1,0,85200.0,0.0,0.0,конечный получатель в пределах выгрузки,1187
100000002659103100,peripheral,0.5,0,0.3173932384341637,"периферия, признаков роли не выявлено: входящих 1, исходящих 0, получено 165,000 ₸ (предварительно)",4,False,1,0,1,0,165000.0,0.0,0.0,"периферия, признаков роли не выявлено",1188
100000002659265100,peripheral,0.5,0,0.3173932384341637,"периферия, признаков роли не выявлено: входящих 1, исходящих 0, получено 141,000 ₸ (предварительно)",4,False,1,0,1,0,141000.0,0.0,0.0,"периферия, признаков роли не выявлено",1189
100000002660298100,peripheral,0.5,0,0.3173932384341637,"периферия, признаков роли не выявлено: входящих 1, исходящих 0, получено 30,900 ₸ (предварительно)",4,False,1,0,1,0,30900.0,0.0,0.0,"периферия, признаков роли не выявлено",1190
100000002662768100,terminal,0.5,0,0.3173932384341637,"конечный получатель в пределах выгрузки: входящих 1, исходящих 0, получено 84,300 ₸ (предварительно)",1,False,1,0,1,0,84300.0,0.0,0.0,конечный получатель в пределах выгрузки,1191
100000002663511100,terminal,0.5,0,0.3173932384341637,"конечный получатель в пределах выгрузки: входящих 1, исходящих 0, получено 268,940 ₸ (предварительно)",3,False,1,0,1,0,268940.0,0.0,0.0,конечный получатель в пределах выгрузки,1192
100000002666248100,terminal,0.5,0,0.3173932384341637,"конечный получатель в пределах выгрузки: входящих 1, исходящих 0, получено 70,032 ₸ (предварительно)",1,False,1,0,1,0,70032.0,0.0,0.0,конечный получатель в пределах выгрузки,1193
100000002670463100,peripheral,0.5,0,0.3173932384341637,"периферия, признаков роли не выявлено: входящих 1, исходящих 0, получено 31,500 ₸ (предварительно)",4,False,1,0,1,0,31500.0,0.0,0.0,"периферия, признаков роли не выявлено",1194
100000002670860100,terminal,0.5,0,0.6983985765124555,"конечный получатель в пределах выгрузки: входящих 2, исходящих 0, получено 450,000 ₸ (предварительно)",1,False,2,0,2,0,450000.0,0.0,0.0,конечный получатель в пределах выгрузки,618
100000002670960100,terminal,0.5,0,0.3173932384341637,"конечный получатель в пределах выгрузки: входящих 1, исходящих 0, получено 480,310 ₸ (предварительно)",3,False,1,0,1,0,480310.0,0.0,0.0,конечный получатель в пределах выгрузки,1195
100000002671326100,peripheral,0.5,0,0.3173932384341637,"периферия, признаков роли не выявлено: входящих 1, исходящих 0, получено 1,050,000 ₸ (предварительно)",4,False,1,0,2,0,1050000.0,0.0,0.0,"периферия, признаков роли не выявлено",1196
100000002671806100,terminal,0.5,0,0.3173932384341637,"конечный получатель в пределах выгрузки: входящих 1, исходящих 0, получено 12,440 ₸ (предварительно)",1,False,1,0,1,0,12440.0,0.0,0.0,конечный получатель в пределах выгрузки,1197
100000002677201100,peripheral,0.5,0,0.6983985765124555,"периферия, признаков роли не выявлено: входящих 1, исходящих 1, получено 150,000 ₸ (предварительно)",3,False,1,1,1,1,150000.0,87750.0,0.585,"периферия, признаков роли не выявлено",619
100000002679516100,terminal,0.5,0,0.8111654804270463,"конечный получатель в пределах выгрузки: входящих 3, исходящих 0, получено 102,335 ₸ (предварительно)",1,False,3,0,3,0,102335.0,0.0,0.0,конечный получатель в пределах выгрузки,378
100000002680477100,terminal,0.5,0,0.3173932384341637,"конечный получатель в пределах выгрузки: входящих 1, исходящих 0, получено 25,000 ₸ (предварительно)",2,False,1,0,1,0,25000.0,0.0,0.0,конечный получатель в пределах выгрузки,1198
100000002681449100,peripheral,0.5,0,0.8698843416370107,"периферия, признаков роли не выявлено: входящих 2, исходящих 2, получено 94,638 ₸ (предварительно)",1,False,2,2,2,2,94638.0,133000.0,1.4053551427544961,"периферия, признаков роли не выявлено",272
100000002681544100,terminal,0.5,0,0.6983985765124555,"конечный получатель в пределах выгрузки: входящих 2, исходящих 0, получено 166,072 ₸ (предварительно)",3,False,2,0,2,0,166072.0,0.0,0.0,конечный получатель в пределах выгрузки,620
100000002686226100,peripheral,0.5,0,0.3173932384341637,"периферия, признаков роли не выявлено: входящих 1, исходящих 0, получено 430,000 ₸ (предварительно)",4,False,1,0,2,0,430000.0,0.0,0.0,"периферия, признаков роли не выявлено",1199
100000002689717100,peripheral,0.5,0,0.3173932384341637,"периферия, признаков роли не выявлено: входящих 1, исходящих 0, получено 47,500 ₸ (предварительно)",4,False,1,0,1,0,47500.0,0.0,0.0,"периферия, признаков роли не выявлено",1200
100000002691583100,terminal,0.5,0,0.3173932384341637,"конечный получатель в пределах выгрузки: входящих 1, исходящих 0, получено 285,200 ₸ (предварительно)",3,False,1,0,1,0,285200.0,0.0,0.0,конечный получатель в пределах выгрузки,1201
100000002691858100,terminal,0.5,0,0.3173932384341637,"конечный получатель в пределах выгрузки: входящих 1, исходящих 0, получено 51,500 ₸ (предварительно)",2,False,1,0,1,0,51500.0,0.0,0.0,конечный получатель в пределах выгрузки,1202
100000002692044100,terminal,0.5,0,0.3173932384341637,"конечный получатель в пределах выгрузки: входящих 1, исходящих 0, получено 97,000 ₸ (предварительно)",1,False,1,0,1,0,97000.0,0.0,0.0,конечный получатель в пределах выгрузки,1203
100000002692750100,peripheral,0.5,0,0.8698843416370107,"периферия, признаков роли не выявлено: входящих 3, исходящих 1, получено 112,830 ₸ (предварительно)",2,False,3,1,3,8,112830.0,77000.0,0.682442612780289,"периферия, признаков роли не выявлено",273
100000002695812100,peripheral,0.5,0,0.3173932384341637,"периферия, признаков роли не выявлено: входящих 1, исходящих 0, получено 95,000 ₸ (предварительно)",4,False,1,0,1,0,95000.0,0.0,0.0,"периферия, признаков роли не выявлено",1204
100000002696152100,peripheral,0.5,0,0.8111654804270463,"периферия, признаков роли не выявлено: входящих 1, исходящих 2, получено 21,800 ₸ (предварительно)",3,False,1,2,3,8,21800.0,69000.0,3.165137614678899,"периферия, признаков роли не выявлено",379
100000002697752100,terminal,0.5,0,0.6983985765124555,"конечный получатель в пределах выгрузки: входящих 2, исходящих 0, получено 190,785 ₸ (предварительно)",3,False,2,0,2,0,190785.0,0.0,0.0,конечный получатель в пределах выгрузки,621
100000002700161100,peripheral,0.5,0,0.3173932384341637,"периферия, признаков роли не выявлено: входящих 1, исходящих 0, получено 39,000 ₸ (предварительно)",4,False,1,0,1,0,39000.0,0.0,0.0,"периферия, признаков роли не выявлено",1205
100000002702968100,peripheral,0.5,0,0.3173932384341637,"периферия, признаков роли не выявлено: входящих 1, исходящих 0, получено 31,600 ₸ (предварительно)",4,False,1,0,1,0,31600.0,0.0,0.0,"периферия, признаков роли не выявлено",1206
100000002703376100,terminal,0.5,0,0.3173932384341637,"конечный получатель в пределах выгрузки: входящих 1, исходящих 0, получено 46,501 ₸ (предварительно)",2,False,1,0,1,0,46501.0,0.0,0.0,конечный получатель в пределах выгрузки,1207
100000002704875100,terminal,0.5,0,0.8111654804270463,"конечный получатель в пределах выгрузки: входящих 3, исходящих 0, получено 244,891 ₸ (предварительно)",1,False,3,0,4,0,244891.0,0.0,0.0,конечный получатель в пределах выгрузки,380
100000002705460100,terminal,0.5,0,0.3173932384341637,"конечный получатель в пределах выгрузки: входящих 1, исходящих 0, получено 95,000 ₸ (предварительно)",3,False,1,0,1,0,95000.0,0.0,0.0,конечный получатель в пределах выгрузки,1208
100000002706810100,peripheral,0.5,0,0.3173932384341637,"периферия, признаков роли не выявлено: входящих 1, исходящих 0, получено 45,000 ₸ (предварительно)",4,False,1,0,1,0,45000.0,0.0,0.0,"периферия, признаков роли не выявлено",1209
100000002707106100,peripheral,0.5,0,0.3173932384341637,"периферия, признаков роли не выявлено: входящих 1, исходящих 0, получено 15,000 ₸ (предварительно)",4,False,1,0,2,0,15000.0,0.0,0.0,"периферия, признаков роли не выявлено",1210
100000002708624100,terminal,0.5,0,0.3173932384341637,"конечный получатель в пределах выгрузки: входящих 1, исходящих 0, получено 25,000 ₸ (предварительно)",3,False,1,0,1,0,25000.0,0.0,0.0,конечный получатель в пределах выгрузки,1211
100000002710570100,terminal,0.5,0,0.3173932384341637,"конечный получатель в пределах выгрузки: входящих 1, исходящих 0, получено 225,015 ₸ (предварительно)",2,False,1,0,1,0,225015.0,0.0,0.0,конечный получатель в пределах выгрузки,1212
100000002712416100,terminal,0.5,0,0.6983985765124555,"конечный получатель в пределах выгрузки: входящих 2, исходящих 0, получено 116,800 ₸ (предварительно)",3,False,2,0,2,0,116800.0,0.0,0.0,конечный получатель в пределах выгрузки,622
100000002713074100,peripheral,0.5,0,0.8111654804270463,"периферия, признаков роли не выявлено: входящих 2, исходящих 1, получено 700,000 ₸ (предварительно)",3,False,2,1,2,2,700000.0,430000.0,0.6142857142857143,"периферия, признаков роли не выявлено",381
100000002713974100,peripheral,0.5,0,0.3173932384341637,"периферия, признаков роли не выявлено: входящих 1, исходящих 0, получено 50,000 ₸ (предварительно)",4,False,1,0,1,0,50000.0,0.0,0.0,"периферия, признаков роли не выявлено",1213
100000002718366100,consolidator,0.5,0,0.922153024911032,"признаки точки консолидации: входящих 6, исходящих 0, получено 2,525,000 ₸ (предварительно)",2,False,6,0,10,0,2525000.0,0.0,0.0,признаки точки консолидации,164
100000002720627100,terminal,0.5,0,0.3173932384341637,"конечный получатель в пределах выгрузки: входящих 1, исходящих 0, получено 199,300 ₸ (предварительно)",1,False,1,0,1,0,199300.0,0.0,0.0,конечный получатель в пределах выгрузки,1214
100000002721825100,terminal,0.5,0,0.3173932384341637,"конечный получатель в пределах выгрузки: входящих 1, исходящих 0, получено 11,000 ₸ (предварительно)",2,False,1,0,1,0,11000.0,0.0,0.0,конечный получатель в пределах выгрузки,1215
100000002722108100,terminal,0.5,0,0.3173932384341637,"конечный получатель в пределах выгрузки: входящих 1, исходящих 0, получено 800,000 ₸ (предварительно)",3,False,1,0,2,0,800000.0,0.0,0.0,конечный получатель в пределах выгрузки,1216
100000002723439100,peripheral,0.5,0,0.3173932384341637,"периферия, признаков роли не выявлено: входящих 1, исходящих 0, получено 18,000 ₸ (предварительно)",4,False,1,0,2,0,18000.0,0.0,0.0,"периферия, признаков роли не выявлено",1217
100000002723538100,distributor,0.5,0,0.9775355871886121,"признаки веерного распределения: входящих 3, исходящих 12, получено 105,647 ₸ (предварительно)",2,False,3,12,3,14,105647.0,560499.0,5.305394379395534,признаки веерного распределения,50
100000002723674100,peripheral,0.5,0,0.3173932384341637,"периферия, признаков роли не выявлено: входящих 1, исходящих 0, получено 30,000 ₸ (предварительно)",4,False,1,0,1,0,30000.0,0.0,0.0,"периферия, признаков роли не выявлено",1218
100000002726055100,peripheral,0.5,0,0.3173932384341637,"периферия, признаков роли не выявлено: входящих 1, исходящих 0, получено 10,000 ₸ (предварительно)",4,False,1,0,1,0,10000.0,0.0,0.0,"периферия, признаков роли не выявлено",1219
100000002727288100,terminal,0.5,0,0.3173932384341637,"конечный получатель в пределах выгрузки: входящих 1, исходящих 0, получено 16,000 ₸ (предварительно)",3,False,1,0,1,0,16000.0,0.0,0.0,конечный получатель в пределах выгрузки,1220
100000002728246100,peripheral,0.5,0,0.3173932384341637,"периферия, признаков роли не выявлено: входящих 1, исходящих 0, получено 10,000 ₸ (предварительно)",4,False,1,0,1,0,10000.0,0.0,0.0,"периферия, признаков роли не выявлено",1221
100000002729875100,peripheral,0.5,0,0.3173932384341637,"периферия, признаков роли не выявлено: входящих 1, исходящих 0, получено 76,000 ₸ (предварительно)",4,False,1,0,1,0,76000.0,0.0,0.0,"периферия, признаков роли не выявлено",1222
100000002731501100,peripheral,0.5,2,0.9621886120996441,"периферия, признаков роли не выявлено: входящих 3, исходящих 7, получено 570,370 ₸ (предварительно)",1,False,3,7,7,20,570370.0,833960.0,1.4621386117783193,"периферия, признаков роли не выявлено",80
100000002733083100,peripheral,0.5,0,0.3173932384341637,"периферия, признаков роли не выявлено: входящих 1, исходящих 0, получено 15,200 ₸ (предварительно)",4,False,1,0,1,0,15200.0,0.0,0.0,"периферия, признаков роли не выявлено",1223
100000002733905100,peripheral,0.5,1,0.900355871886121,"периферия, признаков роли не выявлено: входящих 3, исходящих 2, получено 100,000 ₸ (предварительно)",2,False,3,2,5,3,100000.0,717839.0,7.17839,"периферия, признаков роли не выявлено",218
100000002734815100,peripheral,0.5,0,0.3173932384341637,"периферия, признаков роли не выявлено: входящих 1, исходящих 0, получено 110,000 ₸ (предварительно)",4,False,1,0,1,0,110000.0,0.0,0.0,"периферия, признаков роли не выявлено",1224
100000002736033100,peripheral,0.5,0,0.6983985765124555,"периферия, признаков роли не выявлено: входящих 1, исходящих 1, получено 34,530 ₸ (предварительно)",3,False,1,1,1,1,34530.0,11000.0,0.3185635679119606,"периферия, признаков роли не выявлено",623
100000002736316100,terminal,0.5,0,0.8111654804270463,"конечный получатель в пределах выгрузки: входящих 3, исходящих 0, получено 266,921 ₸ (предварительно)",3,False,3,0,3,0,266921.0,0.0,0.0,конечный получатель в пределах выгрузки,382
100000002737980100,terminal,0.5,0,0.3173932384341637,"конечный получатель в пределах выгрузки: входящих 1, исходящих 0, получено 32,900 ₸ (предварительно)",3,False,1,0,1,0,32900.0,0.0,0.0,конечный получатель в пределах выгрузки,1225
100000002738256100,transit,0.5,8,0.6983985765124555,"признаки транзитного счёта: входящих 1, исходящих 1, получено 150,200 ₸ (предварительно)",2,False,1,1,1,1,150200.0,175000.0,1.1651131824234353,признаки транзитного счёта,624
100000002741024100,consolidator,0.5,0,0.9675266903914591,"признаки точки консолидации: входящих 5, исходящих 6, получено 817,981 ₸ (предварительно)",2,False,5,6,9,7,817980.85,434989.0,0.5317838431058625,признаки точки консолидации,71
100000002742067100,terminal,0.5,0,0.3173932384341637,"конечный получатель в пределах выгрузки: входящих 1, исходящих 0, получено 12,730 ₸ (предварительно)",2,False,1,0,1,0,12730.0,0.0,0.0,конечный получатель в пределах выгрузки,1226
100000002744581100,terminal,0.5,0,0.3173932384341637,"конечный получатель в пределах выгрузки: входящих 1, исходящих 0, получено 12,000 ₸ (предварительно)",2,False,1,0,1,0,12000.0,0.0,0.0,конечный получатель в пределах выгрузки,1227
100000002748040100,peripheral,0.5,0,0.3173932384341637,"периферия, признаков роли не выявлено: входящих 1, исходящих 0, получено 18,000 ₸ (предварительно)",4,False,1,0,1,0,18000.0,0.0,0.0,"периферия, признаков роли не выявлено",1228
100000002748180100,peripheral,0.5,0,0.957517793594306,"периферия, признаков роли не выявлено: входящих 1, исходящих 8, получено 9,900 ₸ (предварительно)",1,False,1,8,1,9,9900.0,679743.0,68.66090909090909,"периферия, признаков роли не выявлено",97
100000002748511100,peripheral,0.5,0,0.3173932384341637,"периферия, признаков роли не выявлено: входящих 1, исходящих 0, получено 20,000 ₸ (предварительно)",4,False,1,0,1,0,20000.0,0.0,0.0,"периферия, признаков роли не выявлено",1229
100000002748532100,peripheral,0.5,0,0.900355871886121,"периферия, признаков роли не выявлено: входящих 3, исходящих 2, получено 355,575 ₸ (предварительно)",2,False,3,2,3,7,355575.0,646685.0,1.8187021022287844,"периферия, признаков роли не выявлено",219
100000002748581100,terminal,0.5,0,0.3173932384341637,"конечный получатель в пределах выгрузки: входящих 1, исходящих 0, получено 41,180 ₸ (предварительно)",3,False,1,0,1,0,41180.0,0.0,0.0,конечный получатель в пределах выгрузки,1230
100000002748761100,terminal,0.5,0,0.3173932384341637,"конечный получатель в пределах выгрузки: входящих 1, исходящих 0, получено 796,800 ₸ (предварительно)",3,False,1,0,3,0,796800.0,0.0,0.0,конечный получатель в пределах выгрузки,1231
100000002750332100,terminal,0.5,0,0.3173932384341637,"конечный получатель в пределах выгрузки: входящих 1, исходящих 0, получено 11,360 ₸ (предварительно)",1,False,1,0,1,0,11360.0,0.0,0.0,конечный получатель в пределах выгрузки,1232
100000002750956100,terminal,0.5,0,0.3173932384341637,"конечный получатель в пределах выгрузки: входящих 1, исходящих 0, получено 47,416 ₸ (предварительно)",1,False,1,0,1,0,47416.0,0.0,0.0,конечный получатель в пределах выгрузки,1233
100000002752565100,peripheral,0.5,0,0.3173932384341637,"периферия, признаков роли не выявлено: входящих 1, исходящих 0, получено 57,000 ₸ (предварительно)",4,False,1,0,1,0,57000.0,0.0,0.0,"периферия, признаков роли не выявлено",1234
100000002753146100,terminal,0.5,0,0.3173932384341637,"конечный получатель в пределах выгрузки: входящих 1, исходящих 0, получено 803,540 ₸ (предварительно)",3,False,1,0,3,0,803540.0,0.0,0.0,конечный получатель в пределах выгрузки,1235
100000002755292100,terminal,0.5,0,0.3173932384341637,"конечный получатель в пределах выгрузки: входящих 1, исходящих 0, получено 203,400 ₸ (предварительно)",3,False,1,0,1,0,203400.0,0.0,0.0,конечный получатель в пределах выгрузки,1236
100000002757240100,terminal,0.5,0,0.3173932384341637,"конечный получатель в пределах выгрузки: входящих 1, исходящих 0, получено 51,183 ₸ (предварительно)",2,False,1,0,1,0,51183.0,0.0,0.0,конечный получатель в пределах выгрузки,1237
100000002757791100,terminal,0.5,0,0.3173932384341637,"конечный получатель в пределах выгрузки: входящих 1, исходящих 0, получено 73,050 ₸ (предварительно)",3,False,1,0,1,0,73050.0,0.0,0.0,конечный получатель в пределах выгрузки,1238
100000002757797100,terminal,0.5,0,0.3173932384341637,"конечный получатель в пределах выгрузки: входящих 1, исходящих 0, получено 100,000 ₸ (предварительно)",1,False,1,0,1,0,100000.0,0.0,0.0,конечный получатель в пределах выгрузки,1239
100000002760175100,terminal,0.5,0,0.3173932384341637,"конечный получатель в пределах выгрузки: входящих 1, исходящих 0, получено 187,410 ₸ (предварительно)",1,False,1,0,1,0,187410.0,0.0,0.0,конечный получатель в пределах выгрузки,1240
100000002762076100,peripheral,0.5,0,0.8111654804270463,"периферия, признаков роли не выявлено: входящих 2, исходящих 1, получено 140,350 ₸ (предварительно)",1,False,2,1,2,1,140350.0,30000.0,0.21375133594584966,"периферия, признаков роли не выявлено",383
100000002769809100,terminal,0.5,0,0.3173932384341637,"конечный получатель в пределах выгрузки: входящих 1, исходящих 0, получено 113,422 ₸ (предварительно)",3,False,1,0,1,0,113422.0,0.0,0.0,конечный получатель в пределах выгрузки,1241
100000002773323100,peripheral,0.5,0,0.8111654804270463,"периферия, признаков роли не выявлено: входящих 2, исходящих 1, получено 285,000 ₸ (предварительно)",3,False,2,1,2,2,285000.0,1171644.0,4.111031578947369,"периферия, признаков роли не выявлено",384
100000002774456100,terminal,0.5,0,0.3173932384341637,"конечный получатель в пределах выгрузки: входящих 1, исходящих 0, получено 50,363 ₸ (предварительно)",1,False,1,0,1,0,50363.0,0.0,0.0,конечный получатель в пределах выгрузки,1242
100000002778085100,terminal,0.5,0,0.3173932384341637,"конечный получатель в пределах выгрузки: входящих 1, исходящих 0, получено 66,208 ₸ (предварительно)",1,False,1,0,1,0,66208.0,0.0,0.0,конечный получатель в пределах выгрузки,1243
100000002779485100,terminal,0.5,0,0.3173932384341637,"конечный получатель в пределах выгрузки: входящих 1, исходящих 0, получено 91,000 ₸ (предварительно)",2,False,1,0,2,0,91000.0,0.0,0.0,конечный получатель в пределах выгрузки,1244
100000002781227100,transit,0.5,0,0.900355871886121,"признаки транзитного счёта: входящих 2, исходящих 3, получено 191,168 ₸ (предварительно)",1,False,2,3,8,10,191167.62,212420.0,1.1111714421092862,признаки транзитного счёта,220
100000002784085100,terminal,0.5,0,0.3173932384341637,"конечный получатель в пределах выгрузки: входящих 1, исходящих 0, получено 200,000 ₸ (предварительно)",1,False,1,0,1,0,200000.0,0.0,0.0,конечный получатель в пределах выгрузки,1245
100000002791494100,peripheral,0.5,0,0.3173932384341637,"периферия, признаков роли не выявлено: входящих 1, исходящих 0, получено 85,860 ₸ (предварительно)",4,False,1,0,1,0,85860.0,0.0,0.0,"периферия, признаков роли не выявлено",1246
100000002793851100,terminal,0.5,0,0.3173932384341637,"конечный получатель в пределах выгрузки: входящих 1, исходящих 0, получено 11,052 ₸ (предварительно)",1,False,1,0,1,0,11052.0,0.0,0.0,конечный получатель в пределах выгрузки,1247
100000002793881100,terminal,0.5,0,0.8111654804270463,"конечный получатель в пределах выгрузки: входящих 3, исходящих 0, получено 785,600 ₸ (предварительно)",3,False,3,0,3,0,785600.0,0.0,0.0,конечный получатель в пределах выгрузки,385
100000002794197100,terminal,0.5,0,0.3173932384341637,"конечный получатель в пределах выгрузки: входящих 1, исходящих 0, получено 30,100 ₸ (предварительно)",1,False,1,0,1,0,30100.0,0.0,0.0,конечный получатель в пределах выгрузки,1248
100000002794374100,peripheral,0.5,0,0.3173932384341637,"периферия, признаков роли не выявлено: входящих 1, исходящих 0, получено 111,000 ₸ (предварительно)",4,False,1,0,1,0,111000.0,0.0,0.0,"периферия, признаков роли не выявлено",1249
100000002796853100,peripheral,0.5,0,0.6983985765124555,"периферия, признаков роли не выявлено: входящих 1, исходящих 1, получено 199,000 ₸ (предварительно)",2,False,1,1,8,5,199000.0,46167.62,0.23199809045226133,"периферия, признаков роли не выявлено",625
100000002799941100,terminal,0.5,0,0.3173932384341637,"конечный получатель в пределах выгрузки: входящих 1, исходящих 0, получено 600,000 ₸ (предварительно)",3,False,1,0,1,0,600000.0,0.0,0.0,конечный получатель в пределах выгрузки,1250
100000002807334100,terminal,0.5,0,0.3173932384341637,"конечный получатель в пределах выгрузки: входящих 1, исходящих 0, получено 54,715 ₸ (предварительно)",3,False,1,0,1,0,54715.0,0.0,0.0,конечный получатель в пределах выгрузки,1251
100000002809568100,terminal,0.5,0,0.3173932384341637,"конечный получатель в пределах выгрузки: входящих 1, исходящих 0, получено 10,000 ₸ (предварительно)",1,False,1,0,1,0,10000.0,0.0,0.0,конечный получатель в пределах выгрузки,1252
100000002809896100,terminal,0.5,0,0.3173932384341637,"конечный получатель в пределах выгрузки: входящих 1, исходящих 0, получено 38,000 ₸ (предварительно)",3,False,1,0,1,0,38000.0,0.0,0.0,конечный получатель в пределах выгрузки,1253
100000002810870100,terminal,0.5,1,0.3173932384341637,"конечный получатель в пределах выгрузки: входящих 1, исходящих 0, получено 33,677 ₸ (предварительно)",1,False,1,0,1,0,33677.0,0.0,0.0,конечный получатель в пределах выгрузки,1254
100000002812641100,peripheral,0.5,0,0.6983985765124555,"периферия, признаков роли не выявлено: входящих 1, исходящих 1, получено 10,000 ₸ (предварительно)",2,False,1,1,1,1,10000.0,7023.95,0.702395,"периферия, признаков роли не выявлено",626
100000002815005100,terminal,0.5,0,0.3173932384341637,"конечный получатель в пределах выгрузки: входящих 1, исходящих 0, получено 476,500 ₸ (предварительно)",3,False,1,0,1,0,476500.0,0.0,0.0,конечный получатель в пределах выгрузки,1255
100000002818726100,terminal,0.5,0,0.3173932384341637,"конечный получатель в пределах выгрузки: входящих 1, исходящих 0, получено 10,879 ₸ (предварительно)",3,False,1,0,1,0,10879.0,0.0,0.0,конечный получатель в пределах выгрузки,1256
100000002820010100,terminal,0.5,0,0.3173932384341637,"конечный получатель в пределах выгрузки: входящих 1, исходящих 0, получено 30,000 ₸ (предварительно)",2,False,1,0,1,0,30000.0,0.0,0.0,конечный получатель в пределах выгрузки,1257
100000002821425100,terminal,0.5,0,0.3173932384341637,"конечный получатель в пределах выгрузки: входящих 1, исходящих 0, получено 275,000 ₸ (предварительно)",3,False,1,0,1,0,275000.0,0.0,0.0,конечный получатель в пределах выгрузки,1258
100000002822472100,terminal,0.5,0,0.6983985765124555,"конечный получатель в пределах выгрузки: входящих 2, исходящих 0, получено 266,722 ₸ (предварительно)",3,False,2,0,2,0,266722.0,0.0,0.0,конечный получатель в пределах выгрузки,627
100000002824176100,terminal,0.5,0,0.3173932384341637,"конечный получатель в пределах выгрузки: входящих 1, исходящих 0, получено 144,000 ₸ (предварительно)",1,False,1,0,1,0,144000.0,0.0,0.0,конечный получатель в пределах выгрузки,1259
100000002826669100,terminal,0.5,0,0.3173932384341637,"конечный получатель в пределах выгрузки: входящих 1, исходящих 0, получено 159,900 ₸ (предварительно)",2,False,1,0,4,0,159900.0,0.0,0.0,конечный получатель в пределах выгрузки,1260
100000002830055100,terminal,0.5,1,0.3173932384341637,"конечный получатель в пределах выгрузки: входящих 1, исходящих 0, получено 14,000 ₸ (предварительно)",1,False,1,0,1,0,14000.0,0.0,0.0,конечный получатель в пределах выгрузки,1261
100000002831727100,peripheral,0.5,0,0.6983985765124555,"периферия, признаков роли не выявлено: входящих 1, исходящих 1, получено 6,000 ₸ (предварительно)",2,False,1,1,1,3,6000.0,77000.0,12.833333333333334,"периферия, признаков роли не выявлено",628
100000002832753100,peripheral,0.5,0,0.3173932384341637,"периферия, признаков роли не выявлено: входящих 1, исходящих 0, получено 12,500 ₸ (предварительно)",4,False,1,0,1,0,12500.0,0.0,0.0,"периферия, признаков роли не выявлено",1262
100000002835874100,peripheral,0.5,0,0.3173932384341637,"периферия, признаков роли не выявлено: входящих 1, исходящих 0, получено 58,700 ₸ (предварительно)",4,False,1,0,1,0,58700.0,0.0,0.0,"периферия, признаков роли не выявлено",1263
100000002836052100,terminal,0.5,0,0.3173932384341637,"конечный получатель в пределах выгрузки: входящих 1, исходящих 0, получено 15,000 ₸ (предварительно)",2,False,1,0,1,0,15000.0,0.0,0.0,конечный получатель в пределах выгрузки,1264
100000002836736100,terminal,0.5,0,0.6983985765124555,"конечный получатель в пределах выгрузки: входящих 2, исходящих 0, получено 509,000 ₸ (предварительно)",1,False,2,0,2,0,509000.0,0.0,0.0,конечный получатель в пределах выгрузки,629
100000002838519100,terminal,0.5,0,0.3173932384341637,"конечный получатель в пределах выгрузки: входящих 1, исходящих 0, получено 46,900 ₸ (предварительно)",3,False,1,0,1,0,46900.0,0.0,0.0,конечный получатель в пределах выгрузки,1265
100000002838861100,consolidator,0.5,0,0.922153024911032,"признаки точки консолидации: входящих 5, исходящих 1, получено 554,524 ₸ (предварительно)",1,False,5,1,5,1,554523.95,10000.0,0.018033486200190272,признаки точки консолидации,165
100000002842321100,terminal,0.5,0,0.3173932384341637,"конечный получатель в пределах выгрузки: входящих 1, исходящих 0, получено 160,000 ₸ (предварительно)",3,False,1,0,1,0,160000.0,0.0,0.0,конечный получатель в пределах выгрузки,1266
100000002842337100,terminal,0.5,0,0.3173932384341637,"конечный получатель в пределах выгрузки: входящих 1, исходящих 0, получено 50,000 ₸ (предварительно)",2,False,1,0,1,0,50000.0,0.0,0.0,конечный получатель в пределах выгрузки,1267
100000002844652100,terminal,0.5,0,0.3173932384341637,"конечный получатель в пределах выгрузки: входящих 1, исходящих 0, получено 61,360 ₸ (предварительно)",1,False,1,0,1,0,61360.0,0.0,0.0,конечный получатель в пределах выгрузки,1268
100000002844897100,terminal,0.5,0,0.3173932384341637,"конечный получатель в пределах выгрузки: входящих 1, исходящих 0, получено 10,800 ₸ (предварительно)",1,False,1,0,1,0,10800.0,0.0,0.0,конечный получатель в пределах выгрузки,1269
100000002845605100,terminal,0.5,0,0.3173932384341637,"конечный получатель в пределах выгрузки: входящих 1, исходящих 0, получено 57,567 ₸ (предварительно)",1,False,1,0,1,0,57567.0,0.0,0.0,конечный получатель в пределах выгрузки,1270
100000002847207100,terminal,0.5,0,0.3173932384341637,"конечный получатель в пределах выгрузки: входящих 1, исходящих 0, получено 46,243 ₸ (предварительно)",1,False,1,0,1,0,46243.0,0.0,0.0,конечный получатель в пределах выгрузки,1271
100000002849158100,peripheral,0.5,0,0.8698843416370107,"периферия, признаков роли не выявлено: входящих 3, исходящих 1, получено 723,000 ₸ (предварительно)",3,False,3,1,3,3,723000.0,1313000.0,1.8160442600276625,"периферия, признаков роли не выявлено",274
100000002852402100,terminal,0.5,0,0.3173932384341637,"конечный получатель в пределах выгрузки: входящих 1, исходящих 0, получено 55,000 ₸ (предварительно)",2,False,1,0,1,0,55000.0,0.0,0.0,конечный получатель в пределах выгрузки,1272
100000002858835100,terminal,0.5,1,0.3173932384341637,"конечный получатель в пределах выгрузки: входящих 1, исходящих 0, получено 24,400 ₸ (предварительно)",1,False,1,0,1,0,24400.0,0.0,0.0,конечный получатель в пределах выгрузки,1273
100000002860934100,peripheral,0.5,0,0.3173932384341637,"периферия, признаков роли не выявлено: входящих 1, исходящих 0, получено 279,500 ₸ (предварительно)",4,False,1,0,4,0,279500.0,0.0,0.0,"периферия, признаков роли не выявлено",1274
100000002861485100,terminal,0.5,0,0.3173932384341637,"конечный получатель в пределах выгрузки: входящих 1, исходящих 0, получено 29,323 ₸ (предварительно)",1,False,1,0,1,0,29323.0,0.0,0.0,конечный получатель в пределах выгрузки,1275
100000002862113100,terminal,0.5,0,0.3173932384341637,"конечный получатель в пределах выгрузки: входящих 1, исходящих 0, получено 47,405 ₸ (предварительно)",3,False,1,0,2,0,47405.0,0.0,0.0,конечный получатель в пределах выгрузки,1276
100000002863356100,peripheral,0.5,1,0.6983985765124555,"периферия, признаков роли не выявлено: входящих 1, исходящих 1, получено 45,000 ₸ (предварительно)",2,False,1,1,1,1,45000.0,20000.0,0.4444444444444444,"периферия, признаков роли не выявлено",630
100000002864256100,terminal,0.5,0,0.3173932384341637,"конечный получатель в пределах выгрузки: входящих 1, исходящих 0, получено 135,780 ₸ (предварительно)",1,False,1,0,1,0,135780.0,0.0,0.0,конечный получатель в пределах выгрузки,1277
100000002864680100,terminal,0.5,0,0.3173932384341637,"конечный получатель в пределах выгрузки: входящих 1, исходящих 0, получено 55,932 ₸ (предварительно)",1,False,1,0,1,0,55932.0,0.0,0.0,конечный получатель в пределах выгрузки,1278
100000002870463100,peripheral,0.5,0,0.8698843416370107,"периферия, признаков роли не выявлено: входящих 3, исходящих 1, получено 207,000 ₸ (предварительно)",2,False,3,1,4,1,207000.0,10000.0,0.04830917874396135,"периферия, признаков роли не выявлено",275
100000002870937100,terminal,0.5,0,0.3173932384341637,"конечный получатель в пределах выгрузки: входящих 1, исходящих 0, получено 83,700 ₸ (предварительно)",1,False,1,0,1,0,83700.0,0.0,0.0,конечный получатель в пределах выгрузки,1279
100000002871199100,terminal,0.5,0,0.3173932384341637,"конечный получатель в пределах выгрузки: входящих 1, исходящих 0, получено 23,186 ₸ (предварительно)",3,False,1,0,1,0,23186.0,0.0,0.0,конечный получатель в пределах выгрузки,1280
100000002872399100,terminal,0.5,0,0.3173932384341637,"конечный получатель в пределах выгрузки: входящих 1, исходящих 0, получено 1,090,000 ₸ (предварительно)",3,False,1,0,9,0,1090000.0,0.0,0.0,конечный получатель в пределах выгрузки,1281
100000002876914100,peripheral,0.5,0,0.3173932384341637,"периферия, признаков роли не выявлено: входящих 1, исходящих 0, получено 12,000 ₸ (предварительно)",4,False,1,0,1,0,12000.0,0.0,0.0,"периферия, признаков роли не выявлено",1282
100000002877262100,terminal,0.5,0,0.3173932384341637,"конечный получатель в пределах выгрузки: входящих 1, исходящих 0, получено 100,000 ₸ (предварительно)",3,False,1,0,1,0,100000.0,0.0,0.0,конечный получатель в пределах выгрузки,1283
100000002878467100,terminal,0.5,0,0.6983985765124555,"конечный получатель в пределах выгрузки: входящих 2, исходящих 0, получено 200,000 ₸ (предварительно)",3,False,2,0,2,0,200000.0,0.0,0.0,конечный получатель в пределах выгрузки,631
100000002878483100,peripheral,0.5,0,0.3173932384341637,"периферия, признаков роли не выявлено: входящих 1, исходящих 0, получено 6,000 ₸ (предварительно)",4,False,1,0,1,0,6000.0,0.0,0.0,"периферия, признаков роли не выявлено",1284
100000002881669100,terminal,0.5,0,0.3173932384341637,"конечный получатель в пределах выгрузки: входящих 1, исходящих 0, получено 18,600 ₸ (предварительно)",1,False,1,0,1,0,18600.0,0.0,0.0,конечный получатель в пределах выгрузки,1285
100000002883402100,terminal,0.5,0,0.8111654804270463,"конечный получатель в пределах выгрузки: входящих 3, исходящих 0, получено 300,000 ₸ (предварительно)",3,False,3,0,3,0,300000.0,0.0,0.0,конечный получатель в пределах выгрузки,386
100000002884708100,peripheral,0.5,0,0.3173932384341637,"периферия, признаков роли не выявлено: входящих 1, исходящих 0, получено 1,171,644 ₸ (предварительно)",4,False,1,0,2,0,1171644.0,0.0,0.0,"периферия, признаков роли не выявлено",1286
100000002886166100,terminal,0.5,2,0.3173932384341637,"конечный получатель в пределах выгрузки: входящих 1, исходящих 0, получено 185,000 ₸ (предварительно)",3,False,1,0,3,0,185000.0,0.0,0.0,конечный получатель в пределах выгрузки,1287
100000002890167100,terminal,0.5,0,0.3173932384341637,"конечный получатель в пределах выгрузки: входящих 1, исходящих 0, получено 118,150 ₸ (предварительно)",1,False,1,0,1,0,118150.0,0.0,0.0,конечный получатель в пределах выгрузки,1288
100000002891765100,terminal,0.5,0,0.3173932384341637,"конечный получатель в пределах выгрузки: входящих 1, исходящих 0, получено 55,576 ₸ (предварительно)",3,False,1,0,1,0,55576.0,0.0,0.0,конечный получатель в пределах выгрузки,1289
100000002893020100,terminal,0.5,0,0.3173932384341637,"конечный получатель в пределах выгрузки: входящих 1, исходящих 0, получено 18,340 ₸ (предварительно)",3,False,1,0,1,0,18340.0,0.0,0.0,конечный получатель в пределах выгрузки,1290
100000002894076100,terminal,0.5,0,0.8698843416370107,"конечный получатель в пределах выгрузки: входящих 4, исходящих 0, получено 1,122,782 ₸ (предварительно)",1,False,4,0,6,0,1122782.0,0.0,0.0,конечный получатель в пределах выгрузки,276
100000002896506100,peripheral,0.5,0,0.3173932384341637,"периферия, признаков роли не выявлено: входящих 1, исходящих 0, получено 45,000 ₸ (предварительно)",4,False,1,0,1,0,45000.0,0.0,0.0,"периферия, признаков роли не выявлено",1291
100000002901457100,peripheral,0.5,0,0.8698843416370107,"периферия, признаков роли не выявлено: входящих 1, исходящих 3, получено 340,000 ₸ (предварительно)",3,False,1,3,1,3,340000.0,119000.0,0.35,"периферия, признаков роли не выявлено",277
100000002904919100,peripheral,0.5,0,0.6983985765124555,"периферия, признаков роли не выявлено: входящих 1, исходящих 1, получено 60,325 ₸ (предварительно)",3,False,1,1,1,1,60325.0,5500.0,0.09117281392457521,"периферия, признаков роли не выявлено",632
100000002906470100,terminal,0.5,0,0.3173932384341637,"конечный получатель в пределах выгрузки: входящих 1, исходящих 0, получено 130,000 ₸ (предварительно)",3,False,1,0,1,0,130000.0,0.0,0.0,конечный получатель в пределах выгрузки,1292
100000002908521100,terminal,0.5,1,0.3173932384341637,"конечный получатель в пределах выгрузки: входящих 1, исходящих 0, получено 44,500 ₸ (предварительно)",3,False,1,0,1,0,44500.0,0.0,0.0,конечный получатель в пределах выгрузки,1293
100000002911170100,terminal,0.5,0,0.3173932384341637,"конечный получатель в пределах выгрузки: входящих 1, исходящих 0, получено 300,000 ₸ (предварительно)",2,False,1,0,2,0,300000.0,0.0,0.0,конечный получатель в пределах выгрузки,1294
100000002913340100,terminal,0.5,1,0.3173932384341637,"конечный получатель в пределах выгрузки: входящих 1, исходящих 0, получено 23,600 ₸ (предварительно)",3,False,1,0,1,0,23600.0,0.0,0.0,конечный получатель в пределах выгрузки,1295
100000002914245100,terminal,0.5,0,0.3173932384341637,"конечный получатель в пределах выгрузки: входящих 1, исходящих 0, получено 140,611 ₸ (предварительно)",3,False,1,0,1,0,140611.0,0.0,0.0,конечный получатель в пределах выгрузки,1296
100000002916006100,peripheral,0.5,0,0.3173932384341637,"периферия, признаков роли не выявлено: входящих 0, исходящих 1, получено 0 ₸ (предварительно)",0,True,0,1,0,1,0.0,32000.0,,"периферия, признаков роли не выявлено",1297
100000002921047100,peripheral,0.5,0,0.8111654804270463,"периферия, признаков роли не выявлено: входящих 2, исходящих 1, получено 338,000 ₸ (предварительно)",1,False,2,1,2,1,338000.0,163000.02,0.48224857988165676,"периферия, признаков роли не выявлено",387
100000002922000100,peripheral,0.5,0,0.3173932384341637,"периферия, признаков роли не выявлено: входящих 1, исходящих 0, получено 448,000 ₸ (предварительно)",4,False,1,0,1,0,448000.0,0.0,0.0,"периферия, признаков роли не выявлено",1298
100000002926970100,terminal,0.5,0,0.3173932384341637,"конечный получатель в пределах выгрузки: входящих 1, исходящих 0, получено 85,000 ₸ (предварительно)",3,False,1,0,1,0,85000.0,0.0,0.0,конечный получатель в пределах выгрузки,1299
100000002933386100,peripheral,0.5,0,0.6983985765124555,"периферия, признаков роли не выявлено: входящих 1, исходящих 1, получено 15,000 ₸ (предварительно)",3,False,1,1,1,1,15000.0,58000.0,3.8666666666666667,"периферия, признаков роли не выявлено",633
100000002934441100,terminal,0.5,0,0.6983985765124555,"конечный получатель в пределах выгрузки: входящих 2, исходящих 0, получено 60,846 ₸ (предварительно)",1,False,2,0,2,0,60845.6,0.0,0.0,конечный получатель в пределах выгрузки,634
100000002936322100,terminal,0.5,0,0.6983985765124555,"конечный получатель в пределах выгрузки: входящих 2, исходящих 0, получено 787,133 ₸ (предварительно)",3,False,2,0,2,0,787133.0,0.0,0.0,конечный получатель в пределах выгрузки,635
100000002938501100,peripheral,0.5,0,0.6983985765124555,"периферия, признаков роли не выявлено: входящих 1, исходящих 1, получено 8,395 ₸ (предварительно)",1,False,1,1,1,1,8395.0,5000.0,0.5955926146515783,"периферия, признаков роли не выявлено",636
100000002939838100,terminal,0.5,0,0.8111654804270463,"конечный получатель в пределах выгрузки: входящих 3, исходящих 0, получено 571,233 ₸ (предварительно)",1,False,3,0,3,0,571233.0,0.0,0.0,конечный получатель в пределах выгрузки,388
100000002941114100,peripheral,0.5,0,0.8111654804270463,"периферия, признаков роли не выявлено: входящих 2, исходящих 1, получено 128,510 ₸ (предварительно)",1,False,2,1,15,1,128510.0,15000.0,0.11672243405182477,"периферия, признаков роли не выявлено",389
100000002943472100,terminal,0.5,0,0.3173932384341637,"конечный получатель в пределах выгрузки: входящих 1, исходящих 0, получено 170,000 ₸ (предварительно)",3,False,1,0,1,0,170000.0,0.0,0.0,конечный получатель в пределах выгрузки,1300
100000002945031100,terminal,0.5,0,0.3173932384341637,"конечный получатель в пределах выгрузки: входящих 1, исходящих 0, получено 15,000 ₸ (предварительно)",3,False,1,0,1,0,15000.0,0.0,0.0,конечный получатель в пределах выгрузки,1301
100000002945626100,terminal,0.5,0,0.8111654804270463,"конечный получатель в пределах выгрузки: входящих 3, исходящих 0, получено 584,000 ₸ (предварительно)",3,False,3,0,3,0,584000.0,0.0,0.0,конечный получатель в пределах выгрузки,390
100000002947299100,terminal,0.5,0,0.3173932384341637,"конечный получатель в пределах выгрузки: входящих 1, исходящих 0, получено 85,000 ₸ (предварительно)",2,False,1,0,1,0,85000.0,0.0,0.0,конечный получатель в пределах выгрузки,1302
100000002948492100,terminal,0.5,0,0.3173932384341637,"конечный получатель в пределах выгрузки: входящих 1, исходящих 0, получено 23,660 ₸ (предварительно)",3,False,1,0,1,0,23660.0,0.0,0.0,конечный получатель в пределах выгрузки,1303
100000002951898100,terminal,0.5,0,0.3173932384341637,"конечный получатель в пределах выгрузки: входящих 1, исходящих 0, получено 39,990 ₸ (предварительно)",3,False,1,0,1,0,39990.0,0.0,0.0,конечный получатель в пределах выгрузки,1304
100000002952631100,terminal,0.5,0,0.3173932384341637,"конечный получатель в пределах выгрузки: входящих 1, исходящих 0, получено 48,050 ₸ (предварительно)",1,False,1,0,1,0,48050.0,0.0,0.0,конечный получатель в пределах выгрузки,1305
100000002952756100,terminal,0.5,0,0.3173932384341637,"конечный получатель в пределах выгрузки: входящих 1, исходящих 0, получено 47,000 ₸ (предварительно)",3,False,1,0,1,0,47000.0,0.0,0.0,конечный получатель в пределах выгрузки,1306
100000002954780100,terminal,0.5,0,0.3173932384341637,"конечный получатель в пределах выгрузки: входящих 1, исходящих 0, получено 133,400 ₸ (предварительно)",3,False,1,0,1,0,133400.0,0.0,0.0,конечный получатель в пределах выгрузки,1307
100000002956769100,terminal,0.5,0,0.8111654804270463,"конечный получатель в пределах выгрузки: входящих 3, исходящих 0, получено 840,000 ₸ (предварительно)",3,False,3,0,3,0,840000.0,0.0,0.0,конечный получатель в пределах выгрузки,391
100000002956779100,terminal,0.5,0,0.3173932384341637,"конечный получатель в пределах выгрузки: входящих 1, исходящих 0, получено 411,000 ₸ (предварительно)",3,False,1,0,1,0,411000.0,0.0,0.0,конечный получатель в пределах выгрузки,1308
100000002956898100,terminal,0.5,0,0.6983985765124555,"конечный получатель в пределах выгрузки: входящих 2, исходящих 0, получено 290,240 ₸ (предварительно)",2,False,2,0,2,0,290240.0,0.0,0.0,конечный получатель в пределах выгрузки,637
100000002957306100,terminal,0.5,0,0.6983985765124555,"конечный получатель в пределах выгрузки: входящих 2, исходящих 0, получено 398,490 ₸ (предварительно)",1,False,2,0,2,0,398490.0,0.0,0.0,конечный получатель в пределах выгрузки,638
100000002957787100,distributor,0.5,0,0.9939946619217082,"признаки веерного распределения: входящих 4, исходящих 34, получено 84,956 ₸ (предварительно)",2,False,4,34,7,41,84956.0,1276153.96,15.02135175855737,признаки веерного распределения,14
100000002958139100,terminal,0.5,0,0.3173932384341637,"конечный получатель в пределах выгрузки: входящих 1, исходящих 0, получено 209,500 ₸ (предварительно)",3,False,1,0,2,0,209500.0,0.0,0.0,конечный получатель в пределах выгрузки,1309
100000002958286100,terminal,0.5,0,0.3173932384341637,"конечный получатель в пределах выгрузки: входящих 1, исходящих 0, получено 257,000 ₸ (предварительно)",1,False,1,0,1,0,257000.0,0.0,0.0,конечный получатель в пределах выгрузки,1310
100000002958343100,peripheral,0.5,0,0.8111654804270463,"периферия, признаков роли не выявлено: входящих 1, исходящих 2, получено 2,900,000 ₸ (предварительно)",2,False,1,2,4,17,2900000.0,1390000.0,0.4793103448275862,"периферия, признаков роли не выявлено",392
100000002958345100,terminal,0.5,0,0.3173932384341637,"конечный получатель в пределах выгрузки: входящих 1, исходящих 0, получено 307,000 ₸ (предварительно)",3,False,1,0,1,0,307000.0,0.0,0.0,конечный получатель в пределах выгрузки,1311
100000002963189100,peripheral,0.5,0,0.9497330960854092,"периферия, признаков роли не выявлено: входящих 1, исходящих 7, получено 490,000 ₸ (предварительно)",3,False,1,7,3,15,490000.0,5219000.0,10.651020408163266,"периферия, признаков роли не выявлено",103
100000002964966100,terminal,0.5,0,0.3173932384341637,"конечный получатель в пределах выгрузки: входящих 1, исходящих 0, получено 200,000 ₸ (предварительно)",2,False,1,0,1,0,200000.0,0.0,0.0,конечный получатель в пределах выгрузки,1312
100000002968096100,peripheral,0.5,0,0.3173932384341637,"периферия, признаков роли не выявлено: входящих 1, исходящих 0, получено 70,000 ₸ (предварительно)",4,False,1,0,1,0,70000.0,0.0,0.0,"периферия, признаков роли не выявлено",1313
100000002969048100,terminal,0.5,0,0.3173932384341637,"конечный получатель в пределах выгрузки: входящих 1, исходящих 0, получено 108,470 ₸ (предварительно)",2,False,1,0,1,0,108470.0,0.0,0.0,конечный получатель в пределах выгрузки,1314
100000002970466100,peripheral,0.5,0,0.8111654804270463,"периферия, признаков роли не выявлено: входящих 1, исходящих 2, получено 23,317 ₸ (предварительно)",3,False,1,2,1,3,23317.0,93000.0,3.9885062400823434,"периферия, признаков роли не выявлено",393
100000002971593100,peripheral,0.5,0,0.3173932384341637,"периферия, признаков роли не выявлено: входящих 1, исходящих 0, получено 49,050 ₸ (предварительно)",4,False,1,0,1,0,49050.0,0.0,0.0,"периферия, признаков роли не выявлено",1315
100000002973903100,terminal,0.5,0,0.8111654804270463,"конечный получатель в пределах выгрузки: входящих 3, исходящих 0, получено 92,880 ₸ (предварительно)",1,False,3,0,3,0,92880.0,0.0,0.0,конечный получатель в пределах выгрузки,394
100000002974256100,terminal,0.5,0,0.3173932384341637,"конечный получатель в пределах выгрузки: входящих 1, исходящих 0, получено 7,200 ₸ (предварительно)",2,False,1,0,1,0,7200.0,0.0,0.0,конечный получатель в пределах выгрузки,1316
100000002975287100,terminal,0.5,0,0.3173932384341637,"конечный получатель в пределах выгрузки: входящих 1, исходящих 0, получено 15,000 ₸ (предварительно)",3,False,1,0,1,0,15000.0,0.0,0.0,конечный получатель в пределах выгрузки,1317
100000002975437100,peripheral,0.5,0,0.6983985765124555,"периферия, признаков роли не выявлено: входящих 1, исходящих 1, получено 530,000 ₸ (предварительно)",3,False,1,1,2,1,530000.0,8500.0,0.016037735849056604,"периферия, признаков роли не выявлено",639
100000002981489100,peripheral,0.5,0,0.3173932384341637,"периферия, признаков роли не выявлено: входящих 1, исходящих 0, получено 10,000 ₸ (предварительно)",4,False,1,0,1,0,10000.0,0.0,0.0,"периферия, признаков роли не выявлено",1318
100000002981527100,terminal,0.5,0,0.3173932384341637,"конечный получатель в пределах выгрузки: входящих 1, исходящих 0, получено 168,000 ₸ (предварительно)",1,False,1,0,1,0,168000.0,0.0,0.0,конечный получатель в пределах выгрузки,1319
100000002982252100,terminal,0.5,1,0.3173932384341637,"конечный получатель в пределах выгрузки: входящих 1, исходящих 0, получено 20,320 ₸ (предварительно)",1,False,1,0,1,0,20320.0,0.0,0.0,конечный получатель в пределах выгрузки,1320
100000002983426100,terminal,0.5,0,0.3173932384341637,"конечный получатель в пределах выгрузки: входящих 1, исходящих 0, получено 88,945 ₸ (предварительно)",3,False,1,0,1,0,88945.0,0.0,0.0,конечный получатель в пределах выгрузки,1321
100000002983879100,terminal,0.5,0,0.6983985765124555,"конечный получатель в пределах выгрузки: входящих 2, исходящих 0, получено 200,050 ₸ (предварительно)",2,False,2,0,2,0,200050.0,0.0,0.0,конечный получатель в пределах выгрузки,640
100000002984403100,peripheral,0.5,0,0.6983985765124555,"периферия, признаков роли не выявлено: входящих 1, исходящих 1, получено 20,000 ₸ (предварительно)",3,False,1,1,1,1,20000.0,25000.0,1.25,"периферия, признаков роли не выявлено",641
100000002986245100,peripheral,0.5,0,0.3173932384341637,"периферия, признаков роли не выявлено: входящих 1, исходящих 0, получено 5,750 ₸ (предварительно)",4,False,1,0,1,0,5750.0,0.0,0.0,"периферия, признаков роли не выявлено",1322
100000002988894100,peripheral,0.5,0,0.8698843416370107,"периферия, признаков роли не выявлено: входящих 1, исходящих 3, получено 306,121 ₸ (предварительно)",1,False,1,3,1,3,306121.0,77500.0,0.25316786499456095,"периферия, признаков роли не выявлено",278
100000002989353100,peripheral,0.5,0,0.8111654804270463,"периферия, признаков роли не выявлено: входящих 1, исходящих 2, получено 500,000 ₸ (предварительно)",3,False,1,2,2,2,500000.0,321160.0,0.64232,"периферия, признаков роли не выявлено",395
100000002990675100,terminal,0.5,0,0.3173932384341637,"конечный получатель в пределах выгрузки: входящих 1, исходящих 0, получено 51,143 ₸ (предварительно)",3,False,1,0,1,0,51143.0,0.0,0.0,конечный получатель в пределах выгрузки,1323
100000002991079100,peripheral,0.5,0,0.8111654804270463,"периферия, признаков роли не выявлено: входящих 2, исходящих 1, получено 148,900 ₸ (предварительно)",1,False,2,1,3,1,148900.0,11000.0,0.07387508394895903,"периферия, признаков роли не выявлено",396
100000002992171100,terminal,0.5,1,0.3173932384341637,"конечный получатель в пределах выгрузки: входящих 1, исходящих 0, получено 14,627 ₸ (предварительно)",1,False,1,0,1,0,14627.0,0.0,0.0,конечный получатель в пределах выгрузки,1324
100000002994441100,peripheral,0.5,0,0.3173932384341637,"периферия, признаков роли не выявлено: входящих 1, исходящих 0, получено 5,000 ₸ (предварительно)",4,False,1,0,1,0,5000.0,0.0,0.0,"периферия, признаков роли не выявлено",1325
100000002999140100,peripheral,0.5,0,0.3173932384341637,"периферия, признаков роли не выявлено: входящих 1, исходящих 0, получено 10,000 ₸ (предварительно)",4,False,1,0,2,0,10000.0,0.0,0.0,"периферия, признаков роли не выявлено",1326
100000003001138100,peripheral,0.5,0,0.3173932384341637,"периферия, признаков роли не выявлено: входящих 1, исходящих 0, получено 30,000 ₸ (предварительно)",4,False,1,0,1,0,30000.0,0.0,0.0,"периферия, признаков роли не выявлено",1327
100000003001564100,peripheral,0.5,0,0.6983985765124555,"периферия, признаков роли не выявлено: входящих 1, исходящих 1, получено 23,520 ₸ (предварительно)",1,False,1,1,1,1,23520.0,180000.0,7.653061224489796,"периферия, признаков роли не выявлено",642
100000003001661100,peripheral,0.5,0,0.922153024911032,"периферия, признаков роли не выявлено: входящих 1, исходящих 5, получено 110,000 ₸ (предварительно)",3,False,1,5,1,8,110000.0,439500.0,3.9954545454545456,"периферия, признаков роли не выявлено",166
100000003003821100,terminal,0.5,0,0.3173932384341637,"конечный получатель в пределах выгрузки: входящих 1, исходящих 0, получено 40,000 ₸ (предварительно)",2,False,1,0,1,0,40000.0,0.0,0.0,конечный получатель в пределах выгрузки,1328
100000003004487100,peripheral,0.5,0,0.922153024911032,"периферия, признаков роли не выявлено: входящих 4, исходящих 2, получено 183,703 ₸ (предварительно)",1,False,4,2,9,3,183702.8,265015.0,1.4426290726107605,"периферия, признаков роли не выявлено",167
100000003005167100,peripheral,0.5,0,0.3173932384341637,"периферия, признаков роли не выявлено: входящих 1, исходящих 0, получено 7,000 ₸ (предварительно)",4,False,1,0,1,0,7000.0,0.0,0.0,"периферия, признаков роли не выявлено",1329
100000003006633100,terminal,0.5,0,0.3173932384341637,"конечный получатель в пределах выгрузки: входящих 1, исходящих 0, получено 10,000 ₸ (предварительно)",3,False,1,0,1,0,10000.0,0.0,0.0,конечный получатель в пределах выгрузки,1330
100000003009900100,terminal,0.5,0,0.3173932384341637,"конечный получатель в пределах выгрузки: входящих 1, исходящих 0, получено 15,998 ₸ (предварительно)",3,False,1,0,1,0,15998.0,0.0,0.0,конечный получатель в пределах выгрузки,1331
100000003010908100,peripheral,0.5,0,0.3173932384341637,"периферия, признаков роли не выявлено: входящих 1, исходящих 0, получено 17,000 ₸ (предварительно)",4,False,1,0,1,0,17000.0,0.0,0.0,"периферия, признаков роли не выявлено",1332
100000003014659100,terminal,0.5,0,0.3173932384341637,"конечный получатель в пределах выгрузки: входящих 1, исходящих 0, получено 280,000 ₸ (предварительно)",1,False,1,0,1,0,280000.0,0.0,0.0,конечный получатель в пределах выгрузки,1333
100000003016438100,peripheral,0.5,0,0.6983985765124555,"периферия, признаков роли не выявлено: входящих 1, исходящих 1, получено 200,000 ₸ (предварительно)",3,False,1,1,1,3,200000.0,300000.0,1.5,"периферия, признаков роли не выявлено",643
100000003016635100,consolidator,0.5,0,0.9977758007117438,"признаки точки консолидации: входящих 8, исходящих 73, получено 586,981 ₸ (предварительно)",0,True,8,73,36,151,586981.0,9414081.0,16.038135817002594,признаки точки консолидации,6
100000003016773100,terminal,0.5,0,0.3173932384341637,"конечный получатель в пределах выгрузки: входящих 1, исходящих 0, получено 46,555 ₸ (предварительно)",2,False,1,0,1,0,46555.0,0.0,0.0,конечный получатель в пределах выгрузки,1334
100000003022835100,terminal,0.5,0,0.3173932384341637,"конечный получатель в пределах выгрузки: входящих 1, исходящих 0, получено 125,000 ₸ (предварительно)",1,False,1,0,1,0,125000.0,0.0,0.0,конечный получатель в пределах выгрузки,1335
100000003024542100,terminal,0.5,0,0.3173932384341637,"конечный получатель в пределах выгрузки: входящих 1, исходящих 0, получено 8,500 ₸ (предварительно)",2,False,1,0,1,0,8500.0,0.0,0.0,конечный получатель в пределах выгрузки,1336
100000003025903100,peripheral,0.5,0,0.3173932384341637,"периферия, признаков роли не выявлено: входящих 1, исходящих 0, получено 386,300 ₸ (предварительно)",4,False,1,0,6,0,386300.0,0.0,0.0,"периферия, признаков роли не выявлено",1337
100000003031003100,terminal,0.5,0,0.8111654804270463,"конечный получатель в пределах выгрузки: входящих 3, исходящих 0, получено 280,090 ₸ (предварительно)",3,False,3,0,3,0,280090.0,0.0,0.0,конечный получатель в пределах выгрузки,397
100000003031633100,terminal,0.5,0,0.3173932384341637,"конечный получатель в пределах выгрузки: входящих 1, исходящих 0, получено 414,000 ₸ (предварительно)",3,False,1,0,2,0,414000.0,0.0,0.0,конечный получатель в пределах выгрузки,1338
100000003031761100,terminal,0.5,0,0.3173932384341637,"конечный получатель в пределах выгрузки: входящих 1, исходящих 0, получено 460,408 ₸ (предварительно)",3,False,1,0,1,0,460408.0,0.0,0.0,конечный получатель в пределах выгрузки,1339
100000003031890100,terminal,0.5,2,0.3173932384341637,"конечный получатель в пределах выгрузки: входящих 1, исходящих 0, получено 215,000 ₸ (предварительно)",2,False,1,0,10,0,215000.0,0.0,0.0,конечный получатель в пределах выгрузки,1340
100000003034546100,terminal,0.5,0,0.3173932384341637,"конечный получатель в пределах выгрузки: входящих 1, исходящих 0, получено 486,715 ₸ (предварительно)",2,False,1,0,2,0,486715.0,0.0,0.0,конечный получатель в пределах выгрузки,1341
100000003035737100,peripheral,0.5,0,0.8111654804270463,"периферия, признаков роли не выявлено: входящих 2, исходящих 1, получено 809,170 ₸ (предварительно)",3,False,2,1,3,1,809170.0,6544.53,0.008087954323566123,"периферия, признаков роли не выявлено",398
100000003036198100,terminal,0.5,0,0.3173932384341637,"конечный получатель в пределах выгрузки: входящих 1, исходящих 0, получено 15,000 ₸ (предварительно)",2,False,1,0,1,0,15000.0,0.0,0.0,конечный получатель в пределах выгрузки,1342
100000003037476100,peripheral,0.5,0,0.8111654804270463,"периферия, признаков роли не выявлено: входящих 3, исходящих 0, получено 555,000 ₸ (предварительно)",4,False,3,0,3,0,555000.0,0.0,0.0,"периферия, признаков роли не выявлено",399
100000003037660100,terminal,0.5,0,0.3173932384341637,"конечный получатель в пределах выгрузки: входящих 1, исходящих 0, получено 53,000 ₸ (предварительно)",1,False,1,0,1,0,53000.0,0.0,0.0,конечный получатель в пределах выгрузки,1343
100000003039473100,terminal,0.5,0,0.3173932384341637,"конечный получатель в пределах выгрузки: входящих 1, исходящих 0, получено 23,000 ₸ (предварительно)",2,False,1,0,1,0,23000.0,0.0,0.0,конечный получатель в пределах выгрузки,1344
100000003040087100,peripheral,0.5,0,0.3173932384341637,"периферия, признаков роли не выявлено: входящих 1, исходящих 0, получено 29,000 ₸ (предварительно)",4,False,1,0,1,0,29000.0,0.0,0.0,"периферия, признаков роли не выявлено",1345
100000003042994100,terminal,0.5,0,0.3173932384341637,"конечный получатель в пределах выгрузки: входящих 1, исходящих 0, получено 286,086 ₸ (предварительно)",1,False,1,0,3,0,286086.0,0.0,0.0,конечный получатель в пределах выгрузки,1346
100000003044431100,terminal,0.5,0,0.6983985765124555,"конечный получатель в пределах выгрузки: входящих 2, исходящих 0, получено 60,000 ₸ (предварительно)",2,False,2,0,2,0,60000.0,0.0,0.0,конечный получатель в пределах выгрузки,644
100000003044518100,terminal,0.5,0,0.3173932384341637,"конечный получатель в пределах выгрузки: входящих 1, исходящих 0, получено 34,423 ₸ (предварительно)",1,False,1,0,1,0,34423.0,0.0,0.0,конечный получатель в пределах выгрузки,1347
100000003047800100,peripheral,0.5,0,0.3173932384341637,"периферия, признаков роли не выявлено: входящих 1, исходящих 0, получено 12,212 ₸ (предварительно)",4,False,1,0,1,0,12212.0,0.0,0.0,"периферия, признаков роли не выявлено",1348
100000003050771100,terminal,0.5,0,0.3173932384341637,"конечный получатель в пределах выгрузки: входящих 1, исходящих 0, получено 229,000 ₸ (предварительно)",3,False,1,0,1,0,229000.0,0.0,0.0,конечный получатель в пределах выгрузки,1349
100000003054328100,peripheral,0.5,0,0.8111654804270463,"периферия, признаков роли не выявлено: входящих 1, исходящих 2, получено 140,000 ₸ (предварительно)",2,False,1,2,1,2,140000.0,193720.0,1.3837142857142857,"периферия, признаков роли не выявлено",400
100000003057225100,terminal,0.5,0,0.3173932384341637,"конечный получатель в пределах выгрузки: входящих 1, исходящих 0, получено 236,000 ₸ (предварительно)",1,False,1,0,1,0,236000.0,0.0,0.0,конечный получатель в пределах выгрузки,1350
100000003060187100,terminal,0.5,0,0.3173932384341637,"конечный получатель в пределах выгрузки: входящих 1, исходящих 0, получено 93,046 ₸ (предварительно)",3,False,1,0,1,0,93046.0,0.0,0.0,конечный получатель в пределах выгрузки,1351
100000003060517100,terminal,0.5,0,0.3173932384341637,"конечный получатель в пределах выгрузки: входящих 1, исходящих 0, получено 315,955 ₸ (предварительно)",3,False,1,0,1,0,315955.0,0.0,0.0,конечный получатель в пределах выгрузки,1352
100000003061115100,peripheral,0.5,0,0.3173932384341637,"периферия, признаков роли не выявлено: входящих 1, исходящих 0, получено 45,000 ₸ (предварительно)",4,False,1,0,1,0,45000.0,0.0,0.0,"периферия, признаков роли не выявлено",1353
100000003062895100,terminal,0.5,0,0.6983985765124555,"конечный получатель в пределах выгрузки: входящих 2, исходящих 0, получено 328,444 ₸ (предварительно)",2,False,2,0,2,0,328444.0,0.0,0.0,конечный получатель в пределах выгрузки,645
100000003066385100,terminal,0.5,0,0.6983985765124555,"конечный получатель в пределах выгрузки: входящих 2, исходящих 0, получено 20,000 ₸ (предварительно)",1,False,2,0,2,0,20000.0,0.0,0.0,конечный получатель в пределах выгрузки,646
100000003068941100,peripheral,0.5,0,0.8698843416370107,"периферия, признаков роли не выявлено: входящих 3, исходящих 1, получено 94,000 ₸ (предварительно)",2,False,3,1,3,2,94000.0,25000.0,0.26595744680851063,"периферия, признаков роли не выявлено",279
100000003069463100,peripheral,0.5,0,0.6983985765124555,"периферия, признаков роли не выявлено: входящих 1, исходящих 1, получено 11,500 ₸ (предварительно)",3,False,1,1,1,1,11500.0,17920.0,1.5582608695652174,"периферия, признаков роли не выявлено",647
100000003071649100,terminal,0.5,0,0.3173932384341637,"конечный получатель в пределах выгрузки: входящих 1, исходящих 0, получено 189,500 ₸ (предварительно)",3,False,1,0,1,0,189500.0,0.0,0.0,конечный получатель в пределах выгрузки,1354
100000003071930100,peripheral,0.5,0,0.8698843416370107,"периферия, признаков роли не выявлено: входящих 3, исходящих 1, получено 477,610 ₸ (предварительно)",1,False,3,1,4,1,477610.0,5000.0,0.010468792529469651,"периферия, признаков роли не выявлено",280
100000003072205100,peripheral,0.5,0,0.6983985765124555,"периферия, признаков роли не выявлено: входящих 2, исходящих 0, получено 163,000 ₸ (предварительно)",4,False,2,0,2,0,163000.0,0.0,0.0,"периферия, признаков роли не выявлено",648
100000003072676100,terminal,0.5,0,0.3173932384341637,"конечный получатель в пределах выгрузки: входящих 1, исходящих 0, получено 31,545 ₸ (предварительно)",3,False,1,0,1,0,31545.0,0.0,0.0,конечный получатель в пределах выгрузки,1355
100000003073398100,terminal,0.5,0,0.3173932384341637,"конечный получатель в пределах выгрузки: входящих 1, исходящих 0, получено 92,960 ₸ (предварительно)",2,False,1,0,1,0,92960.0,0.0,0.0,конечный получатель в пределах выгрузки,1356
100000003073635100,terminal,0.5,0,0.3173932384341637,"конечный получатель в пределах выгрузки: входящих 1, исходящих 0, получено 129,231 ₸ (предварительно)",3,False,1,0,1,0,129231.0,0.0,0.0,конечный получатель в пределах выгрузки,1357
100000003074515100,peripheral,0.5,0,0.3173932384341637,"периферия, признаков роли не выявлено: входящих 1, исходящих 0, получено 105,000 ₸ (предварительно)",4,False,1,0,1,0,105000.0,0.0,0.0,"периферия, признаков роли не выявлено",1358
100000003078839100,peripheral,0.5,0,0.3173932384341637,"периферия, признаков роли не выявлено: входящих 1, исходящих 0, получено 14,000 ₸ (предварительно)",4,False,1,0,2,0,14000.0,0.0,0.0,"периферия, признаков роли не выявлено",1359
100000003083865100,peripheral,0.5,0,0.3173932384341637,"периферия, признаков роли не выявлено: входящих 1, исходящих 0, получено 15,000 ₸ (предварительно)",4,False,1,0,1,0,15000.0,0.0,0.0,"периферия, признаков роли не выявлено",1360
100000003084870100,peripheral,0.5,0,0.3173932384341637,"периферия, признаков роли не выявлено: входящих 1, исходящих 0, получено 6,500 ₸ (предварительно)",4,False,1,0,1,0,6500.0,0.0,0.0,"периферия, признаков роли не выявлено",1361
100000003086040100,terminal,0.5,0,0.3173932384341637,"конечный получатель в пределах выгрузки: входящих 1, исходящих 0, получено 10,500 ₸ (предварительно)",2,False,1,0,1,0,10500.0,0.0,0.0,конечный получатель в пределах выгрузки,1362
100000003087877100,terminal,0.5,0,0.3173932384341637,"конечный получатель в пределах выгрузки: входящих 1, исходящих 0, получено 91,486 ₸ (предварительно)",3,False,1,0,1,0,91486.0,0.0,0.0,конечный получатель в пределах выгрузки,1363
100000003089018100,terminal,0.5,0,0.3173932384341637,"конечный получатель в пределах выгрузки: входящих 1, исходящих 0, получено 230,000 ₸ (предварительно)",2,False,1,0,1,0,230000.0,0.0,0.0,конечный получатель в пределах выгрузки,1364
100000003089553100,terminal,0.5,0,0.3173932384341637,"конечный получатель в пределах выгрузки: входящих 1, исходящих 0, получено 150,000 ₸ (предварительно)",3,False,1,0,1,0,150000.0,0.0,0.0,конечный получатель в пределах выгрузки,1365
100000003091142100,peripheral,0.5,0,0.3173932384341637,"периферия, признаков роли не выявлено: входящих 1, исходящих 0, получено 40,000 ₸ (предварительно)",4,False,1,0,1,0,40000.0,0.0,0.0,"периферия, признаков роли не выявлено",1366
100000003093299100,terminal,0.5,0,0.3173932384341637,"конечный получатель в пределах выгрузки: входящих 1, исходящих 0, получено 15,000 ₸ (предварительно)",3,False,1,0,1,0,15000.0,0.0,0.0,конечный получатель в пределах выгрузки,1367
100000003095610100,terminal,0.5,0,0.3173932384341637,"конечный получатель в пределах выгрузки: входящих 1, исходящих 0, получено 23,665 ₸ (предварительно)",3,False,1,0,1,0,23665.0,0.0,0.0,конечный получатель в пределах выгрузки,1368
100000003096787100,peripheral,0.5,0,0.3173932384341637,"периферия, признаков роли не выявлено: входящих 1, исходящих 0, получено 16,400 ₸ (предварительно)",4,False,1,0,1,0,16400.0,0.0,0.0,"периферия, признаков роли не выявлено",1369
100000003097324100,terminal,0.5,0,0.6983985765124555,"конечный получатель в пределах выгрузки: входящих 2, исходящих 0, получено 294,000 ₸ (предварительно)",3,False,2,0,2,0,294000.0,0.0,0.0,конечный получатель в пределах выгрузки,649
100000003097947100,peripheral,0.5,0,0.3173932384341637,"периферия, признаков роли не выявлено: входящих 1, исходящих 0, получено 52,980 ₸ (предварительно)",4,False,1,0,1,0,52980.0,0.0,0.0,"периферия, признаков роли не выявлено",1370
100000003102157100,terminal,0.5,0,0.3173932384341637,"конечный получатель в пределах выгрузки: входящих 1, исходящих 0, получено 96,746 ₸ (предварительно)",1,False,1,0,2,0,96746.0,0.0,0.0,конечный получатель в пределах выгрузки,1371
100000003104347100,peripheral,0.5,0,0.6983985765124555,"периферия, признаков роли не выявлено: входящих 1, исходящих 1, получено 418,000 ₸ (предварительно)",2,False,1,1,1,1,418000.0,32000.0,0.07655502392344497,"периферия, признаков роли не выявлено",650
100000003105089100,peripheral,0.5,0,0.3173932384341637,"периферия, признаков роли не выявлено: входящих 1, исходящих 0, получено 10,000 ₸ (предварительно)",4,False,1,0,1,0,10000.0,0.0,0.0,"периферия, признаков роли не выявлено",1372
100000003105929100,peripheral,0.5,0,0.6983985765124555,"периферия, признаков роли не выявлено: входящих 1, исходящих 1, получено 429,567 ₸ (предварительно)",3,False,1,1,2,1,429567.0,156354.0,0.3639804733603838,"периферия, признаков роли не выявлено",651
100000003109805100,terminal,0.5,0,0.3173932384341637,"конечный получатель в пределах выгрузки: входящих 1, исходящих 0, получено 36,929 ₸ (предварительно)",3,False,1,0,1,0,36929.0,0.0,0.0,конечный получатель в пределах выгрузки,1373
100000003111305100,terminal,0.5,0,0.8698843416370107,"конечный получатель в пределах выгрузки: входящих 4, исходящих 0, получено 509,338 ₸ (предварительно)",3,False,4,0,4,0,509338.0,0.0,0.0,конечный получатель в пределах выгрузки,281
100000003112436100,terminal,0.5,0,0.3173932384341637,"конечный получатель в пределах выгрузки: входящих 1, исходящих 0, получено 100,000 ₸ (предварительно)",2,False,1,0,1,0,100000.0,0.0,0.0,конечный получатель в пределах выгрузки,1374
100000003112578100,terminal,0.5,0,0.3173932384341637,"конечный получатель в пределах выгрузки: входящих 1, исходящих 0, получено 101,080 ₸ (предварительно)",3,False,1,0,1,0,101080.0,0.0,0.0,конечный получатель в пределах выгрузки,1375
100000003115284100,consolidator,0.5,0,0.9621886120996441,"признаки точки консолидации: входящих 8, исходящих 2, получено 2,160,500 ₸ (предварительно)",1,False,8,2,15,4,2160500.0,517000.0,0.23929645915297384,признаки точки консолидации,81
100000003116106100,terminal,0.5,0,0.3173932384341637,"конечный получатель в пределах выгрузки: входящих 1, исходящих 0, получено 494,050 ₸ (предварительно)",3,False,1,0,2,0,494050.0,0.0,0.0,конечный получатель в пределах выгрузки,1376
100000003119550100,terminal,0.5,1,0.3173932384341637,"конечный получатель в пределах выгрузки: входящих 1, исходящих 0, получено 21,000 ₸ (предварительно)",1,False,1,0,1,0,21000.0,0.0,0.0,конечный получатель в пределах выгрузки,1377
100000003122817100,terminal,0.5,0,0.3173932384341637,"конечный получатель в пределах выгрузки: входящих 1, исходящих 0, получено 444,680 ₸ (предварительно)",3,False,1,0,1,0,444680.0,0.0,0.0,конечный получатель в пределах выгрузки,1378
100000003123296100,terminal,0.5,0,0.3173932384341637,"конечный получатель в пределах выгрузки: входящих 1, исходящих 0, получено 86,200 ₸ (предварительно)",1,False,1,0,2,0,86200.0,0.0,0.0,конечный получатель в пределах выгрузки,1379
100000003125997100,peripheral,0.5,0,0.3173932384341637,"периферия, признаков роли не выявлено: входящих 1, исходящих 0, получено 87,750 ₸ (предварительно)",4,False,1,0,1,0,87750.0,0.0,0.0,"периферия, признаков роли не выявлено",1380
100000003128638100,peripheral,0.5,0,0.3173932384341637,"периферия, признаков роли не выявлено: входящих 1, исходящих 0, получено 300,000 ₸ (предварительно)",4,False,1,0,1,0,300000.0,0.0,0.0,"периферия, признаков роли не выявлено",1381
100000003131016100,peripheral,0.5,0,0.6983985765124555,"периферия, признаков роли не выявлено: входящих 1, исходящих 1, получено 405,700 ₸ (предварительно)",2,False,1,1,7,4,405700.0,126000.0,0.31057431599704216,"периферия, признаков роли не выявлено",652
100000003131693100,terminal,0.5,0,0.3173932384341637,"конечный получатель в пределах выгрузки: входящих 1, исходящих 0, получено 353,277 ₸ (предварительно)",1,False,1,0,1,0,353277.0,0.0,0.0,конечный получатель в пределах выгрузки,1382
100000003132484100,terminal,0.5,0,0.3173932384341637,"конечный получатель в пределах выгрузки: входящих 1, исходящих 0, получено 90,000 ₸ (предварительно)",3,False,1,0,1,0,90000.0,0.0,0.0,конечный получатель в пределах выгрузки,1383
100000003133045100,peripheral,0.5,0,0.3173932384341637,"периферия, признаков роли не выявлено: входящих 1, исходящих 0, получено 68,000 ₸ (предварительно)",4,False,1,0,1,0,68000.0,0.0,0.0,"периферия, признаков роли не выявлено",1384
100000003134474100,terminal,0.5,0,0.3173932384341637,"конечный получатель в пределах выгрузки: входящих 1, исходящих 0, получено 116,000 ₸ (предварительно)",3,False,1,0,1,0,116000.0,0.0,0.0,конечный получатель в пределах выгрузки,1385
100000003134550100,peripheral,0.5,0,0.3173932384341637,"периферия, признаков роли не выявлено: входящих 1, исходящих 0, получено 100,000 ₸ (предварительно)",4,False,1,0,1,0,100000.0,0.0,0.0,"периферия, признаков роли не выявлено",1386
100000003134934100,terminal,0.5,0,0.8698843416370107,"конечный получатель в пределах выгрузки: входящих 4, исходящих 0, получено 379,354 ₸ (предварительно)",2,False,4,0,4,0,379354.0,0.0,0.0,конечный получатель в пределах выгрузки,282
100000003134937100,terminal,0.5,0,0.3173932384341637,"конечный получатель в пределах выгрузки: входящих 1, исходящих 0, получено 10,286 ₸ (предварительно)",1,False,1,0,1,0,10286.0,0.0,0.0,конечный получатель в пределах выгрузки,1387
100000003146511100,peripheral,0.5,0,0.3173932384341637,"периферия, признаков роли не выявлено: входящих 1, исходящих 0, получено 10,000 ₸ (предварительно)",4,False,1,0,1,0,10000.0,0.0,0.0,"периферия, признаков роли не выявлено",1388
100000003147719100,terminal,0.5,0,0.3173932384341637,"конечный получатель в пределах выгрузки: входящих 1, исходящих 0, получено 100,000 ₸ (предварительно)",3,False,1,0,1,0,100000.0,0.0,0.0,конечный получатель в пределах выгрузки,1389
100000003148220100,peripheral,0.5,11,0.8111654804270463,"периферия, признаков роли не выявлено: входящих 1, исходящих 2, получено 5,650 ₸ (предварительно)",1,False,1,2,1,4,5650.0,43400.0,7.68141592920354,"периферия, признаков роли не выявлено",401
100000003149149100,terminal,0.5,0,0.3173932384341637,"конечный получатель в пределах выгрузки: входящих 1, исходящих 0, получено 245,000 ₸ (предварительно)",3,False,1,0,1,0,245000.0,0.0,0.0,конечный получатель в пределах выгрузки,1390
100000003152964100,peripheral,0.5,0,0.6983985765124555,"периферия, признаков роли не выявлено: входящих 1, исходящих 1, получено 141,847 ₸ (предварительно)",3,False,1,1,1,1,141847.0,5500.0,0.03877417217142414,"периферия, признаков роли не выявлено",653
100000003154105100,peripheral,0.5,0,0.9497330960854092,"периферия, признаков роли не выявлено: входящих 1, исходящих 7, получено 60,000 ₸ (предварительно)",3,False,1,7,1,9,60000.0,338000.0,5.633333333333334,"периферия, признаков роли не выявлено",104
100000003157333100,terminal,0.5,0,0.3173932384341637,"конечный получатель в пределах выгрузки: входящих 1, исходящих 0, получено 30,000 ₸ (предварительно)",2,False,1,0,1,0,30000.0,0.0,0.0,конечный получатель в пределах выгрузки,1391
100000003157679100,terminal,0.5,0,0.8698843416370107,"конечный получатель в пределах выгрузки: входящих 4, исходящих 0, получено 541,000 ₸ (предварительно)",3,False,4,0,4,0,541000.0,0.0,0.0,конечный получатель в пределах выгрузки,283
100000003158727100,terminal,0.5,0,0.8111654804270463,"конечный получатель в пределах выгрузки: входящих 3, исходящих 0, получено 367,940 ₸ (предварительно)",1,False,3,0,3,0,367940.0,0.0,0.0,конечный получатель в пределах выгрузки,402
100000003159641100,peripheral,0.5,0,0.900355871886121,"периферия, признаков роли не выявлено: входящих 4, исходящих 1, получено 64,000 ₸ (предварительно)",2,False,4,1,7,1,64000.0,197800.0,3.090625,"периферия, признаков роли не выявлено",221
100000003163256100,transit,0.5,0,0.6983985765124555,"признаки транзитного счёта: входящих 1, исходящих 1, получено 13,485 ₸ (предварительно)",1,False,1,1,1,1,13485.0,15000.0,1.1123470522803114,признаки транзитного счёта,654
100000003163886100,terminal,0.5,0,0.3173932384341637,"конечный получатель в пределах выгрузки: входящих 1, исходящих 0, получено 500,000 ₸ (предварительно)",3,False,1,0,1,0,500000.0,0.0,0.0,конечный получатель в пределах выгрузки,1392
100000003164661100,terminal,0.5,3,0.3173932384341637,"конечный получатель в пределах выгрузки: входящих 1, исходящих 0, получено 596,200 ₸ (предварительно)",3,False,1,0,3,0,596200.0,0.0,0.0,конечный получатель в пределах выгрузки,1393
100000003166017100,peripheral,0.5,0,0.3173932384341637,"периферия, признаков роли не выявлено: входящих 1, исходящих 0, получено 15,000 ₸ (предварительно)",4,False,1,0,1,0,15000.0,0.0,0.0,"периферия, признаков роли не выявлено",1394
100000003166755100,terminal,0.5,0,0.3173932384341637,"конечный получатель в пределах выгрузки: входящих 1, исходящих 0, получено 24,010 ₸ (предварительно)",2,False,1,0,1,0,24010.0,0.0,0.0,конечный получатель в пределах выгрузки,1395
100000003171006100,terminal,0.5,0,0.6983985765124555,"конечный получатель в пределах выгрузки: входящих 2, исходящих 0, получено 485,000 ₸ (предварительно)",3,False,2,0,2,0,485000.0,0.0,0.0,конечный получатель в пределах выгрузки,655
100000003171587100,peripheral,0.5,0,0.8698843416370107,"периферия, признаков роли не выявлено: входящих 2, исходящих 2, получено 700,000 ₸ (предварительно)",3,False,2,2,2,7,700000.0,431300.0,0.6161428571428571,"периферия, признаков роли не выявлено",284
100000003173783100,peripheral,0.5,0,0.3173932384341637,"периферия, признаков роли не выявлено: входящих 1, исходящих 0, получено 23,500 ₸ (предварительно)",4,False,1,0,2,0,23500.0,0.0,0.0,"периферия, признаков роли не выявлено",1396
100000003177533100,peripheral,0.5,0,0.3173932384341637,"периферия, признаков роли не выявлено: входящих 1, исходящих 0, получено 20,000 ₸ (предварительно)",4,False,1,0,3,0,20000.0,0.0,0.0,"периферия, признаков роли не выявлено",1397
100000003178549100,peripheral,0.5,0,0.922153024911032,"периферия, признаков роли не выявлено: входящих 2, исходящих 4, получено 250,000 ₸ (предварительно)",3,False,2,4,2,4,250000.0,89080.0,0.35632,"периферия, признаков роли не выявлено",168
100000003180305100,peripheral,0.5,0,0.3173932384341637,"периферия, признаков роли не выявлено: входящих 1, исходящих 0, получено 144,000 ₸ (предварительно)",4,False,1,0,1,0,144000.0,0.0,0.0,"периферия, признаков роли не выявлено",1398
100000003180820100,peripheral,0.5,0,0.3173932384341637,"периферия, признаков роли не выявлено: входящих 1, исходящих 0, получено 101,000 ₸ (предварительно)",4,False,1,0,1,0,101000.0,0.0,0.0,"периферия, признаков роли не выявлено",1399
100000003186579100,peripheral,0.5,0,0.3173932384341637,"периферия, признаков роли не выявлено: входящих 1, исходящих 0, получено 110,000 ₸ (предварительно)",4,False,1,0,2,0,110000.0,0.0,0.0,"периферия, признаков роли не выявлено",1400
100000003187359100,terminal,0.5,1,0.3173932384341637,"конечный получатель в пределах выгрузки: входящих 1, исходящих 0, получено 19,072 ₸ (предварительно)",1,False,1,0,1,0,19072.0,0.0,0.0,конечный получатель в пределах выгрузки,1401
100000003188607100,peripheral,0.5,0,0.6983985765124555,"периферия, признаков роли не выявлено: входящих 1, исходящих 1, получено 18,000 ₸ (предварительно)",2,False,1,1,1,1,18000.0,5000.0,0.2777777777777778,"периферия, признаков роли не выявлено",656
100000003190207100,peripheral,0.5,0,0.6983985765124555,"периферия, признаков роли не выявлено: входящих 1, исходящих 1, получено 5,000 ₸ (предварительно)",3,False,1,1,1,8,5000.0,377000.0,75.4,"периферия, признаков роли не выявлено",657
100000003191430100,terminal,0.5,0,0.3173932384341637,"конечный получатель в пределах выгрузки: входящих 1, исходящих 0, получено 180,000 ₸ (предварительно)",2,False,1,0,1,0,180000.0,0.0,0.0,конечный получатель в пределах выгрузки,1402
100000003192220100,terminal,0.5,0,0.3173932384341637,"конечный получатель в пределах выгрузки: входящих 1, исходящих 0, получено 60,000 ₸ (предварительно)",2,False,1,0,2,0,60000.0,0.0,0.0,конечный получатель в пределах выгрузки,1403
100000003192309100,peripheral,0.5,1,0.6983985765124555,"периферия, признаков роли не выявлено: входящих 1, исходящих 1, получено 17,200 ₸ (предварительно)",3,False,1,1,1,1,17200.0,213000.0,12.383720930232558,"периферия, признаков роли не выявлено",658
100000003194831100,peripheral,0.5,0,0.3173932384341637,"периферия, признаков роли не выявлено: входящих 1, исходящих 0, получено 6,265 ₸ (предварительно)",4,False,1,0,1,0,6265.0,0.0,0.0,"периферия, признаков роли не выявлено",1404
100000003199390100,peripheral,0.5,0,0.3173932384341637,"периферия, признаков роли не выявлено: входящих 1, исходящих 0, получено 260,000 ₸ (предварительно)",4,False,1,0,1,0,260000.0,0.0,0.0,"периферия, признаков роли не выявлено",1405
100000003200071100,peripheral,0.5,14,0.3173932384341637,"периферия, признаков роли не выявлено: входящих 0, исходящих 1, получено 0 ₸ (предварительно)",0,True,0,1,0,1,0.0,30000.0,,"периферия, признаков роли не выявлено",1406
100000003204491100,peripheral,0.5,0,0.6983985765124555,"периферия, признаков роли не выявлено: входящих 1, исходящих 1, получено 140,000 ₸ (предварительно)",3,False,1,1,1,2,140000.0,100000.0,0.7142857142857143,"периферия, признаков роли не выявлено",659
100000003205210100,terminal,0.5,0,0.3173932384341637,"конечный получатель в пределах выгрузки: входящих 1, исходящих 0, получено 137,563 ₸ (предварительно)",1,False,1,0,1,0,137563.0,0.0,0.0,конечный получатель в пределах выгрузки,1407
100000003207060100,peripheral,0.5,0,0.3173932384341637,"периферия, признаков роли не выявлено: входящих 1, исходящих 0, получено 53,000 ₸ (предварительно)",4,False,1,0,1,0,53000.0,0.0,0.0,"периферия, признаков роли не выявлено",1408
100000003213473100,distributor,0.5,0,0.9713078291814946,"признаки веерного распределения: входящих 1, исходящих 11, получено 57,500 ₸ (предварительно)",3,False,1,11,2,12,57500.0,240000.0,4.173913043478261,признаки веерного распределения,63
100000003214786100,peripheral,0.5,0,0.3173932384341637,"периферия, признаков роли не выявлено: входящих 1, исходящих 0, получено 5,000 ₸ (предварительно)",4,False,1,0,1,0,5000.0,0.0,0.0,"периферия, признаков роли не выявлено",1409
100000003215448100,peripheral,0.5,0,0.8111654804270463,"периферия, признаков роли не выявлено: входящих 1, исходящих 2, получено 91,309 ₸ (предварительно)",3,False,1,2,1,4,91309.0,124000.0,1.3580260434349298,"периферия, признаков роли не выявлено",403
100000003216073100,peripheral,0.5,0,0.6983985765124555,"периферия, признаков роли не выявлено: входящих 1, исходящих 1, получено 37,001 ₸ (предварительно)",3,False,1,1,1,1,37001.0,70000.0,1.891840761060512,"периферия, признаков роли не выявлено",660
100000003218308100,terminal,0.5,0,0.3173932384341637,"конечный получатель в пределах выгрузки: входящих 1, исходящих 0, получено 11,165 ₸ (предварительно)",3,False,1,0,1,0,11165.0,0.0,0.0,конечный получатель в пределах выгрузки,1410
100000003219438100,terminal,0.5,0,0.3173932384341637,"конечный получатель в пределах выгрузки: входящих 1, исходящих 0, получено 32,000 ₸ (предварительно)",2,False,1,0,1,0,32000.0,0.0,0.0,конечный получатель в пределах выгрузки,1411
100000003220685100,peripheral,0.5,0,0.3173932384341637,"периферия, признаков роли не выявлено: входящих 1, исходящих 0, получено 1,306,000 ₸ (предварительно)",4,False,1,0,2,0,1306000.0,0.0,0.0,"периферия, признаков роли не выявлено",1412
100000003221384100,terminal,0.5,0,0.3173932384341637,"конечный получатель в пределах выгрузки: входящих 1, исходящих 0, получено 511,200 ₸ (предварительно)",2,False,1,0,1,0,511200.0,0.0,0.0,конечный получатель в пределах выгрузки,1413
100000003221510100,peripheral,0.5,0,0.8111654804270463,"периферия, признаков роли не выявлено: входящих 1, исходящих 2, получено 24,000 ₸ (предварительно)",3,False,1,2,1,3,24000.0,120000.0,5.0,"периферия, признаков роли не выявлено",404
100000003230328100,peripheral,0.5,0,0.8111654804270463,"периферия, признаков роли не выявлено: входящих 3, исходящих 0, получено 26,572 ₸ (предварительно)",4,False,3,0,3,0,26572.0,0.0,0.0,"периферия, признаков роли не выявлено",405
100000003230329100,peripheral,0.5,0,0.3173932384341637,"периферия, признаков роли не выявлено: входящих 1, исходящих 0, получено 110,000 ₸ (предварительно)",4,False,1,0,1,0,110000.0,0.0,0.0,"периферия, признаков роли не выявлено",1414
100000003232675100,peripheral,0.5,0,0.3173932384341637,"периферия, признаков роли не выявлено: входящих 1, исходящих 0, получено 44,000 ₸ (предварительно)",4,False,1,0,2,0,44000.0,0.0,0.0,"периферия, признаков роли не выявлено",1415
100000003235780100,terminal,0.5,0,0.6983985765124555,"конечный получатель в пределах выгрузки: входящих 2, исходящих 0, получено 65,000 ₸ (предварительно)",1,False,2,0,2,0,65000.0,0.0,0.0,конечный получатель в пределах выгрузки,661
100000003237045100,peripheral,0.5,0,0.6983985765124555,"периферия, признаков роли не выявлено: входящих 1, исходящих 1, получено 340,200 ₸ (предварительно)",2,False,1,1,2,1,340200.0,150000.0,0.4409171075837742,"периферия, признаков роли не выявлено",662
100000003239379100,terminal,0.5,0,0.3173932384341637,"конечный получатель в пределах выгрузки: входящих 1, исходящих 0, получено 92,500 ₸ (предварительно)",1,False,1,0,1,0,92500.0,0.0,0.0,конечный получатель в пределах выгрузки,1416
100000003239859100,terminal,0.5,0,0.3173932384341637,"конечный получатель в пределах выгрузки: входящих 1, исходящих 0, получено 18,600 ₸ (предварительно)",1,False,1,0,1,0,18600.0,0.0,0.0,конечный получатель в пределах выгрузки,1417
100000003241965100,terminal,0.5,0,0.3173932384341637,"конечный получатель в пределах выгрузки: входящих 1, исходящих 0, получено 15,000 ₸ (предварительно)",3,False,1,0,1,0,15000.0,0.0,0.0,конечный получатель в пределах выгрузки,1418
100000003242289100,distributor,0.5,0,0.9891014234875445,"признаки веерного распределения: входящих 3, исходящих 23, получено 550,791 ₸ (предварительно)",2,False,3,23,8,26,550791.0,2377741.0,4.316956885642648,признаки веерного распределения,25
100000003242795100,terminal,0.5,0,0.3173932384341637,"конечный получатель в пределах выгрузки: входящих 1, исходящих 0, получено 111,000 ₸ (предварительно)",3,False,1,0,1,0,111000.0,0.0,0.0,конечный получатель в пределах выгрузки,1419
100000003246024100,peripheral,0.5,0,0.6983985765124555,"периферия, признаков роли не выявлено: входящих 1, исходящих 1, получено 25,000 ₸ (предварительно)",2,False,1,1,1,1,25000.0,5000.0,0.2,"периферия, признаков роли не выявлено",663
100000003247600100,peripheral,0.5,0,0.3173932384341637,"периферия, признаков роли не выявлено: входящих 1, исходящих 0, получено 58,000 ₸ (предварительно)",4,False,1,0,1,0,58000.0,0.0,0.0,"периферия, признаков роли не выявлено",1420
100000003249054100,consolidator,0.5,0,0.9497330960854092,"признаки точки консолидации: входящих 7, исходящих 1, получено 99,700 ₸ (предварительно)",2,False,7,1,11,1,99700.0,15000.0,0.15045135406218657,признаки точки консолидации,105
100000003252446100,peripheral,0.5,0,0.3173932384341637,"периферия, признаков роли не выявлено: входящих 1, исходящих 0, получено 108,600 ₸ (предварительно)",4,False,1,0,1,0,108600.0,0.0,0.0,"периферия, признаков роли не выявлено",1421
100000003254277100,transit,0.5,0,0.6983985765124555,"признаки транзитного счёта: входящих 1, исходящих 1, получено 49,200 ₸ (предварительно)",3,False,1,1,1,1,49200.0,44997.0,0.9145731707317073,признаки транзитного счёта,664
100000003254723100,terminal,0.5,0,0.3173932384341637,"конечный получатель в пределах выгрузки: входящих 1, исходящих 0, получено 269,850 ₸ (предварительно)",2,False,1,0,6,0,269850.0,0.0,0.0,конечный получатель в пределах выгрузки,1422
100000003265158100,transit,0.5,0,0.900355871886121,"признаки транзитного счёта: входящих 3, исходящих 2, получено 146,100 ₸ (предварительно)",1,False,3,2,3,4,146100.4,154200.0,1.055438588806054,признаки транзитного счёта,222
100000003265658100,peripheral,0.5,17,0.004448398576512456,"периферия, признаков роли не выявлено: входящих 0, исходящих 0, получено 0 ₸ (предварительно)",0,True,0,0,0,0,0.0,0.0,,"периферия, признаков роли не выявлено",2231
100000003270419100,terminal,0.5,0,0.3173932384341637,"конечный получатель в пределах выгрузки: входящих 1, исходящих 0, получено 150,000 ₸ (предварительно)",3,False,1,0,1,0,150000.0,0.0,0.0,конечный получатель в пределах выгрузки,1423
100000003271151100,terminal,0.5,0,0.3173932384341637,"конечный получатель в пределах выгрузки: входящих 1, исходящих 0, получено 127,294 ₸ (предварительно)",3,False,1,0,1,0,127294.0,0.0,0.0,конечный получатель в пределах выгрузки,1424
100000003275398100,peripheral,0.5,2,0.6983985765124555,"периферия, признаков роли не выявлено: входящих 1, исходящих 1, получено 300,000 ₸ (предварительно)",2,False,1,1,1,1,300000.0,20000.0,0.06666666666666667,"периферия, признаков роли не выявлено",665
100000003278020100,terminal,0.5,0,0.3173932384341637,"конечный получатель в пределах выгрузки: входящих 1, исходящих 0, получено 190,000 ₸ (предварительно)",2,False,1,0,1,0,190000.0,0.0,0.0,конечный получатель в пределах выгрузки,1425
100000003284932100,terminal,0.5,0,0.3173932384341637,"конечный получатель в пределах выгрузки: входящих 1, исходящих 0, получено 69,925 ₸ (предварительно)",1,False,1,0,1,0,69925.0,0.0,0.0,конечный получатель в пределах выгрузки,1426
100000003286537100,terminal,0.5,0,0.6983985765124555,"конечный получатель в пределах выгрузки: входящих 2, исходящих 0, получено 153,000 ₸ (предварительно)",3,False,2,0,2,0,153000.0,0.0,0.0,конечный получатель в пределах выгрузки,666
100000003289281100,peripheral,0.5,0,0.3173932384341637,"периферия, признаков роли не выявлено: входящих 1, исходящих 0, получено 40,000 ₸ (предварительно)",4,False,1,0,1,0,40000.0,0.0,0.0,"периферия, признаков роли не выявлено",1427
100000003289405100,terminal,0.5,0,0.3173932384341637,"конечный получатель в пределах выгрузки: входящих 1, исходящих 0, получено 355,000 ₸ (предварительно)",2,False,1,0,1,0,355000.0,0.0,0.0,конечный получатель в пределах выгрузки,1428
100000003292191100,terminal,0.5,0,0.3173932384341637,"конечный получатель в пределах выгрузки: входящих 1, исходящих 0, получено 112,000 ₸ (предварительно)",3,False,1,0,1,0,112000.0,0.0,0.0,конечный получатель в пределах выгрузки,1429
100000003292979100,terminal,0.5,0,0.3173932384341637,"конечный получатель в пределах выгрузки: входящих 1, исходящих 0, получено 48,950 ₸ (предварительно)",2,False,1,0,1,0,48950.0,0.0,0.0,конечный получатель в пределах выгрузки,1430
100000003293377100,terminal,0.5,0,0.3173932384341637,"конечный получатель в пределах выгрузки: входящих 1, исходящих 0, получено 50,000 ₸ (предварительно)",3,False,1,0,1,0,50000.0,0.0,0.0,конечный получатель в пределах выгрузки,1431
100000003299365100,transit,0.5,0,0.6983985765124555,"признаки транзитного счёта: входящих 1, исходящих 1, получено 200,000 ₸ (предварительно)",1,False,1,1,1,1,200000.0,200000.0,1.0,признаки транзитного счёта,667
100000003321423100,terminal,0.5,0,0.3173932384341637,"конечный получатель в пределах выгрузки: входящих 1, исходящих 0, получено 100,000 ₸ (предварительно)",2,False,1,0,2,0,100000.0,0.0,0.0,конечный получатель в пределах выгрузки,1432
100000003321895100,peripheral,0.5,0,0.8111654804270463,"периферия, признаков роли не выявлено: входящих 1, исходящих 2, получено 24,000 ₸ (предварительно)",3,False,1,2,1,3,24000.0,553830.0,23.07625,"периферия, признаков роли не выявлено",406
100000003336565100,terminal,0.5,1,0.3173932384341637,"конечный получатель в пределах выгрузки: входящих 1, исходящих 0, получено 16,550 ₸ (предварительно)",2,False,1,0,1,0,16550.0,0.0,0.0,конечный получатель в пределах выгрузки,1433
100000003338583100,terminal,0.5,2,0.3173932384341637,"конечный получатель в пределах выгрузки: входящих 1, исходящих 0, получено 21,765 ₸ (предварительно)",3,False,1,0,1,0,21765.0,0.0,0.0,конечный получатель в пределах выгрузки,1434
100000003345947100,peripheral,0.5,0,0.3173932384341637,"периферия, признаков роли не выявлено: входящих 1, исходящих 0, получено 79,500 ₸ (предварительно)",4,False,1,0,6,0,79500.0,0.0,0.0,"периферия, признаков роли не выявлено",1435
100000003349739100,peripheral,0.5,18,0.004448398576512456,"периферия, признаков роли не выявлено: входящих 0, исходящих 0, получено 0 ₸ (предварительно)",0,True,0,0,0,0,0.0,0.0,,"периферия, признаков роли не выявлено",2232
100000003360542100,peripheral,0.5,0,0.8698843416370107,"периферия, признаков роли не выявлено: входящих 2, исходящих 2, получено 317,000 ₸ (предварительно)",2,False,2,2,3,5,317000.0,51800.0,0.16340694006309148,"периферия, признаков роли не выявлено",285
100000003366154100,peripheral,0.5,0,0.8698843416370107,"периферия, признаков роли не выявлено: входящих 1, исходящих 3, получено 125,000 ₸ (предварительно)",1,False,1,3,1,3,125000.0,289170.0,2.31336,"периферия, признаков роли не выявлено",286
100000003366471100,peripheral,0.5,0,0.8111654804270463,"периферия, признаков роли не выявлено: входящих 2, исходящих 1, получено 329,789 ₸ (предварительно)",3,False,2,1,5,1,329789.0,20000.0,0.0606448365470043,"периферия, признаков роли не выявлено",407
100000003370425100,peripheral,0.5,0,0.3173932384341637,"периферия, признаков роли не выявлено: входящих 1, исходящих 0, получено 20,000 ₸ (предварительно)",4,False,1,0,1,0,20000.0,0.0,0.0,"периферия, признаков роли не выявлено",1436
100000003377795100,terminal,0.5,0,0.3173932384341637,"конечный получатель в пределах выгрузки: входящих 1, исходящих 0, получено 7,000 ₸ (предварительно)",1,False,1,0,1,0,7000.0,0.0,0.0,конечный получатель в пределах выгрузки,1437
100000003390036100,peripheral,0.5,0,0.8698843416370107,"периферия, признаков роли не выявлено: входящих 2, исходящих 2, получено 231,300 ₸ (предварительно)",2,False,2,2,4,2,231300.0,62000.0,0.2680501513186338,"периферия, признаков роли не выявлено",287
100000003404627100,terminal,0.5,0,0.8698843416370107,"конечный получатель в пределах выгрузки: входящих 4, исходящих 0, получено 877,700 ₸ (предварительно)",1,False,4,0,5,0,877700.0,0.0,0.0,конечный получатель в пределах выгрузки,288
100000003406094100,peripheral,0.5,0,0.8698843416370107,"периферия, признаков роли не выявлено: входящих 1, исходящих 3, получено 70,000 ₸ (предварительно)",3,False,1,3,4,3,70000.0,47000.0,0.6714285714285714,"периферия, признаков роли не выявлено",289
100000003447411100,peripheral,0.5,0,0.3173932384341637,"периферия, признаков роли не выявлено: входящих 1, исходящих 0, получено 302,000 ₸ (предварительно)",4,False,1,0,3,0,302000.0,0.0,0.0,"периферия, признаков роли не выявлено",1438
100000003448713100,peripheral,0.5,0,0.3173932384341637,"периферия, признаков роли не выявлено: входящих 1, исходящих 0, получено 266,750 ₸ (предварительно)",4,False,1,0,1,0,266750.0,0.0,0.0,"периферия, признаков роли не выявлено",1439
100000003449074100,terminal,0.5,0,0.3173932384341637,"конечный получатель в пределах выгрузки: входящих 1, исходящих 0, получено 10,000 ₸ (предварительно)",1,False,1,0,1,0,10000.0,0.0,0.0,конечный получатель в пределах выгрузки,1440
100000003457710100,peripheral,0.5,0,0.6983985765124555,"периферия, признаков роли не выявлено: входящих 1, исходящих 1, получено 326,555 ₸ (предварительно)",3,False,1,1,1,2,326555.0,1306000.0,3.999326300316945,"периферия, признаков роли не выявлено",668
100000003470579100,peripheral,0.5,0,0.3173932384341637,"периферия, признаков роли не выявлено: входящих 1, исходящих 0, получено 357,000 ₸ (предварительно)",4,False,1,0,2,0,357000.0,0.0,0.0,"периферия, признаков роли не выявлено",1441
100000003476560100,terminal,0.5,0,0.3173932384341637,"конечный получатель в пределах выгрузки: входящих 1, исходящих 0, получено 50,000 ₸ (предварительно)",1,False,1,0,1,0,50000.0,0.0,0.0,конечный получатель в пределах выгрузки,1442
100000003481025100,peripheral,0.5,0,0.3173932384341637,"периферия, признаков роли не выявлено: входящих 1, исходящих 0, получено 9,000 ₸ (предварительно)",4,False,1,0,1,0,9000.0,0.0,0.0,"периферия, признаков роли не выявлено",1443
100000003484058100,peripheral,0.5,0,0.6983985765124555,"периферия, признаков роли не выявлено: входящих 1, исходящих 1, получено 110,000 ₸ (предварительно)",3,False,1,1,1,1,110000.0,6000.0,0.05454545454545454,"периферия, признаков роли не выявлено",669
100000003486846100,peripheral,0.5,0,0.3173932384341637,"периферия, признаков роли не выявлено: входящих 1, исходящих 0, получено 27,000 ₸ (предварительно)",4,False,1,0,2,0,27000.0,0.0,0.0,"периферия, признаков роли не выявлено",1444
100000003486970100,terminal,0.5,0,0.3173932384341637,"конечный получатель в пределах выгрузки: входящих 1, исходящих 0, получено 150,000 ₸ (предварительно)",3,False,1,0,1,0,150000.0,0.0,0.0,конечный получатель в пределах выгрузки,1445
100000003497735100,terminal,0.5,0,0.3173932384341637,"конечный получатель в пределах выгрузки: входящих 1, исходящих 0, получено 125,000 ₸ (предварительно)",3,False,1,0,1,0,125000.0,0.0,0.0,конечный получатель в пределах выгрузки,1446
100000003500764100,peripheral,0.5,0,0.3173932384341637,"периферия, признаков роли не выявлено: входящих 1, исходящих 0, получено 21,000 ₸ (предварительно)",4,False,1,0,1,0,21000.0,0.0,0.0,"периферия, признаков роли не выявлено",1447
100000003509750100,transit,0.5,0,0.922153024911032,"признаки транзитного счёта: входящих 3, исходящих 3, получено 82,290 ₸ (предварительно)",2,False,3,3,4,5,82290.0,78400.0,0.9527281565196257,признаки транзитного счёта,169
100000003528285100,peripheral,0.5,0,0.9497330960854092,"периферия, признаков роли не выявлено: входящих 4, исходящих 4, получено 118,870 ₸ (предварительно)",3,False,4,4,5,6,118870.0,548000.0,4.6100782367292,"периферия, признаков роли не выявлено",106
100000003557488100,peripheral,0.5,0,0.8111654804270463,"периферия, признаков роли не выявлено: входящих 1, исходящих 2, получено 664,992 ₸ (предварительно)",3,False,1,2,3,4,664992.0,138000.0,0.20752129348924497,"периферия, признаков роли не выявлено",408
100000003561031100,peripheral,0.5,0,0.6983985765124555,"периферия, признаков роли не выявлено: входящих 1, исходящих 1, получено 13,300 ₸ (предварительно)",3,False,1,1,1,1,13300.0,5000.0,0.37593984962406013,"периферия, признаков роли не выявлено",670
100000003567087100,terminal,0.5,1,0.3173932384341637,"конечный получатель в пределах выгрузки: входящих 1, исходящих 0, получено 62,115 ₸ (предварительно)",1,False,1,0,1,0,62115.0,0.0,0.0,конечный получатель в пределах выгрузки,1448
100000003568904100,peripheral,0.5,0,0.3173932384341637,"периферия, признаков роли не выявлено: входящих 1, исходящих 0, получено 49,000 ₸ (предварительно)",4,False,1,0,1,0,49000.0,0.0,0.0,"периферия, признаков роли не выявлено",1449
100000003574895100,peripheral,0.5,0,0.6983985765124555,"периферия, признаков роли не выявлено: входящих 1, исходящих 1, получено 27,968 ₸ (предварительно)",3,False,1,1,1,1,27968.0,20000.0,0.7151029748283753,"периферия, признаков роли не выявлено",671
100000003581109100,terminal,0.5,0,0.3173932384341637,"конечный получатель в пределах выгрузки: входящих 1, исходящих 0, получено 42,750 ₸ (предварительно)",3,False,1,0,1,0,42750.0,0.0,0.0,конечный получатель в пределах выгрузки,1450
100000003582677100,peripheral,0.5,0,0.922153024911032,"периферия, признаков роли не выявлено: входящих 2, исходящих 4, получено 29,757 ₸ (предварительно)",3,False,2,4,2,5,29756.989999999998,56000.0,1.881910771217116,"периферия, признаков роли не выявлено",170
100000003589877100,peripheral,0.5,0,0.9497330960854092,"периферия, признаков роли не выявлено: входящих 2, исходящих 6, получено 176,000 ₸ (предварительно)",1,False,2,6,2,6,176000.0,416129.0,2.364369318181818,"периферия, признаков роли не выявлено",107
100000003594472100,terminal,0.5,0,0.3173932384341637,"конечный получатель в пределах выгрузки: входящих 1, исходящих 0, получено 20,000 ₸ (предварительно)",3,False,1,0,1,0,20000.0,0.0,0.0,конечный получатель в пределах выгрузки,1451
100000003603979100,terminal,0.5,2,0.3173932384341637,"конечный получатель в пределах выгрузки: входящих 1, исходящих 0, получено 165,000 ₸ (предварительно)",2,False,1,0,3,0,165000.0,0.0,0.0,конечный получатель в пределах выгрузки,1452
100000003610172100,terminal,0.5,0,0.3173932384341637,"конечный получатель в пределах выгрузки: входящих 1, исходящих 0, получено 70,000 ₸ (предварительно)",3,False,1,0,1,0,70000.0,0.0,0.0,конечный получатель в пределах выгрузки,1453
100000003616818100,peripheral,0.5,2,0.922153024911032,"периферия, признаков роли не выявлено: входящих 3, исходящих 3, получено 78,000 ₸ (предварительно)",1,False,3,3,4,8,78000.0,240100.0,3.0782051282051284,"периферия, признаков роли не выявлено",171
100000003617552100,terminal,0.5,3,0.3173932384341637,"конечный получатель в пределах выгрузки: входящих 1, исходящих 0, получено 25,000 ₸ (предварительно)",2,False,1,0,1,0,25000.0,0.0,0.0,конечный получатель в пределах выгрузки,1454
100000003622955100,peripheral,0.5,0,0.3173932384341637,"периферия, признаков роли не выявлено: входящих 1, исходящих 0, получено 15,000 ₸ (предварительно)",4,False,1,0,1,0,15000.0,0.0,0.0,"периферия, признаков роли не выявлено",1455
100000003626268100,peripheral,0.5,0,0.3173932384341637,"периферия, признаков роли не выявлено: входящих 1, исходящих 0, получено 5,000 ₸ (предварительно)",4,False,1,0,1,0,5000.0,0.0,0.0,"периферия, признаков роли не выявлено",1456
100000003631015100,peripheral,0.5,0,0.3173932384341637,"периферия, признаков роли не выявлено: входящих 1, исходящих 0, получено 266,000 ₸ (предварительно)",4,False,1,0,1,0,266000.0,0.0,0.0,"периферия, признаков роли не выявлено",1457
100000003632533100,peripheral,0.5,0,0.3173932384341637,"периферия, признаков роли не выявлено: входящих 1, исходящих 0, получено 10,000 ₸ (предварительно)",4,False,1,0,1,0,10000.0,0.0,0.0,"периферия, признаков роли не выявлено",1458
100000003635170100,transit,0.5,0,0.9377224199288257,"признаки транзитного счёта: входящих 3, исходящих 4, получено 268,500 ₸ (предварительно)",1,False,3,4,13,10,268500.0,253500.0,0.9441340782122905,признаки транзитного счёта,134
100000003635660100,terminal,0.5,0,0.3173932384341637,"конечный получатель в пределах выгрузки: входящих 1, исходящих 0, получено 18,985 ₸ (предварительно)",3,False,1,0,1,0,18985.0,0.0,0.0,конечный получатель в пределах выгрузки,1459
100000003636627100,peripheral,0.5,0,0.6983985765124555,"периферия, признаков роли не выявлено: входящих 1, исходящих 1, получено 77,000 ₸ (предварительно)",3,False,1,1,8,1,77000.0,10000.0,0.12987012987012986,"периферия, признаков роли не выявлено",672
100000003646145100,peripheral,0.5,0,0.3173932384341637,"периферия, признаков роли не выявлено: входящих 1, исходящих 0, получено 5,000 ₸ (предварительно)",4,False,1,0,1,0,5000.0,0.0,0.0,"периферия, признаков роли не выявлено",1460
100000003647799100,terminal,0.5,0,0.3173932384341637,"конечный получатель в пределах выгрузки: входящих 1, исходящих 0, получено 100,000 ₸ (предварительно)",3,False,1,0,1,0,100000.0,0.0,0.0,конечный получатель в пределах выгрузки,1461
100000003650146100,terminal,0.5,0,0.3173932384341637,"конечный получатель в пределах выгрузки: входящих 1, исходящих 0, получено 14,400 ₸ (предварительно)",3,False,1,0,1,0,14400.0,0.0,0.0,конечный получатель в пределах выгрузки,1462
100000003664994100,peripheral,0.5,0,0.3173932384341637,"периферия, признаков роли не выявлено: входящих 1, исходящих 0, получено 338,271 ₸ (предварительно)",4,False,1,0,2,0,338271.0,0.0,0.0,"периферия, признаков роли не выявлено",1463
100000003671721100,terminal,0.5,0,0.3173932384341637,"конечный получатель в пределах выгрузки: входящих 1, исходящих 0, получено 5,000 ₸ (предварительно)",3,False,1,0,1,0,5000.0,0.0,0.0,конечный получатель в пределах выгрузки,1464
100000003677936100,peripheral,0.5,0,0.6983985765124555,"периферия, признаков роли не выявлено: входящих 1, исходящих 1, получено 71,000 ₸ (предварительно)",3,False,1,1,1,2,71000.0,13000.0,0.18309859154929578,"периферия, признаков роли не выявлено",673
100000003684369100,consolidator,0.5,0,0.998220640569395,"признаки точки консолидации: входящих 24, исходящих 62, получено 3,848,436 ₸ (предварительно)",0,True,24,62,58,67,3848436.0,8588655.0,2.2317260830113845,признаки точки консолидации,5
100000003692843100,peripheral,0.5,0,0.3173932384341637,"периферия, признаков роли не выявлено: входящих 1, исходящих 0, получено 510,000 ₸ (предварительно)",4,False,1,0,2,0,510000.0,0.0,0.0,"периферия, признаков роли не выявлено",1465
100000003696422100,peripheral,0.5,0,0.3173932384341637,"периферия, признаков роли не выявлено: входящих 1, исходящих 0, получено 118,000 ₸ (предварительно)",4,False,1,0,2,0,118000.0,0.0,0.0,"периферия, признаков роли не выявлено",1466
100000003701161100,peripheral,0.5,0,0.9377224199288257,"периферия, признаков роли не выявлено: входящих 4, исходящих 3, получено 1,527,103 ₸ (предварительно)",1,False,4,3,13,7,1527103.0,349000.0,0.22853730232996727,"периферия, признаков роли не выявлено",135
100000003711830100,terminal,0.5,0,0.3173932384341637,"конечный получатель в пределах выгрузки: входящих 1, исходящих 0, получено 50,000 ₸ (предварительно)",3,False,1,0,1,0,50000.0,0.0,0.0,конечный получатель в пределах выгрузки,1467
100000003713616100,terminal,0.5,0,0.3173932384341637,"конечный получатель в пределах выгрузки: входящих 1, исходящих 0, получено 15,893 ₸ (предварительно)",1,False,1,0,1,0,15893.0,0.0,0.0,конечный получатель в пределах выгрузки,1468
100000003718221100,peripheral,0.5,0,0.922153024911032,"периферия, признаков роли не выявлено: входящих 2, исходящих 4, получено 350,000 ₸ (предварительно)",2,False,2,4,6,8,350000.0,423500.0,1.21,"периферия, признаков роли не выявлено",172
100000003718715100,peripheral,0.5,0,0.3173932384341637,"периферия, признаков роли не выявлено: входящих 1, исходящих 0, получено 915,000 ₸ (предварительно)",4,False,1,0,3,0,915000.0,0.0,0.0,"периферия, признаков роли не выявлено",1469
100000003724440100,terminal,0.5,0,0.6983985765124555,"конечный получатель в пределах выгрузки: входящих 2, исходящих 0, получено 50,000 ₸ (предварительно)",2,False,2,0,2,0,50000.0,0.0,0.0,конечный получатель в пределах выгрузки,674
100000003736419100,peripheral,0.5,0,0.6983985765124555,"периферия, признаков роли не выявлено: входящих 1, исходящих 1, получено 23,300 ₸ (предварительно)",3,False,1,1,1,1,23300.0,10000.0,0.4291845493562232,"периферия, признаков роли не выявлено",675
100000003739818100,terminal,0.5,0,0.3173932384341637,"конечный получатель в пределах выгрузки: входящих 1, исходящих 0, получено 57,293 ₸ (предварительно)",1,False,1,0,1,0,57293.0,0.0,0.0,конечный получатель в пределах выгрузки,1470
100000003741418100,consolidator,0.5,0,0.9713078291814946,"признаки точки консолидации: входящих 9, исходящих 3, получено 151,900 ₸ (предварительно)",2,False,9,3,13,3,151900.0,39920.0,0.2628044766293614,признаки точки консолидации,64
100000003747133100,consolidator,0.5,0,0.9377224199288257,"признаки точки консолидации: входящих 5, исходящих 2, получено 237,068 ₸ (предварительно)",2,False,5,2,8,2,237068.0,250000.0,1.0545497494389795,признаки точки консолидации,136
100000003760160100,terminal,0.5,0,0.3173932384341637,"конечный получатель в пределах выгрузки: входящих 1, исходящих 0, получено 104,470 ₸ (предварительно)",3,False,1,0,1,0,104470.0,0.0,0.0,конечный получатель в пределах выгрузки,1471
100000003770083100,peripheral,0.5,19,0.004448398576512456,"периферия, признаков роли не выявлено: входящих 0, исходящих 0, получено 0 ₸ (предварительно)",0,True,0,0,0,0,0.0,0.0,,"периферия, признаков роли не выявлено",2233
100000003781406100,terminal,0.5,0,0.3173932384341637,"конечный получатель в пределах выгрузки: входящих 1, исходящих 0, получено 45,000 ₸ (предварительно)",3,False,1,0,2,0,45000.0,0.0,0.0,конечный получатель в пределах выгрузки,1472
100000003782913100,peripheral,0.5,0,0.3173932384341637,"периферия, признаков роли не выявлено: входящих 1, исходящих 0, получено 200,000 ₸ (предварительно)",4,False,1,0,1,0,200000.0,0.0,0.0,"периферия, признаков роли не выявлено",1473
100000003786516100,peripheral,0.5,0,0.3173932384341637,"периферия, признаков роли не выявлено: входящих 1, исходящих 0, получено 5,000 ₸ (предварительно)",4,False,1,0,1,0,5000.0,0.0,0.0,"периферия, признаков роли не выявлено",1474
100000003792647100,peripheral,0.5,0,0.3173932384341637,"периферия, признаков роли не выявлено: входящих 1, исходящих 0, получено 8,000 ₸ (предварительно)",4,False,1,0,1,0,8000.0,0.0,0.0,"периферия, признаков роли не выявлено",1475
100000003795588100,terminal,0.5,0,0.3173932384341637,"конечный получатель в пределах выгрузки: входящих 1, исходящих 0, получено 400,000 ₸ (предварительно)",3,False,1,0,2,0,400000.0,0.0,0.0,конечный получатель в пределах выгрузки,1476
100000003796063100,distributor,0.5,0,0.9806494661921709,"признаки веерного распределения: входящих 1, исходящих 15, получено 35,000 ₸ (предварительно)",3,False,1,15,1,23,35000.0,959150.0,27.404285714285713,признаки веерного распределения,42
100000003798151100,terminal,0.5,0,0.3173932384341637,"конечный получатель в пределах выгрузки: входящих 1, исходящих 0, получено 350,000 ₸ (предварительно)",2,False,1,0,3,0,350000.0,0.0,0.0,конечный получатель в пределах выгрузки,1477
100000003809101100,peripheral,0.5,0,0.8698843416370107,"периферия, признаков роли не выявлено: входящих 2, исходящих 2, получено 166,050 ₸ (предварительно)",1,False,2,2,3,4,166050.0,55200.0,0.3324299909665763,"периферия, признаков роли не выявлено",290
100000003814002100,terminal,0.5,0,0.3173932384341637,"конечный получатель в пределах выгрузки: входящих 1, исходящих 0, получено 30,000 ₸ (предварительно)",3,False,1,0,1,0,30000.0,0.0,0.0,конечный получатель в пределах выгрузки,1478
100000003819173100,peripheral,0.5,0,0.3173932384341637,"периферия, признаков роли не выявлено: входящих 1, исходящих 0, получено 143,777 ₸ (предварительно)",4,False,1,0,1,0,143777.0,0.0,0.0,"периферия, признаков роли не выявлено",1479
100000003823811100,peripheral,0.5,0,0.8698843416370107,"периферия, признаков роли не выявлено: входящих 1, исходящих 3, получено 30,000 ₸ (предварительно)",2,False,1,3,1,3,30000.0,66130.0,2.2043333333333335,"периферия, признаков роли не выявлено",291
100000003824464100,terminal,0.5,0,0.3173932384341637,"конечный получатель в пределах выгрузки: входящих 1, исходящих 0, получено 200,000 ₸ (предварительно)",2,False,1,0,1,0,200000.0,0.0,0.0,конечный получатель в пределах выгрузки,1480
100000003831201100,terminal,0.5,0,0.3173932384341637,"конечный получатель в пределах выгрузки: входящих 1, исходящих 0, получено 40,500 ₸ (предварительно)",2,False,1,0,3,0,40500.0,0.0,0.0,конечный получатель в пределах выгрузки,1481
100000003831324100,terminal,0.5,0,0.6983985765124555,"конечный получатель в пределах выгрузки: входящих 2, исходящих 0, получено 300,000 ₸ (предварительно)",1,False,2,0,2,0,300000.0,0.0,0.0,конечный получатель в пределах выгрузки,676
100000003832231100,terminal,0.5,0,0.3173932384341637,"конечный получатель в пределах выгрузки: входящих 1, исходящих 0, получено 35,000 ₸ (предварительно)",1,False,1,0,1,0,35000.0,0.0,0.0,конечный получатель в пределах выгрузки,1482
100000003834495100,peripheral,0.5,0,0.8698843416370107,"периферия, признаков роли не выявлено: входящих 3, исходящих 1, получено 602,441 ₸ (предварительно)",3,False,3,1,5,1,602441.0,20000.0,0.0331982716979754,"периферия, признаков роли не выявлено",292
100000003835149100,peripheral,0.5,0,0.8111654804270463,"периферия, признаков роли не выявлено: входящих 1, исходящих 2, получено 248,500 ₸ (предварительно)",1,False,1,2,1,13,248500.0,4600440.0,18.512837022132796,"периферия, признаков роли не выявлено",409
100000003838587100,peripheral,0.5,0,0.3173932384341637,"периферия, признаков роли не выявлено: входящих 1, исходящих 0, получено 6,000 ₸ (предварительно)",4,False,1,0,1,0,6000.0,0.0,0.0,"периферия, признаков роли не выявлено",1483
100000003843844100,peripheral,0.5,0,0.6983985765124555,"периферия, признаков роли не выявлено: входящих 1, исходящих 1, получено 16,680 ₸ (предварительно)",3,False,1,1,1,1,16680.0,238000.0,14.268585131894485,"периферия, признаков роли не выявлено",677
100000003854444100,distributor,0.5,0,0.9775355871886121,"признаки веерного распределения: входящих 1, исходящих 14, получено 210,000 ₸ (предварительно)",2,False,1,14,4,14,210000.0,2322909.0,11.061471428571428,признаки веерного распределения,51
100000003865939100,terminal,0.5,15,0.3173932384341637,"конечный получатель в пределах выгрузки: входящих 1, исходящих 0, получено 81,465 ₸ (предварительно)",1,False,1,0,1,0,81465.0,0.0,0.0,конечный получатель в пределах выгрузки,1484
100000003873332100,peripheral,0.5,0,0.900355871886121,"периферия, признаков роли не выявлено: входящих 1, исходящих 4, получено 23,468 ₸ (предварительно)",1,False,1,4,1,8,23468.0,286000.0,12.186807567751833,"периферия, признаков роли не выявлено",223
100000003877908100,terminal,0.5,0,0.3173932384341637,"конечный получатель в пределах выгрузки: входящих 1, исходящих 0, получено 40,000 ₸ (предварительно)",1,False,1,0,1,0,40000.0,0.0,0.0,конечный получатель в пределах выгрузки,1485
100000003880331100,distributor,0.5,0,0.9830960854092526,"признаки веерного распределения: входящих 1, исходящих 16, получено 100,000 ₸ (предварительно)",3,False,1,16,1,31,100000.0,3904908.0,39.04908,признаки веерного распределения,38
100000003886323100,peripheral,0.5,0,0.8111654804270463,"периферия, признаков роли не выявлено: входящих 2, исходящих 1, получено 78,168 ₸ (предварительно)",1,False,2,1,6,1,78168.0,7650.0,0.09786613447958244,"периферия, признаков роли не выявлено",410
100000003888197100,terminal,0.5,0,0.3173932384341637,"конечный получатель в пределах выгрузки: входящих 1, исходящих 0, получено 83,167 ₸ (предварительно)",3,False,1,0,1,0,83167.0,0.0,0.0,конечный получатель в пределах выгрузки,1486
100000003888271100,peripheral,0.5,5,0.8111654804270463,"периферия, признаков роли не выявлено: входящих 1, исходящих 2, получено 12,177 ₸ (предварительно)",1,False,1,2,2,3,12177.0,25590.0,2.10150283321015,"периферия, признаков роли не выявлено",411
100000003888527100,terminal,0.5,0,0.3173932384341637,"конечный получатель в пределах выгрузки: входящих 1, исходящих 0, получено 30,000 ₸ (предварительно)",3,False,1,0,1,0,30000.0,0.0,0.0,конечный получатель в пределах выгрузки,1487
100000003896956100,peripheral,0.5,0,0.6983985765124555,"периферия, признаков роли не выявлено: входящих 1, исходящих 1, получено 10,000 ₸ (предварительно)",3,False,1,1,1,2,10000.0,27000.0,2.7,"периферия, признаков роли не выявлено",678
100000003899325100,terminal,0.5,0,0.3173932384341637,"конечный получатель в пределах выгрузки: входящих 1, исходящих 0, получено 50,120 ₸ (предварительно)",3,False,1,0,1,0,50120.0,0.0,0.0,конечный получатель в пределах выгрузки,1488
100000003899899100,peripheral,0.5,0,0.8111654804270463,"периферия, признаков роли не выявлено: входящих 2, исходящих 1, получено 218,500 ₸ (предварительно)",3,False,2,1,5,1,218500.0,10000.0,0.04576659038901602,"периферия, признаков роли не выявлено",412
100000003900547100,terminal,0.5,0,0.3173932384341637,"конечный получатель в пределах выгрузки: входящих 1, исходящих 0, получено 23,700 ₸ (предварительно)",1,False,1,0,1,0,23700.0,0.0,0.0,конечный получатель в пределах выгрузки,1489
100000003904497100,peripheral,0.5,0,0.3173932384341637,"периферия, признаков роли не выявлено: входящих 1, исходящих 0, получено 10,000 ₸ (предварительно)",4,False,1,0,1,0,10000.0,0.0,0.0,"периферия, признаков роли не выявлено",1490
100000003917461100,peripheral,0.5,0,0.8111654804270463,"периферия, признаков роли не выявлено: входящих 1, исходящих 2, получено 10,000 ₸ (предварительно)",3,False,1,2,1,5,10000.0,140000.0,14.0,"периферия, признаков роли не выявлено",413
100000003920950100,terminal,0.5,0,0.3173932384341637,"конечный получатель в пределах выгрузки: входящих 1, исходящих 0, получено 323,290 ₸ (предварительно)",3,False,1,0,1,0,323290.0,0.0,0.0,конечный получатель в пределах выгрузки,1491
100000003922499100,terminal,0.5,0,0.3173932384341637,"конечный получатель в пределах выгрузки: входящих 1, исходящих 0, получено 50,000 ₸ (предварительно)",2,False,1,0,1,0,50000.0,0.0,0.0,конечный получатель в пределах выгрузки,1492
100000003923946100,peripheral,0.5,0,0.900355871886121,"периферия, признаков роли не выявлено: входящих 1, исходящих 4, получено 282,000 ₸ (предварительно)",1,False,1,4,3,4,282000.0,675000.0,2.393617021276596,"периферия, признаков роли не выявлено",224
100000003927792100,terminal,0.5,0,0.3173932384341637,"конечный получатель в пределах выгрузки: входящих 1, исходящих 0, получено 13,067 ₸ (предварительно)",2,False,1,0,1,0,13067.0,0.0,0.0,конечный получатель в пределах выгрузки,1493
100000003934614100,peripheral,0.5,0,0.8111654804270463,"периферия, признаков роли не выявлено: входящих 2, исходящих 1, получено 17,000 ₸ (предварительно)",3,False,2,1,2,2,17000.0,11500.0,0.6764705882352942,"периферия, признаков роли не выявлено",414
100000003942602100,transit,0.5,1,0.6983985765124555,"признаки транзитного счёта: входящих 1, исходящих 1, получено 30,000 ₸ (предварительно)",1,False,1,1,1,1,30000.0,30000.0,1.0,признаки транзитного счёта,679
100000003943247100,terminal,0.5,0,0.3173932384341637,"конечный получатель в пределах выгрузки: входящих 1, исходящих 0, получено 40,000 ₸ (предварительно)",3,False,1,0,1,0,40000.0,0.0,0.0,конечный получатель в пределах выгрузки,1494
100000003943483100,terminal,0.5,0,0.3173932384341637,"конечный получатель в пределах выгрузки: входящих 1, исходящих 0, получено 10,000 ₸ (предварительно)",2,False,1,0,1,0,10000.0,0.0,0.0,конечный получатель в пределах выгрузки,1495
100000003946524100,transit,0.5,0,0.8698843416370107,"признаки транзитного счёта: входящих 2, исходящих 2, получено 133,757 ₸ (предварительно)",1,False,2,2,2,2,133757.0,144750.0,1.0821863528637754,признаки транзитного счёта,293
100000003950749100,peripheral,0.5,0,0.3173932384341637,"периферия, признаков роли не выявлено: входящих 1, исходящих 0, получено 7,000 ₸ (предварительно)",4,False,1,0,1,0,7000.0,0.0,0.0,"периферия, признаков роли не выявлено",1496
100000003951827100,peripheral,0.5,0,0.8111654804270463,"периферия, признаков роли не выявлено: входящих 1, исходящих 2, получено 9,000 ₸ (предварительно)",3,False,1,2,1,2,9000.0,17000.0,1.8888888888888888,"периферия, признаков роли не выявлено",415
100000003962994100,terminal,0.5,0,0.3173932384341637,"конечный получатель в пределах выгрузки: входящих 1, исходящих 0, получено 10,000 ₸ (предварительно)",3,False,1,0,1,0,10000.0,0.0,0.0,конечный получатель в пределах выгрузки,1497
100000003964910100,terminal,0.5,0,0.6983985765124555,"конечный получатель в пределах выгрузки: входящих 2, исходящих 0, получено 1,000,000 ₸ (предварительно)",3,False,2,0,2,0,1000000.0,0.0,0.0,конечный получатель в пределах выгрузки,680
100000003968044100,peripheral,0.5,0,0.8698843416370107,"периферия, признаков роли не выявлено: входящих 1, исходящих 3, получено 40,000 ₸ (предварительно)",3,False,1,3,1,4,40000.0,311000.0,7.775,"периферия, признаков роли не выявлено",294
100000003970394100,terminal,0.5,0,0.3173932384341637,"конечный получатель в пределах выгрузки: входящих 1, исходящих 0, получено 85,000 ₸ (предварительно)",1,False,1,0,1,0,85000.0,0.0,0.0,конечный получатель в пределах выгрузки,1498
100000003971049100,terminal,0.5,0,0.3173932384341637,"конечный получатель в пределах выгрузки: входящих 1, исходящих 0, получено 55,900 ₸ (предварительно)",2,False,1,0,7,0,55900.0,0.0,0.0,конечный получатель в пределах выгрузки,1499
100000003975102100,peripheral,0.5,0,0.8111654804270463,"периферия, признаков роли не выявлено: входящих 1, исходящих 2, получено 25,650 ₸ (предварительно)",0,True,1,2,1,2,25650.0,88500.0,3.4502923976608186,"периферия, признаков роли не выявлено",416
100000003977183100,peripheral,0.5,0,0.922153024911032,"периферия, признаков роли не выявлено: входящих 2, исходящих 4, получено 123,800 ₸ (предварительно)",0,True,2,4,2,6,123800.0,766000.0,6.187399030694669,"периферия, признаков роли не выявлено",173
100000003980083100,terminal,0.5,14,0.3173932384341637,"конечный получатель в пределах выгрузки: входящих 1, исходящих 0, получено 30,000 ₸ (предварительно)",1,False,1,0,1,0,30000.0,0.0,0.0,конечный получатель в пределах выгрузки,1500
100000003985389100,peripheral,0.5,0,0.3173932384341637,"периферия, признаков роли не выявлено: входящих 1, исходящих 0, получено 422,698 ₸ (предварительно)",4,False,1,0,16,0,422698.0,0.0,0.0,"периферия, признаков роли не выявлено",1501
100000003986141100,terminal,0.5,0,0.3173932384341637,"конечный получатель в пределах выгрузки: входящих 1, исходящих 0, получено 5,286 ₸ (предварительно)",3,False,1,0,1,0,5286.32,0.0,0.0,конечный получатель в пределах выгрузки,1502
100000003988112100,peripheral,0.5,0,0.6983985765124555,"периферия, признаков роли не выявлено: входящих 1, исходящих 1, получено 92,000 ₸ (предварительно)",2,False,1,1,2,5,92000.0,64000.0,0.6956521739130435,"периферия, признаков роли не выявлено",681
100000003989033100,peripheral,0.5,0,0.3173932384341637,"периферия, признаков роли не выявлено: входящих 1, исходящих 0, получено 373,400 ₸ (предварительно)",4,False,1,0,13,0,373400.0,0.0,0.0,"периферия, признаков роли не выявлено",1503
100000003996562100,terminal,0.5,0,0.3173932384341637,"конечный получатель в пределах выгрузки: входящих 1, исходящих 0, получено 7,700 ₸ (предварительно)",3,False,1,0,1,0,7700.0,0.0,0.0,конечный получатель в пределах выгрузки,1504
100000004004621100,terminal,0.5,0,0.8111654804270463,"конечный получатель в пределах выгрузки: входящих 3, исходящих 0, получено 75,389 ₸ (предварительно)",1,False,3,0,3,0,75389.0,0.0,0.0,конечный получатель в пределах выгрузки,417
100000004005964100,peripheral,0.5,2,0.922153024911032,"периферия, признаков роли не выявлено: входящих 3, исходящих 3, получено 97,900 ₸ (предварительно)",1,False,3,3,9,5,97900.0,72000.0,0.7354443309499489,"периферия, признаков роли не выявлено",174
100000004006327100,peripheral,0.5,0,0.3173932384341637,"периферия, признаков роли не выявлено: входящих 1, исходящих 0, получено 300,000 ₸ (предварительно)",4,False,1,0,3,0,300000.0,0.0,0.0,"периферия, признаков роли не выявлено",1505
100000004007116100,peripheral,0.5,2,0.9377224199288257,"периферия, признаков роли не выявлено: входящих 3, исходящих 4, получено 764,704 ₸ (предварительно)",0,True,3,4,24,6,764704.0,148000.0,0.19353893794200108,"периферия, признаков роли не выявлено",137
100000004007197100,terminal,0.5,2,0.3173932384341637,"конечный получатель в пределах выгрузки: входящих 1, исходящих 0, получено 10,048 ₸ (предварительно)",3,False,1,0,1,0,10048.0,0.0,0.0,конечный получатель в пределах выгрузки,1506
100000004013952100,peripheral,0.5,0,0.3173932384341637,"периферия, признаков роли не выявлено: входящих 1, исходящих 0, получено 5,500 ₸ (предварительно)",4,False,1,0,1,0,5500.0,0.0,0.0,"периферия, признаков роли не выявлено",1507
100000004015047100,consolidator,0.5,0,0.9621886120996441,"признаки точки консолидации: входящих 9, исходящих 1, получено 919,104 ₸ (предварительно)",1,False,9,1,18,7,919104.0,69195.0,0.07528527783580531,признаки точки консолидации,82
100000004017410100,peripheral,0.5,0,0.9377224199288257,"периферия, признаков роли не выявлено: входящих 2, исходящих 5, получено 193,650 ₸ (предварительно)",3,False,2,5,6,11,193650.0,1330915.0,6.872785954040795,"периферия, признаков роли не выявлено",138
100000004019056100,peripheral,0.5,0,0.3173932384341637,"периферия, признаков роли не выявлено: входящих 1, исходящих 0, получено 50,000 ₸ (предварительно)",4,False,1,0,1,0,50000.0,0.0,0.0,"периферия, признаков роли не выявлено",1508
100000004019124100,terminal,0.5,0,0.8111654804270463,"конечный получатель в пределах выгрузки: входящих 3, исходящих 0, получено 193,000 ₸ (предварительно)",0,True,3,0,3,0,193000.0,0.0,0.0,конечный получатель в пределах выгрузки,418
100000004021459100,peripheral,0.5,20,0.004448398576512456,"периферия, признаков роли не выявлено: входящих 0, исходящих 0, получено 0 ₸ (предварительно)",0,True,0,0,0,0,0.0,0.0,,"периферия, признаков роли не выявлено",2234
100000004030553100,peripheral,0.5,0,0.3173932384341637,"периферия, признаков роли не выявлено: входящих 1, исходящих 0, получено 70,000 ₸ (предварительно)",4,False,1,0,1,0,70000.0,0.0,0.0,"периферия, признаков роли не выявлено",1509
100000004035925100,peripheral,0.5,0,0.3173932384341637,"периферия, признаков роли не выявлено: входящих 1, исходящих 0, получено 1,111,588 ₸ (предварительно)",4,False,1,0,2,0,1111588.0,0.0,0.0,"периферия, признаков роли не выявлено",1510
100000004041163100,peripheral,0.5,0,0.8111654804270463,"периферия, признаков роли не выявлено: входящих 1, исходящих 2, получено 50,000 ₸ (предварительно)",0,True,1,2,1,6,50000.0,866000.0,17.32,"периферия, признаков роли не выявлено",419
100000004041294100,peripheral,0.5,0,0.3173932384341637,"периферия, признаков роли не выявлено: входящих 1, исходящих 0, получено 17,800 ₸ (предварительно)",4,False,1,0,2,0,17800.0,0.0,0.0,"периферия, признаков роли не выявлено",1511
100000004047887100,peripheral,0.5,0,0.3173932384341637,"периферия, признаков роли не выявлено: входящих 1, исходящих 0, получено 30,000 ₸ (предварительно)",4,False,1,0,1,0,30000.0,0.0,0.0,"периферия, признаков роли не выявлено",1512
100000004049912100,peripheral,0.5,0,0.3173932384341637,"периферия, признаков роли не выявлено: входящих 1, исходящих 0, получено 10,000 ₸ (предварительно)",4,False,1,0,1,0,10000.0,0.0,0.0,"периферия, признаков роли не выявлено",1513
100000004058740100,terminal,0.5,1,0.3173932384341637,"конечный получатель в пределах выгрузки: входящих 1, исходящих 0, получено 30,000 ₸ (предварительно)",1,False,1,0,1,0,30000.0,0.0,0.0,конечный получатель в пределах выгрузки,1514
100000004064431100,peripheral,0.5,2,0.6983985765124555,"периферия, признаков роли не выявлено: входящих 1, исходящих 1, получено 26,000 ₸ (предварительно)",3,False,1,1,1,1,26000.0,10000.0,0.38461538461538464,"периферия, признаков роли не выявлено",682
100000004066370100,peripheral,0.5,0,0.3173932384341637,"периферия, признаков роли не выявлено: входящих 1, исходящих 0, получено 65,000 ₸ (предварительно)",4,False,1,0,2,0,65000.0,0.0,0.0,"периферия, признаков роли не выявлено",1515
100000004066647100,terminal,0.5,0,0.3173932384341637,"конечный получатель в пределах выгрузки: входящих 1, исходящих 0, получено 51,000 ₸ (предварительно)",3,False,1,0,1,0,51000.0,0.0,0.0,конечный получатель в пределах выгрузки,1516
100000004070318100,distributor,0.5,0,0.9879893238434164,"признаки веерного распределения: входящих 4, исходящих 19, получено 207,247 ₸ (предварительно)",1,False,4,19,6,37,207246.55,551860.0,2.662818753798314,признаки веерного распределения,27
100000004070530100,peripheral,0.5,0,0.3173932384341637,"периферия, признаков роли не выявлено: входящих 1, исходящих 0, получено 20,000 ₸ (предварительно)",4,False,1,0,1,0,20000.0,0.0,0.0,"периферия, признаков роли не выявлено",1517
100000004071070100,peripheral,0.5,0,0.8111654804270463,"периферия, признаков роли не выявлено: входящих 2, исходящих 1, получено 41,000 ₸ (предварительно)",2,False,2,1,5,1,41000.0,6000.0,0.14634146341463414,"периферия, признаков роли не выявлено",420
100000004071080100,consolidator,0.5,0,0.9675266903914591,"признаки точки консолидации: входящих 9, исходящих 2, получено 238,600 ₸ (предварительно)",1,False,9,2,16,5,238600.0,46500.0,0.19488683989941324,признаки точки консолидации,72
100000004071444100,peripheral,0.5,0,0.6983985765124555,"периферия, признаков роли не выявлено: входящих 1, исходящих 1, получено 247,350 ₸ (предварительно)",3,False,1,1,1,1,247350.0,100000.0,0.40428542551041036,"периферия, признаков роли не выявлено",683
100000004076740100,peripheral,0.5,0,0.957517793594306,"периферия, признаков роли не выявлено: входящих 3, исходящих 6, получено 93,250 ₸ (предварительно)",1,False,3,6,5,10,93250.0,125000.0,1.3404825737265416,"периферия, признаков роли не выявлено",98
100000004077081100,peripheral,0.5,0,0.900355871886121,"периферия, признаков роли не выявлено: входящих 1, исходящих 4, получено 140,000 ₸ (предварительно)",3,False,1,4,1,6,140000.0,615000.0,4.392857142857143,"периферия, признаков роли не выявлено",225
100000004094958100,transit,0.5,7,0.6983985765124555,"признаки транзитного счёта: входящих 1, исходящих 1, получено 39,000 ₸ (предварительно)",1,False,1,1,1,1,39000.0,40000.0,1.0256410256410255,признаки транзитного счёта,684
100000004096559100,terminal,0.5,0,0.3173932384341637,"конечный получатель в пределах выгрузки: входящих 1, исходящих 0, получено 46,200 ₸ (предварительно)",3,False,1,0,1,0,46200.0,0.0,0.0,конечный получатель в пределах выгрузки,1518
100000004097972100,peripheral,0.5,0,0.8111654804270463,"периферия, признаков роли не выявлено: входящих 1, исходящих 2, получено 118,878 ₸ (предварительно)",3,False,1,2,1,2,118878.0,10000.0,0.0841198539679335,"периферия, признаков роли не выявлено",421
100000004099450100,terminal,0.5,0,0.3173932384341637,"конечный получатель в пределах выгрузки: входящих 1, исходящих 0, получено 31,000 ₸ (предварительно)",3,False,1,0,1,0,31000.0,0.0,0.0,конечный получатель в пределах выгрузки,1519
100000004105288100,terminal,0.5,0,0.6983985765124555,"конечный получатель в пределах выгрузки: входящих 2, исходящих 0, получено 215,000 ₸ (предварительно)",1,False,2,0,2,0,215000.0,0.0,0.0,конечный получатель в пределах выгрузки,685
100000004107228100,peripheral,0.5,0,0.3173932384341637,"периферия, признаков роли не выявлено: входящих 1, исходящих 0, получено 5,000 ₸ (предварительно)",4,False,1,0,1,0,5000.0,0.0,0.0,"периферия, признаков роли не выявлено",1520
100000004114962100,terminal,0.5,0,0.6983985765124555,"конечный получатель в пределах выгрузки: входящих 2, исходящих 0, получено 165,000 ₸ (предварительно)",3,False,2,0,2,0,165000.0,0.0,0.0,конечный получатель в пределах выгрузки,686
100000004130144100,terminal,0.5,0,0.3173932384341637,"конечный получатель в пределах выгрузки: входящих 1, исходящих 0, получено 200,000 ₸ (предварительно)",1,False,1,0,1,0,200000.0,0.0,0.0,конечный получатель в пределах выгрузки,1521
100000004134060100,terminal,0.5,0,0.3173932384341637,"конечный получатель в пределах выгрузки: входящих 1, исходящих 0, получено 88,179 ₸ (предварительно)",2,False,1,0,1,0,88179.0,0.0,0.0,конечный получатель в пределах выгрузки,1522
100000004135268100,transit,0.5,8,0.900355871886121,"признаки транзитного счёта: входящих 2, исходящих 3, получено 1,239,000 ₸ (предварительно)",1,False,2,3,3,4,1239000.0,1000200.0,0.8072639225181598,признаки транзитного счёта,226
100000004140487100,distributor,0.5,0,0.9675266903914591,"признаки веерного распределения: входящих 1, исходящих 10, получено 24,510 ₸ (предварительно)",3,False,1,10,1,19,24510.0,262600.0,10.713994288045695,признаки веерного распределения,73
100000004140994100,terminal,0.5,1,0.3173932384341637,"конечный получатель в пределах выгрузки: входящих 1, исходящих 0, получено 18,650 ₸ (предварительно)",3,False,1,0,1,0,18650.0,0.0,0.0,конечный получатель в пределах выгрузки,1523
100000004144536100,terminal,0.5,2,0.8698843416370107,"конечный получатель в пределах выгрузки: входящих 4, исходящих 0, получено 168,000 ₸ (предварительно)",1,False,4,0,6,0,168000.0,0.0,0.0,конечный получатель в пределах выгрузки,295
100000004150593100,distributor,0.5,0,0.9713078291814946,"признаки веерного распределения: входящих 1, исходящих 11, получено 57,000 ₸ (предварительно)",2,False,1,11,2,16,57000.0,871165.0,15.28359649122807,признаки веерного распределения,65
100000004156082100,consolidator,0.5,0,0.9908807829181495,"признаки точки консолидации: входящих 5, исходящих 26, получено 377,366 ₸ (предварительно)",1,False,5,26,7,29,377366.11,2319556.0,6.146699288921308,признаки точки консолидации,21
100000004158362100,terminal,0.5,0,0.3173932384341637,"конечный получатель в пределах выгрузки: входящих 1, исходящих 0, получено 12,000 ₸ (предварительно)",2,False,1,0,1,0,12000.0,0.0,0.0,конечный получатель в пределах выгрузки,1524
100000004159526100,peripheral,0.5,0,0.9497330960854092,"периферия, признаков роли не выявлено: входящих 4, исходящих 4, получено 275,037 ₸ (предварительно)",1,False,4,4,4,6,275037.0,68000.0,0.24723946232688693,"периферия, признаков роли не выявлено",108
100000004160650100,distributor,0.5,2,0.9713078291814946,"признаки веерного распределения: входящих 2, исходящих 10, получено 75,100 ₸ (предварительно)",2,False,2,10,4,40,75100.0,1489827.0,19.83790945406125,признаки веерного распределения,66
100000004167082100,peripheral,0.5,0,0.3173932384341637,"периферия, признаков роли не выявлено: входящих 1, исходящих 0, получено 13,300 ₸ (предварительно)",4,False,1,0,1,0,13300.0,0.0,0.0,"периферия, признаков роли не выявлено",1525
100000004174835100,peripheral,0.5,21,0.004448398576512456,"периферия, признаков роли не выявлено: входящих 0, исходящих 0, получено 0 ₸ (предварительно)",0,True,0,0,0,0,0.0,0.0,,"периферия, признаков роли не выявлено",2235
100000004177936100,peripheral,0.5,0,0.3173932384341637,"периферия, признаков роли не выявлено: входящих 1, исходящих 0, получено 10,000 ₸ (предварительно)",4,False,1,0,1,0,10000.0,0.0,0.0,"периферия, признаков роли не выявлено",1526
100000004180097100,peripheral,0.5,0,0.922153024911032,"периферия, признаков роли не выявлено: входящих 3, исходящих 3, получено 104,854 ₸ (предварительно)",1,False,3,3,5,7,104854.0,47800.0,0.4558719743643542,"периферия, признаков роли не выявлено",175
100000004183610100,peripheral,0.5,0,0.6983985765124555,"периферия, признаков роли не выявлено: входящих 1, исходящих 1, получено 22,000 ₸ (предварительно)",3,False,1,1,1,3,22000.0,915000.0,41.59090909090909,"периферия, признаков роли не выявлено",687
100000004184158100,terminal,0.5,0,0.3173932384341637,"конечный получатель в пределах выгрузки: входящих 1, исходящих 0, получено 203,805 ₸ (предварительно)",3,False,1,0,1,0,203805.0,0.0,0.0,конечный получатель в пределах выгрузки,1527
100000004185681100,terminal,0.5,0,0.3173932384341637,"конечный получатель в пределах выгрузки: входящих 1, исходящих 0, получено 10,000 ₸ (предварительно)",3,False,1,0,1,0,10000.0,0.0,0.0,конечный получатель в пределах выгрузки,1528
100000004186824100,peripheral,0.5,0,0.8111654804270463,"периферия, признаков роли не выявлено: входящих 2, исходящих 1, получено 451,700 ₸ (предварительно)",1,False,2,1,7,1,451700.0,7000.0,0.015497011290679655,"периферия, признаков роли не выявлено",422
100000004188160100,peripheral,0.5,0,0.9377224199288257,"периферия, признаков роли не выявлено: входящих 2, исходящих 5, получено 87,862 ₸ (предварительно)",1,False,2,5,5,6,87862.0,133846.0,1.5233661878855478,"периферия, признаков роли не выявлено",139
100000004192107100,terminal,0.5,0,0.3173932384341637,"конечный получатель в пределах выгрузки: входящих 1, исходящих 0, получено 25,000 ₸ (предварительно)",2,False,1,0,1,0,25000.0,0.0,0.0,конечный получатель в пределах выгрузки,1529
100000004192865100,terminal,0.5,3,0.3173932384341637,"конечный получатель в пределах выгрузки: входящих 1, исходящих 0, получено 66,666 ₸ (предварительно)",2,False,1,0,1,0,66666.0,0.0,0.0,конечный получатель в пределах выгрузки,1530
100000004193835100,peripheral,0.5,0,0.6983985765124555,"периферия, признаков роли не выявлено: входящих 1, исходящих 1, получено 47,000 ₸ (предварительно)",0,True,1,1,1,1,47000.0,5000.0,0.10638297872340426,"периферия, признаков роли не выявлено",688
100000004200745100,peripheral,0.5,0,0.3173932384341637,"периферия, признаков роли не выявлено: входящих 1, исходящих 0, получено 130,000 ₸ (предварительно)",4,False,1,0,4,0,130000.0,0.0,0.0,"периферия, признаков роли не выявлено",1531
100000004206046100,terminal,0.5,0,0.3173932384341637,"конечный получатель в пределах выгрузки: входящих 1, исходящих 0, получено 11,075 ₸ (предварительно)",1,False,1,0,1,0,11075.0,0.0,0.0,конечный получатель в пределах выгрузки,1532
100000004209339100,peripheral,0.5,0,0.8111654804270463,"периферия, признаков роли не выявлено: входящих 1, исходящих 2, получено 138,500 ₸ (предварительно)",2,False,1,2,6,11,138500.0,238500.0,1.7220216606498195,"периферия, признаков роли не выявлено",423
100000004213658100,terminal,0.5,1,0.3173932384341637,"конечный получатель в пределах выгрузки: входящих 1, исходящих 0, получено 25,347 ₸ (предварительно)",1,False,1,0,1,0,25347.0,0.0,0.0,конечный получатель в пределах выгрузки,1533
100000004217419100,peripheral,0.5,0,0.8111654804270463,"периферия, признаков роли не выявлено: входящих 2, исходящих 1, получено 118,200 ₸ (предварительно)",3,False,2,1,3,1,118200.0,7700.0,0.06514382402707276,"периферия, признаков роли не выявлено",424
100000004218576100,terminal,0.5,1,0.3173932384341637,"конечный получатель в пределах выгрузки: входящих 1, исходящих 0, получено 26,144 ₸ (предварительно)",1,False,1,0,1,0,26144.0,0.0,0.0,конечный получатель в пределах выгрузки,1534
100000004221668100,peripheral,0.5,0,0.9377224199288257,"периферия, признаков роли не выявлено: входящих 4, исходящих 3, получено 1,128,300 ₸ (предварительно)",2,False,4,3,8,10,1128300.0,731440.0,0.6482673047948241,"периферия, признаков роли не выявлено",140
100000004222274100,peripheral,0.5,0,0.3173932384341637,"периферия, признаков роли не выявлено: входящих 1, исходящих 0, получено 15,500 ₸ (предварительно)",4,False,1,0,1,0,15500.0,0.0,0.0,"периферия, признаков роли не выявлено",1535
100000004225615100,terminal,0.5,0,0.3173932384341637,"конечный получатель в пределах выгрузки: входящих 1, исходящих 0, получено 90,000 ₸ (предварительно)",2,False,1,0,2,0,90000.0,0.0,0.0,конечный получатель в пределах выгрузки,1536
100000004226848100,terminal,0.5,0,0.3173932384341637,"конечный получатель в пределах выгрузки: входящих 1, исходящих 0, получено 301,866 ₸ (предварительно)",1,False,1,0,1,0,301866.0,0.0,0.0,конечный получатель в пределах выгрузки,1537
100000004232712100,peripheral,0.5,0,0.3173932384341637,"периферия, признаков роли не выявлено: входящих 1, исходящих 0, получено 12,500 ₸ (предварительно)",4,False,1,0,1,0,12500.0,0.0,0.0,"периферия, признаков роли не выявлено",1538
100000004235471100,peripheral,0.5,0,0.3173932384341637,"периферия, признаков роли не выявлено: входящих 1, исходящих 0, получено 180,000 ₸ (предварительно)",4,False,1,0,1,0,180000.0,0.0,0.0,"периферия, признаков роли не выявлено",1539
100000004241142100,peripheral,0.5,0,0.3173932384341637,"периферия, признаков роли не выявлено: входящих 1, исходящих 0, получено 27,102 ₸ (предварительно)",4,False,1,0,1,0,27102.0,0.0,0.0,"периферия, признаков роли не выявлено",1540
100000004254434100,terminal,0.5,1,0.3173932384341637,"конечный получатель в пределах выгрузки: входящих 1, исходящих 0, получено 44,445 ₸ (предварительно)",1,False,1,0,2,0,44445.0,0.0,0.0,конечный получатель в пределах выгрузки,1541
100000004257714100,terminal,0.5,1,0.3173932384341637,"конечный получатель в пределах выгрузки: входящих 1, исходящих 0, получено 52,220 ₸ (предварительно)",3,False,1,0,1,0,52220.0,0.0,0.0,конечный получатель в пределах выгрузки,1542
100000004260869100,peripheral,0.5,0,0.3173932384341637,"периферия, признаков роли не выявлено: входящих 1, исходящих 0, получено 10,000 ₸ (предварительно)",4,False,1,0,1,0,10000.0,0.0,0.0,"периферия, признаков роли не выявлено",1543
100000004261340100,peripheral,0.5,0,0.3173932384341637,"периферия, признаков роли не выявлено: входящих 1, исходящих 0, получено 48,500 ₸ (предварительно)",4,False,1,0,4,0,48500.0,0.0,0.0,"периферия, признаков роли не выявлено",1544
100000004263867100,peripheral,0.5,0,0.3173932384341637,"периферия, признаков роли не выявлено: входящих 1, исходящих 0, получено 9,000 ₸ (предварительно)",4,False,1,0,1,0,9000.0,0.0,0.0,"периферия, признаков роли не выявлено",1545
100000004265639100,peripheral,0.5,0,0.3173932384341637,"периферия, признаков роли не выявлено: входящих 1, исходящих 0, получено 10,000 ₸ (предварительно)",4,False,1,0,1,0,10000.0,0.0,0.0,"периферия, признаков роли не выявлено",1546
100000004268036100,peripheral,0.5,0,0.3173932384341637,"периферия, признаков роли не выявлено: входящих 1, исходящих 0, получено 5,500 ₸ (предварительно)",4,False,1,0,1,0,5500.0,0.0,0.0,"периферия, признаков роли не выявлено",1547
100000004269433100,peripheral,0.5,0,0.3173932384341637,"периферия, признаков роли не выявлено: входящих 0, исходящих 1, получено 0 ₸ (предварительно)",0,True,0,1,0,67,0.0,1372000.0,,"периферия, признаков роли не выявлено",1548
100000004272302100,peripheral,0.5,0,0.3173932384341637,"периферия, признаков роли не выявлено: входящих 1, исходящих 0, получено 10,000 ₸ (предварительно)",4,False,1,0,1,0,10000.0,0.0,0.0,"периферия, признаков роли не выявлено",1549
100000004278574100,peripheral,0.5,0,0.6983985765124555,"периферия, признаков роли не выявлено: входящих 1, исходящих 1, получено 25,000 ₸ (предварительно)",3,False,1,1,1,1,25000.0,12500.0,0.5,"периферия, признаков роли не выявлено",689
100000004285800100,peripheral,0.5,0,0.6983985765124555,"периферия, признаков роли не выявлено: входящих 1, исходящих 1, получено 5,000 ₸ (предварительно)",2,False,1,1,1,1,5000.0,15000.0,3.0,"периферия, признаков роли не выявлено",690
100000004286573100,terminal,0.5,0,0.3173932384341637,"конечный получатель в пределах выгрузки: входящих 1, исходящих 0, получено 16,590 ₸ (предварительно)",1,False,1,0,1,0,16590.0,0.0,0.0,конечный получатель в пределах выгрузки,1550
100000004291560100,terminal,0.5,0,0.3173932384341637,"конечный получатель в пределах выгрузки: входящих 1, исходящих 0, получено 47,190 ₸ (предварительно)",3,False,1,0,1,0,47190.0,0.0,0.0,конечный получатель в пределах выгрузки,1551
100000004291663100,peripheral,0.5,0,0.3173932384341637,"периферия, признаков роли не выявлено: входящих 1, исходящих 0, получено 25,000 ₸ (предварительно)",4,False,1,0,1,0,25000.0,0.0,0.0,"периферия, признаков роли не выявлено",1552
100000004292885100,terminal,0.5,1,0.3173932384341637,"конечный получатель в пределах выгрузки: входящих 1, исходящих 0, получено 112,700 ₸ (предварительно)",3,False,1,0,1,0,112700.0,0.0,0.0,конечный получатель в пределах выгрузки,1553
100000004299488100,consolidator,0.5,0,0.9497330960854092,"признаки точки консолидации: входящих 6, исходящих 2, получено 1,749,000 ₸ (предварительно)",1,False,6,2,22,14,1749000.0,344999.0,0.19725500285877645,признаки точки консолидации,109
100000004315838100,peripheral,0.5,0,0.8111654804270463,"периферия, признаков роли не выявлено: входящих 2, исходящих 1, получено 50,000 ₸ (предварительно)",1,False,2,1,2,1,50000.0,18000.0,0.36,"периферия, признаков роли не выявлено",425
100000004318918100,terminal,0.5,0,0.3173932384341637,"конечный получатель в пределах выгрузки: входящих 1, исходящих 0, получено 75,600 ₸ (предварительно)",1,False,1,0,1,0,75600.0,0.0,0.0,конечный получатель в пределах выгрузки,1554
100000004321983100,peripheral,0.5,0,0.8111654804270463,"периферия, признаков роли не выявлено: входящих 1, исходящих 2, получено 10,840 ₸ (предварительно)",3,False,1,2,1,3,10840.0,36200.0,3.339483394833948,"периферия, признаков роли не выявлено",426
100000004325327100,transit,0.5,0,0.8111654804270463,"признаки транзитного счёта: входящих 2, исходящих 1, получено 70,817 ₸ (предварительно)",1,False,2,1,3,1,70817.0,70000.0,0.988463222107686,признаки транзитного счёта,427
100000004326224100,peripheral,0.5,0,0.3173932384341637,"периферия, признаков роли не выявлено: входящих 1, исходящих 0, получено 60,000 ₸ (предварительно)",4,False,1,0,1,0,60000.0,0.0,0.0,"периферия, признаков роли не выявлено",1555
100000004330371100,peripheral,0.5,0,0.8698843416370107,"периферия, признаков роли не выявлено: входящих 2, исходящих 2, получено 264,171 ₸ (предварительно)",1,False,2,2,12,6,264171.0,90681.0,0.3432662934235779,"периферия, признаков роли не выявлено",296
100000004331458100,terminal,0.5,7,0.6983985765124555,"конечный получатель в пределах выгрузки: входящих 2, исходящих 0, получено 250,000 ₸ (предварительно)",2,False,2,0,2,0,250000.0,0.0,0.0,конечный получатель в пределах выгрузки,691
100000004336228100,terminal,0.5,0,0.3173932384341637,"конечный получатель в пределах выгрузки: входящих 1, исходящих 0, получено 51,407 ₸ (предварительно)",3,False,1,0,2,0,51407.0,0.0,0.0,конечный получатель в пределах выгрузки,1556
100000004336312100,transit,0.5,0,0.900355871886121,"признаки транзитного счёта: входящих 3, исходящих 2, получено 90,415 ₸ (предварительно)",2,False,3,2,7,3,90415.0,72650.0,0.8035171155228668,признаки транзитного счёта,227
100000004340038100,peripheral,0.5,0,0.6983985765124555,"периферия, признаков роли не выявлено: входящих 1, исходящих 1, получено 9,978 ₸ (предварительно)",3,False,1,1,1,1,9978.0,49000.0,4.910803768290238,"периферия, признаков роли не выявлено",692
100000004350094100,peripheral,0.5,0,0.3173932384341637,"периферия, признаков роли не выявлено: входящих 1, исходящих 0, получено 20,000 ₸ (предварительно)",4,False,1,0,1,0,20000.0,0.0,0.0,"периферия, признаков роли не выявлено",1557
100000004351795100,distributor,0.5,0,0.9830960854092526,"признаки веерного распределения: входящих 3, исходящих 14, получено 118,333 ₸ (предварительно)",1,False,3,14,3,37,118333.0,1715161.0,14.494359139039828,признаки веерного распределения,39
100000004356593100,peripheral,0.5,0,0.6983985765124555,"периферия, признаков роли не выявлено: входящих 1, исходящих 1, получено 50,000 ₸ (предварительно)",2,False,1,1,1,1,50000.0,10000.0,0.2,"периферия, признаков роли не выявлено",693
100000004358004100,distributor,0.5,0,0.9675266903914591,"признаки веерного распределения: входящих 0, исходящих 11, получено 0 ₸ (предварительно)",0,True,0,11,0,17,0.0,980850.0,,признаки веерного распределения,74
100000004360785100,terminal,0.5,0,0.3173932384341637,"конечный получатель в пределах выгрузки: входящих 1, исходящих 0, получено 94,705 ₸ (предварительно)",1,False,1,0,1,0,94705.0,0.0,0.0,конечный получатель в пределах выгрузки,1558
100000004368189100,peripheral,0.5,0,0.8111654804270463,"периферия, признаков роли не выявлено: входящих 1, исходящих 2, получено 384,600 ₸ (предварительно)",3,False,1,2,1,2,384600.0,28200.0,0.07332293291731669,"периферия, признаков роли не выявлено",428
100000004377043100,peripheral,0.5,0,0.3173932384341637,"периферия, признаков роли не выявлено: входящих 1, исходящих 0, получено 5,700 ₸ (предварительно)",4,False,1,0,1,0,5700.0,0.0,0.0,"периферия, признаков роли не выявлено",1559
100000004379306100,peripheral,0.5,0,0.3173932384341637,"периферия, признаков роли не выявлено: входящих 1, исходящих 0, получено 15,000 ₸ (предварительно)",4,False,1,0,1,0,15000.0,0.0,0.0,"периферия, признаков роли не выявлено",1560
100000004386258100,peripheral,0.5,0,0.922153024911032,"периферия, признаков роли не выявлено: входящих 3, исходящих 3, получено 61,700 ₸ (предварительно)",2,False,3,3,3,3,61700.0,40000.0,0.6482982171799028,"периферия, признаков роли не выявлено",176
100000004386286100,peripheral,0.5,0,0.3173932384341637,"периферия, признаков роли не выявлено: входящих 1, исходящих 0, получено 12,500 ₸ (предварительно)",4,False,1,0,1,0,12500.0,0.0,0.0,"периферия, признаков роли не выявлено",1561
100000004386331100,transit,0.5,0,0.8111654804270463,"признаки транзитного счёта: входящих 1, исходящих 2, получено 20,000 ₸ (предварительно)",3,False,1,2,1,2,20000.0,17500.0,0.875,признаки транзитного счёта,429
100000004388209100,terminal,0.5,1,0.3173932384341637,"конечный получатель в пределах выгрузки: входящих 1, исходящих 0, получено 11,800 ₸ (предварительно)",1,False,1,0,1,0,11800.0,0.0,0.0,конечный получатель в пределах выгрузки,1562
100000004388353100,terminal,0.5,0,0.6983985765124555,"конечный получатель в пределах выгрузки: входящих 2, исходящих 0, получено 62,960 ₸ (предварительно)",1,False,2,0,2,0,62960.0,0.0,0.0,конечный получатель в пределах выгрузки,694
100000004388983100,peripheral,0.5,13,0.6983985765124555,"периферия, признаков роли не выявлено: входящих 0, исходящих 2, получено 0 ₸ (предварительно)",0,True,0,2,0,23,0.0,450816.0,,"периферия, признаков роли не выявлено",695
100000004390333100,peripheral,0.5,0,0.9675266903914591,"периферия, признаков роли не выявлено: входящих 2, исходящих 9, получено 64,558 ₸ (предварительно)",1,False,2,9,2,14,64558.0,506500.0,7.845658167849066,"периферия, признаков роли не выявлено",75
100000004394765100,peripheral,0.5,0,0.900355871886121,"периферия, признаков роли не выявлено: входящих 3, исходящих 2, получено 603,844 ₸ (предварительно)",1,False,3,2,10,2,603844.0,82500.0,0.13662469114539516,"периферия, признаков роли не выявлено",228
100000004398811100,peripheral,0.5,0,0.8698843416370107,"периферия, признаков роли не выявлено: входящих 1, исходящих 3, получено 426,000 ₸ (предварительно)",2,False,1,3,1,4,426000.0,1040672.0,2.4428920187793426,"периферия, признаков роли не выявлено",297
100000004399686100,terminal,0.5,0,0.3173932384341637,"конечный получатель в пределах выгрузки: входящих 1, исходящих 0, получено 806,000 ₸ (предварительно)",3,False,1,0,2,0,806000.0,0.0,0.0,конечный получатель в пределах выгрузки,1563
100000004400305100,consolidator,0.5,0,0.9986654804270463,"признаки точки консолидации: входящих 7, исходящих 82, получено 222,800 ₸ (предварительно)",2,False,7,82,9,101,222800.0,5830181.0,26.167778276481148,признаки точки консолидации,4
100000004400361100,terminal,0.5,0,0.3173932384341637,"конечный получатель в пределах выгрузки: входящих 1, исходящих 0, получено 10,000 ₸ (предварительно)",2,False,1,0,1,0,10000.0,0.0,0.0,конечный получатель в пределах выгрузки,1564
100000004400480100,peripheral,0.5,0,0.3173932384341637,"периферия, признаков роли не выявлено: входящих 1, исходящих 0, получено 21,700 ₸ (предварительно)",4,False,1,0,1,0,21700.0,0.0,0.0,"периферия, признаков роли не выявлено",1565
100000004403548100,peripheral,0.5,0,0.3173932384341637,"периферия, признаков роли не выявлено: входящих 1, исходящих 0, получено 5,000 ₸ (предварительно)",4,False,1,0,1,0,5000.0,0.0,0.0,"периферия, признаков роли не выявлено",1566
100000004403641100,peripheral,0.5,0,0.3173932384341637,"периферия, признаков роли не выявлено: входящих 1, исходящих 0, получено 171,500 ₸ (предварительно)",4,False,1,0,1,0,171500.0,0.0,0.0,"периферия, признаков роли не выявлено",1567
100000004403675100,peripheral,0.5,0,0.957517793594306,"периферия, признаков роли не выявлено: входящих 4, исходящих 5, получено 182,980 ₸ (предварительно)",1,False,4,5,8,6,182980.0,264699.0,1.4466007213903158,"периферия, признаков роли не выявлено",99
100000004407753100,peripheral,0.5,0,0.6983985765124555,"периферия, признаков роли не выявлено: входящих 1, исходящих 1, получено 250,000 ₸ (предварительно)",3,False,1,1,4,1,250000.0,100000.0,0.4,"периферия, признаков роли не выявлено",696
100000004408683100,terminal,0.5,0,0.6983985765124555,"конечный получатель в пределах выгрузки: входящих 2, исходящих 0, получено 112,920 ₸ (предварительно)",1,False,2,0,3,0,112919.68,0.0,0.0,конечный получатель в пределах выгрузки,697
100000004410489100,terminal,0.5,0,0.3173932384341637,"конечный получатель в пределах выгрузки: входящих 1, исходящих 0, получено 54,000 ₸ (предварительно)",2,False,1,0,1,0,54000.0,0.0,0.0,конечный получатель в пределах выгрузки,1568
100000004417753100,terminal,0.5,0,0.6983985765124555,"конечный получатель в пределах выгрузки: входящих 2, исходящих 0, получено 192,099 ₸ (предварительно)",3,False,2,0,2,0,192099.0,0.0,0.0,конечный получатель в пределах выгрузки,698
100000004418967100,peripheral,0.5,0,0.3173932384341637,"периферия, признаков роли не выявлено: входящих 1, исходящих 0, получено 100,000 ₸ (предварительно)",4,False,1,0,1,0,100000.0,0.0,0.0,"периферия, признаков роли не выявлено",1569
100000004420041100,peripheral,0.5,0,0.9497330960854092,"периферия, признаков роли не выявлено: входящих 1, исходящих 7, получено 69,638 ₸ (предварительно)",3,False,1,7,1,11,69638.0,651830.0,9.360263074758034,"периферия, признаков роли не выявлено",110
100000004424023100,peripheral,0.5,0,0.6983985765124555,"периферия, признаков роли не выявлено: входящих 1, исходящих 1, получено 50,000 ₸ (предварительно)",2,False,1,1,1,1,50000.0,100000.0,2.0,"периферия, признаков роли не выявлено",699
100000004433250100,peripheral,0.5,0,0.3173932384341637,"периферия, признаков роли не выявлено: входящих 1, исходящих 0, получено 8,000 ₸ (предварительно)",4,False,1,0,1,0,8000.0,0.0,0.0,"периферия, признаков роли не выявлено",1570
100000004435304100,terminal,0.5,1,0.3173932384341637,"конечный получатель в пределах выгрузки: входящих 1, исходящих 0, получено 26,200 ₸ (предварительно)",2,False,1,0,1,0,26200.0,0.0,0.0,конечный получатель в пределах выгрузки,1571
100000004441291100,terminal,0.5,0,0.3173932384341637,"конечный получатель в пределах выгрузки: входящих 1, исходящих 0, получено 20,000 ₸ (предварительно)",2,False,1,0,1,0,20000.0,0.0,0.0,конечный получатель в пределах выгрузки,1572
100000004445291100,terminal,0.5,0,0.3173932384341637,"конечный получатель в пределах выгрузки: входящих 1, исходящих 0, получено 19,500 ₸ (предварительно)",3,False,1,0,2,0,19500.0,0.0,0.0,конечный получатель в пределах выгрузки,1573
100000004449824100,peripheral,0.5,0,0.3173932384341637,"периферия, признаков роли не выявлено: входящих 1, исходящих 0, получено 9,000 ₸ (предварительно)",4,False,1,0,1,0,9000.0,0.0,0.0,"периферия, признаков роли не выявлено",1574
100000004450649100,peripheral,0.5,0,0.8698843416370107,"периферия, признаков роли не выявлено: входящих 2, исходящих 2, получено 192,528 ₸ (предварительно)",3,False,2,2,2,2,192528.0,46527.0,0.24166355023684866,"периферия, признаков роли не выявлено",298
100000004451012100,peripheral,0.5,0,0.8698843416370107,"периферия, признаков роли не выявлено: входящих 1, исходящих 3, получено 91,245 ₸ (предварительно)",3,False,1,3,1,3,91245.0,65740.0,0.7204778344018851,"периферия, признаков роли не выявлено",299
100000004456564100,terminal,0.5,0,0.3173932384341637,"конечный получатель в пределах выгрузки: входящих 1, исходящих 0, получено 10,000 ₸ (предварительно)",2,False,1,0,2,0,10000.0,0.0,0.0,конечный получатель в пределах выгрузки,1575
100000004463277100,terminal,0.5,3,0.3173932384341637,"конечный получатель в пределах выгрузки: входящих 1, исходящих 0, получено 35,000 ₸ (предварительно)",2,False,1,0,1,0,35000.0,0.0,0.0,конечный получатель в пределах выгрузки,1576
100000004467157100,peripheral,0.5,0,0.6983985765124555,"периферия, признаков роли не выявлено: входящих 1, исходящих 1, получено 20,000 ₸ (предварительно)",2,False,1,1,3,1,20000.0,7000.0,0.35,"периферия, признаков роли не выявлено",700
100000004472936100,peripheral,0.5,0,0.3173932384341637,"периферия, признаков роли не выявлено: входящих 1, исходящих 0, получено 5,000 ₸ (предварительно)",4,False,1,0,1,0,5000.0,0.0,0.0,"периферия, признаков роли не выявлено",1577
100000004475818100,peripheral,0.5,0,0.8698843416370107,"периферия, признаков роли не выявлено: входящих 1, исходящих 3, получено 13,000 ₸ (предварительно)",3,False,1,3,1,3,13000.0,53989.0,4.153,"периферия, признаков роли не выявлено",300
100000004479404100,peripheral,0.5,0,0.8111654804270463,"периферия, признаков роли не выявлено: входящих 2, исходящих 1, получено 1,492,000 ₸ (предварительно)",2,False,2,1,8,2,1492000.0,300000.0,0.20107238605898123,"периферия, признаков роли не выявлено",430
100000004480280100,peripheral,0.5,0,0.8111654804270463,"периферия, признаков роли не выявлено: входящих 1, исходящих 2, получено 146,694 ₸ (предварительно)",1,False,1,2,1,7,146694.0,295850.0,2.0167832358515003,"периферия, признаков роли не выявлено",431
100000004486525100,consolidator,0.5,0,0.9621886120996441,"признаки точки консолидации: входящих 8, исходящих 2, получено 360,924 ₸ (предварительно)",2,False,8,2,21,3,360924.0,271045.0,0.7509752745730403,признаки точки консолидации,83
100000004488265100,terminal,0.5,0,0.3173932384341637,"конечный получатель в пределах выгрузки: входящих 1, исходящих 0, получено 38,740 ₸ (предварительно)",3,False,1,0,1,0,38740.0,0.0,0.0,конечный получатель в пределах выгрузки,1578
100000004491749100,terminal,0.5,0,0.3173932384341637,"конечный получатель в пределах выгрузки: входящих 1, исходящих 0, получено 50,000 ₸ (предварительно)",3,False,1,0,1,0,50000.0,0.0,0.0,конечный получатель в пределах выгрузки,1579
100000004491881100,terminal,0.5,1,0.3173932384341637,"конечный получатель в пределах выгрузки: входящих 1, исходящих 0, получено 17,144 ₸ (предварительно)",1,False,1,0,1,0,17144.0,0.0,0.0,конечный получатель в пределах выгрузки,1580
100000004493586100,terminal,0.5,0,0.3173932384341637,"конечный получатель в пределах выгрузки: входящих 1, исходящих 0, получено 7,500 ₸ (предварительно)",3,False,1,0,1,0,7500.0,0.0,0.0,конечный получатель в пределах выгрузки,1581
100000004494983100,terminal,0.5,1,0.3173932384341637,"конечный получатель в пределах выгрузки: входящих 1, исходящих 0, получено 35,000 ₸ (предварительно)",1,False,1,0,1,0,35000.0,0.0,0.0,конечный получатель в пределах выгрузки,1582
100000004497606100,terminal,0.5,1,0.3173932384341637,"конечный получатель в пределах выгрузки: входящих 1, исходящих 0, получено 15,534 ₸ (предварительно)",1,False,1,0,1,0,15534.0,0.0,0.0,конечный получатель в пределах выгрузки,1583
100000004500444100,peripheral,0.5,0,0.8111654804270463,"периферия, признаков роли не выявлено: входящих 2, исходящих 1, получено 180,000 ₸ (предварительно)",3,False,2,1,7,5,180000.0,74000.0,0.4111111111111111,"периферия, признаков роли не выявлено",432
100000004500781100,peripheral,0.5,0,0.3173932384341637,"периферия, признаков роли не выявлено: входящих 1, исходящих 0, получено 74,000 ₸ (предварительно)",4,False,1,0,5,0,74000.0,0.0,0.0,"периферия, признаков роли не выявлено",1584
100000004502048100,peripheral,0.5,0,0.3173932384341637,"периферия, признаков роли не выявлено: входящих 1, исходящих 0, получено 13,888 ₸ (предварительно)",4,False,1,0,1,0,13888.0,0.0,0.0,"периферия, признаков роли не выявлено",1585
100000004508696100,peripheral,0.5,0,0.8698843416370107,"периферия, признаков роли не выявлено: входящих 1, исходящих 3, получено 7,000 ₸ (предварительно)",3,False,1,3,1,4,7000.0,111000.0,15.857142857142858,"периферия, признаков роли не выявлено",301
100000004509286100,terminal,0.5,0,0.3173932384341637,"конечный получатель в пределах выгрузки: входящих 1, исходящих 0, получено 40,000 ₸ (предварительно)",1,False,1,0,1,0,40000.0,0.0,0.0,конечный получатель в пределах выгрузки,1586
100000004526651100,peripheral,0.5,0,0.3173932384341637,"периферия, признаков роли не выявлено: входящих 1, исходящих 0, получено 33,000 ₸ (предварительно)",4,False,1,0,1,0,33000.0,0.0,0.0,"периферия, признаков роли не выявлено",1587
100000004527381100,peripheral,0.5,0,0.6983985765124555,"периферия, признаков роли не выявлено: входящих 1, исходящих 1, получено 119,333 ₸ (предварительно)",2,False,1,1,1,1,119333.17,273866.11,2.2949705433954364,"периферия, признаков роли не выявлено",701
100000004539443100,terminal,0.5,0,0.6983985765124555,"конечный получатель в пределах выгрузки: входящих 2, исходящих 0, получено 61,990 ₸ (предварительно)",3,False,2,0,2,0,61990.0,0.0,0.0,конечный получатель в пределах выгрузки,702
100000004544958100,peripheral,0.5,0,0.8111654804270463,"периферия, признаков роли не выявлено: входящих 1, исходящих 2, получено 168,000 ₸ (предварительно)",2,False,1,2,3,2,168000.0,23200.0,0.1380952380952381,"периферия, признаков роли не выявлено",433
100000004549591100,peripheral,0.5,0,0.3173932384341637,"периферия, признаков роли не выявлено: входящих 1, исходящих 0, получено 49,000 ₸ (предварительно)",4,False,1,0,1,0,49000.0,0.0,0.0,"периферия, признаков роли не выявлено",1588
100000004552204100,peripheral,0.5,0,0.8111654804270463,"периферия, признаков роли не выявлено: входящих 1, исходящих 2, получено 22,500 ₸ (предварительно)",3,False,1,2,2,2,22500.0,10000.0,0.4444444444444444,"периферия, признаков роли не выявлено",434
100000004553349100,terminal,0.5,0,0.3173932384341637,"конечный получатель в пределах выгрузки: входящих 1, исходящих 0, получено 7,755 ₸ (предварительно)",3,False,1,0,1,0,7755.0,0.0,0.0,конечный получатель в пределах выгрузки,1589
100000004559194100,terminal,0.5,0,0.3173932384341637,"конечный получатель в пределах выгрузки: входящих 1, исходящих 0, получено 282,145 ₸ (предварительно)",1,False,1,0,6,0,282145.0,0.0,0.0,конечный получатель в пределах выгрузки,1590
100000004564736100,terminal,0.5,0,0.3173932384341637,"конечный получатель в пределах выгрузки: входящих 1, исходящих 0, получено 15,000 ₸ (предварительно)",3,False,1,0,2,0,15000.0,0.0,0.0,конечный получатель в пределах выгрузки,1591
100000004569484100,peripheral,0.5,0,0.922153024911032,"периферия, признаков роли не выявлено: входящих 2, исходящих 4, получено 98,312 ₸ (предварительно)",3,False,2,4,3,4,98312.0,156000.0,1.586784929611848,"периферия, признаков роли не выявлено",177
100000004569637100,peripheral,0.5,0,0.3173932384341637,"периферия, признаков роли не выявлено: входящих 1, исходящих 0, получено 5,500 ₸ (предварительно)",4,False,1,0,1,0,5500.0,0.0,0.0,"периферия, признаков роли не выявлено",1592
100000004571634100,peripheral,0.5,0,0.3173932384341637,"периферия, признаков роли не выявлено: входящих 1, исходящих 0, получено 20,000 ₸ (предварительно)",4,False,1,0,1,0,20000.0,0.0,0.0,"периферия, признаков роли не выявлено",1593
100000004573782100,terminal,0.5,0,0.3173932384341637,"конечный получатель в пределах выгрузки: входящих 1, исходящих 0, получено 15,000 ₸ (предварительно)",2,False,1,0,1,0,15000.0,0.0,0.0,конечный получатель в пределах выгрузки,1594
100000004580202100,peripheral,0.5,0,0.8698843416370107,"периферия, признаков роли не выявлено: входящих 1, исходящих 3, получено 9,000 ₸ (предварительно)",2,False,1,3,1,4,9000.0,45000.0,5.0,"периферия, признаков роли не выявлено",302
100000004580254100,terminal,0.5,0,0.6983985765124555,"конечный получатель в пределах выгрузки: входящих 2, исходящих 0, получено 27,940 ₸ (предварительно)",3,False,2,0,2,0,27940.0,0.0,0.0,конечный получатель в пределах выгрузки,703
100000004584730100,peripheral,0.5,0,0.3173932384341637,"периферия, признаков роли не выявлено: входящих 1, исходящих 0, получено 47,000 ₸ (предварительно)",4,False,1,0,1,0,47000.0,0.0,0.0,"периферия, признаков роли не выявлено",1595
100000004586598100,peripheral,0.5,0,0.3173932384341637,"периферия, признаков роли не выявлено: входящих 1, исходящих 0, получено 761,255 ₸ (предварительно)",4,False,1,0,4,0,761255.0,0.0,0.0,"периферия, признаков роли не выявлено",1596
100000004587414100,terminal,0.5,0,0.6983985765124555,"конечный получатель в пределах выгрузки: входящих 2, исходящих 0, получено 533,603 ₸ (предварительно)",3,False,2,0,2,0,533603.0,0.0,0.0,конечный получатель в пределах выгрузки,704
100000004588479100,terminal,0.5,0,0.3173932384341637,"конечный получатель в пределах выгрузки: входящих 1, исходящих 0, получено 177,633 ₸ (предварительно)",1,False,1,0,2,0,177633.0,0.0,0.0,конечный получатель в пределах выгрузки,1597
100000004591973100,peripheral,0.5,0,0.6983985765124555,"периферия, признаков роли не выявлено: входящих 1, исходящих 1, получено 10,000 ₸ (предварительно)",3,False,1,1,1,1,10000.0,100000.0,10.0,"периферия, признаков роли не выявлено",705
100000004592467100,terminal,0.5,0,0.3173932384341637,"конечный получатель в пределах выгрузки: входящих 1, исходящих 0, получено 7,000 ₸ (предварительно)",2,False,1,0,1,0,7000.0,0.0,0.0,конечный получатель в пределах выгрузки,1598
100000004596284100,peripheral,0.5,0,0.3173932384341637,"периферия, признаков роли не выявлено: входящих 1, исходящих 0, получено 30,000 ₸ (предварительно)",4,False,1,0,1,0,30000.0,0.0,0.0,"периферия, признаков роли не выявлено",1599
100000004601193100,peripheral,0.5,0,0.3173932384341637,"периферия, признаков роли не выявлено: входящих 1, исходящих 0, получено 84,000 ₸ (предварительно)",4,False,1,0,3,0,84000.0,0.0,0.0,"периферия, признаков роли не выявлено",1600
100000004603109100,peripheral,0.5,0,0.900355871886121,"периферия, признаков роли не выявлено: входящих 3, исходящих 2, получено 2,730,000 ₸ (предварительно)",3,False,3,2,8,2,2730000.0,400000.0,0.14652014652014653,"периферия, признаков роли не выявлено",229
100000004610802100,peripheral,0.5,0,0.3173932384341637,"периферия, признаков роли не выявлено: входящих 1, исходящих 0, получено 241,000 ₸ (предварительно)",4,False,1,0,18,0,241000.0,0.0,0.0,"периферия, признаков роли не выявлено",1601
100000004611571100,terminal,0.5,0,0.3173932384341637,"конечный получатель в пределах выгрузки: входящих 1, исходящих 0, получено 22,550 ₸ (предварительно)",3,False,1,0,1,0,22550.0,0.0,0.0,конечный получатель в пределах выгрузки,1602
100000004613582100,peripheral,0.5,0,0.6983985765124555,"периферия, признаков роли не выявлено: входящих 1, исходящих 1, получено 5,000 ₸ (предварительно)",3,False,1,1,1,1,5000.0,9500.0,1.9,"периферия, признаков роли не выявлено",706
100000004616845100,peripheral,0.5,0,0.3173932384341637,"периферия, признаков роли не выявлено: входящих 1, исходящих 0, получено 20,200 ₸ (предварительно)",4,False,1,0,2,0,20200.0,0.0,0.0,"периферия, признаков роли не выявлено",1603
100000004622227100,peripheral,0.5,0,0.8698843416370107,"периферия, признаков роли не выявлено: входящих 1, исходящих 3, получено 24,931 ₸ (предварительно)",1,False,1,3,1,3,24931.0,19000.0,0.762103405398901,"периферия, признаков роли не выявлено",303
100000004629688100,peripheral,0.5,0,0.6983985765124555,"периферия, признаков роли не выявлено: входящих 1, исходящих 1, получено 5,000 ₸ (предварительно)",3,False,1,1,1,2,5000.0,15000.0,3.0,"периферия, признаков роли не выявлено",707
100000004634420100,terminal,0.5,1,0.3173932384341637,"конечный получатель в пределах выгрузки: входящих 1, исходящих 0, получено 26,150 ₸ (предварительно)",3,False,1,0,1,0,26150.0,0.0,0.0,конечный получатель в пределах выгрузки,1604
100000004635886100,terminal,0.5,0,0.3173932384341637,"конечный получатель в пределах выгрузки: входящих 1, исходящих 0, получено 23,000 ₸ (предварительно)",3,False,1,0,1,0,23000.0,0.0,0.0,конечный получатель в пределах выгрузки,1605
100000004644615100,peripheral,0.5,0,0.8111654804270463,"периферия, признаков роли не выявлено: входящих 1, исходящих 2, получено 50,810 ₸ (предварительно)",3,False,1,2,1,14,50810.0,379665.0,7.472249557173785,"периферия, признаков роли не выявлено",435
100000004652395100,peripheral,0.5,0,0.8111654804270463,"периферия, признаков роли не выявлено: входящих 3, исходящих 0, получено 101,528 ₸ (предварительно)",4,False,3,0,5,0,101528.0,0.0,0.0,"периферия, признаков роли не выявлено",436
100000004655046100,peripheral,0.5,0,0.3173932384341637,"периферия, признаков роли не выявлено: входящих 1, исходящих 0, получено 24,000 ₸ (предварительно)",4,False,1,0,1,0,24000.0,0.0,0.0,"периферия, признаков роли не выявлено",1606
100000004657034100,terminal,0.5,0,0.3173932384341637,"конечный получатель в пределах выгрузки: входящих 1, исходящих 0, получено 141,250 ₸ (предварительно)",3,False,1,0,1,0,141250.0,0.0,0.0,конечный получатель в пределах выгрузки,1607
100000004659919100,peripheral,0.5,0,0.6983985765124555,"периферия, признаков роли не выявлено: входящих 1, исходящих 1, получено 110,000 ₸ (предварительно)",3,False,1,1,2,1,110000.0,39000.0,0.35454545454545455,"периферия, признаков роли не выявлено",708
100000004662806100,peripheral,0.5,0,0.8698843416370107,"периферия, признаков роли не выявлено: входящих 2, исходящих 2, получено 106,585 ₸ (предварительно)",1,False,2,2,2,3,106585.0,59900.0,0.5619927757189098,"периферия, признаков роли не выявлено",304
100000004664515100,terminal,0.5,0,0.3173932384341637,"конечный получатель в пределах выгрузки: входящих 1, исходящих 0, получено 37,691 ₸ (предварительно)",1,False,1,0,1,0,37691.0,0.0,0.0,конечный получатель в пределах выгрузки,1608
100000004664905100,terminal,0.5,0,0.6983985765124555,"конечный получатель в пределах выгрузки: входящих 2, исходящих 0, получено 329,020 ₸ (предварительно)",1,False,2,0,4,0,329020.0,0.0,0.0,конечный получатель в пределах выгрузки,709
100000004666651100,terminal,0.5,0,0.3173932384341637,"конечный получатель в пределах выгрузки: входящих 1, исходящих 0, получено 429,250 ₸ (предварительно)",2,False,1,0,1,0,429250.0,0.0,0.0,конечный получатель в пределах выгрузки,1609
100000004670388100,peripheral,0.5,0,0.8111654804270463,"периферия, признаков роли не выявлено: входящих 1, исходящих 2, получено 160,354 ₸ (предварительно)",3,False,1,2,1,4,160354.0,720000.0,4.490065729573319,"периферия, признаков роли не выявлено",437
100000004671609100,terminal,0.5,0,0.3173932384341637,"конечный получатель в пределах выгрузки: входящих 1, исходящих 0, получено 100,000 ₸ (предварительно)",3,False,1,0,1,0,100000.0,0.0,0.0,конечный получатель в пределах выгрузки,1610
100000004673335100,peripheral,0.5,0,0.3173932384341637,"периферия, признаков роли не выявлено: входящих 1, исходящих 0, получено 80,000 ₸ (предварительно)",4,False,1,0,1,0,80000.0,0.0,0.0,"периферия, признаков роли не выявлено",1611
100000004674178100,peripheral,0.5,0,0.3173932384341637,"периферия, признаков роли не выявлено: входящих 1, исходящих 0, получено 20,000 ₸ (предварительно)",4,False,1,0,1,0,20000.0,0.0,0.0,"периферия, признаков роли не выявлено",1612
100000004674389100,peripheral,0.5,0,0.3173932384341637,"периферия, признаков роли не выявлено: входящих 1, исходящих 0, получено 15,000 ₸ (предварительно)",4,False,1,0,1,0,15000.0,0.0,0.0,"периферия, признаков роли не выявлено",1613
100000004674412100,peripheral,0.5,0,0.3173932384341637,"периферия, признаков роли не выявлено: входящих 1, исходящих 0, получено 46,000 ₸ (предварительно)",4,False,1,0,1,0,46000.0,0.0,0.0,"периферия, признаков роли не выявлено",1614
100000004674799100,terminal,0.5,0,0.3173932384341637,"конечный получатель в пределах выгрузки: входящих 1, исходящих 0, получено 140,000 ₸ (предварительно)",2,False,1,0,5,0,140000.0,0.0,0.0,конечный получатель в пределах выгрузки,1615
100000004676985100,transit,0.5,0,0.6983985765124555,"признаки транзитного счёта: входящих 1, исходящих 1, получено 32,260 ₸ (предварительно)",3,False,1,1,1,1,32260.0,27102.0,0.8401115933044018,признаки транзитного счёта,710
100000004677680100,peripheral,0.5,0,0.8111654804270463,"периферия, признаков роли не выявлено: входящих 2, исходящих 1, получено 63,000 ₸ (предварительно)",1,False,2,1,2,3,63000.0,168000.0,2.6666666666666665,"периферия, признаков роли не выявлено",438
100000004679953100,peripheral,0.5,0,0.922153024911032,"периферия, признаков роли не выявлено: входящих 3, исходящих 3, получено 343,538 ₸ (предварительно)",1,False,3,3,3,3,343538.0,34100.0,0.09926121709970949,"периферия, признаков роли не выявлено",178
100000004687099100,terminal,0.5,0,0.3173932384341637,"конечный получатель в пределах выгрузки: входящих 1, исходящих 0, получено 30,000 ₸ (предварительно)",2,False,1,0,1,0,30000.0,0.0,0.0,конечный получатель в пределах выгрузки,1616
100000004687282100,terminal,0.5,0,0.3173932384341637,"конечный получатель в пределах выгрузки: входящих 1, исходящих 0, получено 20,000 ₸ (предварительно)",2,False,1,0,1,0,20000.0,0.0,0.0,конечный получатель в пределах выгрузки,1617
100000004689658100,peripheral,0.5,0,0.6983985765124555,"периферия, признаков роли не выявлено: входящих 1, исходящих 1, получено 456,100 ₸ (предварительно)",3,False,1,1,1,1,456100.0,7092.0,0.015549221661916246,"периферия, признаков роли не выявлено",711
100000004691350100,peripheral,0.5,0,0.3173932384341637,"периферия, признаков роли не выявлено: входящих 1, исходящих 0, получено 13,300 ₸ (предварительно)",4,False,1,0,1,0,13300.0,0.0,0.0,"периферия, признаков роли не выявлено",1618
100000004692798100,peripheral,0.5,0,0.8111654804270463,"периферия, признаков роли не выявлено: входящих 2, исходящих 1, получено 240,305 ₸ (предварительно)",1,False,2,1,4,2,240305.0,15000.0,0.06242067372713843,"периферия, признаков роли не выявлено",439
100000004697956100,transit,0.5,0,0.6983985765124555,"признаки транзитного счёта: входящих 1, исходящих 1, получено 10,000 ₸ (предварительно)",3,False,1,1,1,1,10000.0,10000.0,1.0,признаки транзитного счёта,712
100000004698193100,peripheral,0.5,0,0.900355871886121,"периферия, признаков роли не выявлено: входящих 2, исходящих 3, получено 222,700 ₸ (предварительно)",2,False,2,3,15,5,222700.0,38000.0,0.17063313875168387,"периферия, признаков роли не выявлено",230
100000004707703100,transit,0.5,0,0.9377224199288257,"признаки транзитного счёта: входящих 2, исходящих 5, получено 239,300 ₸ (предварительно)",1,False,2,5,3,6,239300.0,231650.0,0.9680317592979524,признаки транзитного счёта,141
100000004713684100,terminal,0.5,0,0.3173932384341637,"конечный получатель в пределах выгрузки: входящих 1, исходящих 0, получено 37,500 ₸ (предварительно)",3,False,1,0,1,0,37500.0,0.0,0.0,конечный получатель в пределах выгрузки,1619
100000004714705100,peripheral,0.5,0,0.3173932384341637,"периферия, признаков роли не выявлено: входящих 0, исходящих 1, получено 0 ₸ (предварительно)",0,True,0,1,0,1,0.0,36550.0,,"периферия, признаков роли не выявлено",1620
100000004715209100,peripheral,0.5,0,0.922153024911032,"периферия, признаков роли не выявлено: входящих 1, исходящих 5, получено 5,000 ₸ (предварительно)",3,False,1,5,1,17,5000.0,350450.0,70.09,"периферия, признаков роли не выявлено",179
100000004717647100,peripheral,0.5,0,0.922153024911032,"периферия, признаков роли не выявлено: входящих 1, исходящих 5, получено 300,000 ₸ (предварительно)",3,False,1,5,2,10,300000.0,2240000.0,7.466666666666667,"периферия, признаков роли не выявлено",180
100000004722630100,peripheral,0.5,0,0.3173932384341637,"периферия, признаков роли не выявлено: входящих 1, исходящих 0, получено 340,000 ₸ (предварительно)",4,False,1,0,2,0,340000.0,0.0,0.0,"периферия, признаков роли не выявлено",1621
100000004722765100,peripheral,0.5,0,0.8698843416370107,"периферия, признаков роли не выявлено: входящих 1, исходящих 3, получено 230,000 ₸ (предварительно)",3,False,1,3,1,9,230000.0,2284500.0,9.932608695652174,"периферия, признаков роли не выявлено",305
100000004723755100,peripheral,0.5,0,0.3173932384341637,"периферия, признаков роли не выявлено: входящих 0, исходящих 1, получено 0 ₸ (предварительно)",0,True,0,1,0,5,0.0,95000.0,,"периферия, признаков роли не выявлено",1622
100000004726132100,peripheral,0.5,0,0.6983985765124555,"периферия, признаков роли не выявлено: входящих 1, исходящих 1, получено 349,000 ₸ (предварительно)",3,False,1,1,1,2,349000.0,24000.0,0.06876790830945559,"периферия, признаков роли не выявлено",713
100000004732589100,terminal,0.5,0,0.3173932384341637,"конечный получатель в пределах выгрузки: входящих 1, исходящих 0, получено 227,520 ₸ (предварительно)",2,False,1,0,1,0,227520.0,0.0,0.0,конечный получатель в пределах выгрузки,1623
100000004737477100,transit,0.5,0,0.8111654804270463,"признаки транзитного счёта: входящих 2, исходящих 1, получено 49,598 ₸ (предварительно)",1,False,2,1,3,3,49598.0,40500.0,0.8165651840800032,признаки транзитного счёта,440
100000004737764100,terminal,0.5,0,0.3173932384341637,"конечный получатель в пределах выгрузки: входящих 1, исходящих 0, получено 600,000 ₸ (предварительно)",3,False,1,0,1,0,600000.0,0.0,0.0,конечный получатель в пределах выгрузки,1624
100000004739664100,transit,0.5,1,0.6983985765124555,"признаки транзитного счёта: входящих 1, исходящих 1, получено 12,000 ₸ (предварительно)",1,False,1,1,1,1,12000.0,10000.0,0.8333333333333334,признаки транзитного счёта,714
100000004741837100,terminal,0.5,0,0.3173932384341637,"конечный получатель в пределах выгрузки: входящих 1, исходящих 0, получено 25,596 ₸ (предварительно)",1,False,1,0,1,0,25596.0,0.0,0.0,конечный получатель в пределах выгрузки,1625
100000004744306100,peripheral,0.5,0,0.8111654804270463,"периферия, признаков роли не выявлено: входящих 1, исходящих 2, получено 69,000 ₸ (предварительно)",1,False,1,2,1,3,69000.0,92000.0,1.3333333333333333,"периферия, признаков роли не выявлено",441
100000004746397100,peripheral,0.5,0,0.6983985765124555,"периферия, признаков роли не выявлено: входящих 1, исходящих 1, получено 219,520 ₸ (предварительно)",3,False,1,1,1,1,219520.0,7500.0,0.03416545189504373,"периферия, признаков роли не выявлено",715
100000004747154100,peripheral,0.5,0,0.3173932384341637,"периферия, признаков роли не выявлено: входящих 1, исходящих 0, получено 67,000 ₸ (предварительно)",4,False,1,0,1,0,67000.0,0.0,0.0,"периферия, признаков роли не выявлено",1626
100000004750321100,terminal,0.5,0,0.6983985765124555,"конечный получатель в пределах выгрузки: входящих 2, исходящих 0, получено 50,185 ₸ (предварительно)",3,False,2,0,2,0,50185.0,0.0,0.0,конечный получатель в пределах выгрузки,716
100000004750897100,terminal,0.5,0,0.3173932384341637,"конечный получатель в пределах выгрузки: входящих 1, исходящих 0, получено 10,000 ₸ (предварительно)",3,False,1,0,1,0,10000.0,0.0,0.0,конечный получатель в пределах выгрузки,1627
100000004756901100,terminal,0.5,0,0.3173932384341637,"конечный получатель в пределах выгрузки: входящих 1, исходящих 0, получено 153,248 ₸ (предварительно)",2,False,1,0,1,0,153248.0,0.0,0.0,конечный получатель в пределах выгрузки,1628
100000004759121100,consolidator,0.5,0,0.9497330960854092,"признаки точки консолидации: входящих 6, исходящих 2, получено 710,000 ₸ (предварительно)",1,False,6,2,10,6,710000.0,312000.0,0.4394366197183099,признаки точки консолидации,111
100000004765639100,peripheral,0.5,0,0.8111654804270463,"периферия, признаков роли не выявлено: входящих 1, исходящих 2, получено 5,000 ₸ (предварительно)",2,False,1,2,1,2,5000.0,11000.0,2.2,"периферия, признаков роли не выявлено",442
100000004770073100,transit,0.5,0,0.6983985765124555,"признаки транзитного счёта: входящих 1, исходящих 1, получено 5,462 ₸ (предварительно)",3,False,1,1,1,1,5462.4,5466.97,1.0008366285881665,признаки транзитного счёта,717
100000004777215100,peripheral,0.5,0,0.3173932384341637,"периферия, признаков роли не выявлено: входящих 1, исходящих 0, получено 60,000 ₸ (предварительно)",4,False,1,0,1,0,60000.0,0.0,0.0,"периферия, признаков роли не выявлено",1629
100000004779204100,peripheral,0.5,0,0.6983985765124555,"периферия, признаков роли не выявлено: входящих 1, исходящих 1, получено 30,450 ₸ (предварительно)",3,False,1,1,1,2,30450.0,20000.0,0.6568144499178982,"периферия, признаков роли не выявлено",718
100000004780083100,peripheral,0.5,0,0.3173932384341637,"периферия, признаков роли не выявлено: входящих 1, исходящих 0, получено 9,999 ₸ (предварительно)",4,False,1,0,1,0,9999.0,0.0,0.0,"периферия, признаков роли не выявлено",1630
100000004780327100,peripheral,0.5,0,0.3173932384341637,"периферия, признаков роли не выявлено: входящих 1, исходящих 0, получено 12,000 ₸ (предварительно)",4,False,1,0,1,0,12000.0,0.0,0.0,"периферия, признаков роли не выявлено",1631
100000004783447100,terminal,0.5,1,0.3173932384341637,"конечный получатель в пределах выгрузки: входящих 1, исходящих 0, получено 26,200 ₸ (предварительно)",1,False,1,0,1,0,26200.0,0.0,0.0,конечный получатель в пределах выгрузки,1632
100000004784224100,peripheral,0.5,0,0.6983985765124555,"периферия, признаков роли не выявлено: входящих 1, исходящих 1, получено 23,500 ₸ (предварительно)",1,False,1,1,2,1,23500.0,100000.0,4.25531914893617,"периферия, признаков роли не выявлено",719
100000004788983100,peripheral,0.5,0,0.3173932384341637,"периферия, признаков роли не выявлено: входящих 1, исходящих 0, получено 27,000 ₸ (предварительно)",4,False,1,0,1,0,27000.0,0.0,0.0,"периферия, признаков роли не выявлено",1633
100000004790991100,terminal,0.5,0,0.3173932384341637,"конечный получатель в пределах выгрузки: входящих 1, исходящих 0, получено 239,413 ₸ (предварительно)",1,False,1,0,4,0,239413.0,0.0,0.0,конечный получатель в пределах выгрузки,1634
100000004791226100,peripheral,0.5,0,0.3173932384341637,"периферия, признаков роли не выявлено: входящих 1, исходящих 0, получено 20,000 ₸ (предварительно)",4,False,1,0,1,0,20000.0,0.0,0.0,"периферия, признаков роли не выявлено",1635
100000004792397100,terminal,0.5,1,0.3173932384341637,"конечный получатель в пределах выгрузки: входящих 1, исходящих 0, получено 73,520 ₸ (предварительно)",1,False,1,0,1,0,73520.0,0.0,0.0,конечный получатель в пределах выгрузки,1636
100000004797167100,peripheral,0.5,0,0.3173932384341637,"периферия, признаков роли не выявлено: входящих 1, исходящих 0, получено 31,000 ₸ (предварительно)",4,False,1,0,1,0,31000.0,0.0,0.0,"периферия, признаков роли не выявлено",1637
100000004798515100,peripheral,0.5,0,0.3173932384341637,"периферия, признаков роли не выявлено: входящих 1, исходящих 0, получено 200,000 ₸ (предварительно)",4,False,1,0,2,0,200000.0,0.0,0.0,"периферия, признаков роли не выявлено",1638
100000004800452100,peripheral,0.5,0,0.3173932384341637,"периферия, признаков роли не выявлено: входящих 1, исходящих 0, получено 6,545 ₸ (предварительно)",4,False,1,0,1,0,6544.53,0.0,0.0,"периферия, признаков роли не выявлено",1639
100000004800648100,peripheral,0.5,0,0.3173932384341637,"периферия, признаков роли не выявлено: входящих 1, исходящих 0, получено 131,000 ₸ (предварительно)",4,False,1,0,1,0,131000.0,0.0,0.0,"периферия, признаков роли не выявлено",1640
100000004806903100,terminal,0.5,0,0.3173932384341637,"конечный получатель в пределах выгрузки: входящих 1, исходящих 0, получено 18,000 ₸ (предварительно)",2,False,1,0,1,0,18000.0,0.0,0.0,конечный получатель в пределах выгрузки,1641
100000004813068100,peripheral,0.5,0,0.8111654804270463,"периферия, признаков роли не выявлено: входящих 0, исходящих 3, получено 0 ₸ (предварительно)",0,True,0,3,0,5,0.0,297000.0,,"периферия, признаков роли не выявлено",443
100000004816564100,peripheral,0.5,0,0.6983985765124555,"периферия, признаков роли не выявлено: входящих 1, исходящих 1, получено 285,480 ₸ (предварительно)",2,False,1,1,1,1,285480.0,5000.0,0.01751436177665686,"периферия, признаков роли не выявлено",720
100000004820260100,transit,0.5,0,0.8698843416370107,"признаки транзитного счёта: входящих 1, исходящих 3, получено 234,200 ₸ (предварительно)",2,False,1,3,12,10,234200.0,215350.0,0.9195132365499573,признаки транзитного счёта,306
100000004825069100,terminal,0.5,1,0.3173932384341637,"конечный получатель в пределах выгрузки: входящих 1, исходящих 0, получено 30,000 ₸ (предварительно)",2,False,1,0,4,0,30000.0,0.0,0.0,конечный получатель в пределах выгрузки,1642
100000004840086100,peripheral,0.5,0,0.3173932384341637,"периферия, признаков роли не выявлено: входящих 1, исходящих 0, получено 100,000 ₸ (предварительно)",4,False,1,0,2,0,100000.0,0.0,0.0,"периферия, признаков роли не выявлено",1643
100000004841728100,terminal,0.5,1,0.3173932384341637,"конечный получатель в пределах выгрузки: входящих 1, исходящих 0, получено 52,208 ₸ (предварительно)",1,False,1,0,1,0,52208.0,0.0,0.0,конечный получатель в пределах выгрузки,1644
100000004847758100,distributor,0.5,0,0.9842081850533808,"признаки веерного распределения: входящих 4, исходящих 15, получено 115,171 ₸ (предварительно)",1,False,4,15,4,23,115171.0,488800.0,4.244123954815014,признаки веерного распределения,36
100000004848236100,peripheral,0.5,0,0.3173932384341637,"периферия, признаков роли не выявлено: входящих 1, исходящих 0, получено 7,500 ₸ (предварительно)",4,False,1,0,1,0,7500.0,0.0,0.0,"периферия, признаков роли не выявлено",1645
100000004850609100,peripheral,0.5,0,0.3173932384341637,"периферия, признаков роли не выявлено: входящих 1, исходящих 0, получено 10,000 ₸ (предварительно)",4,False,1,0,1,0,10000.0,0.0,0.0,"периферия, признаков роли не выявлено",1646
100000004856746100,peripheral,0.5,0,0.3173932384341637,"периферия, признаков роли не выявлено: входящих 1, исходящих 0, получено 20,000 ₸ (предварительно)",4,False,1,0,1,0,20000.0,0.0,0.0,"периферия, признаков роли не выявлено",1647
100000004877085100,peripheral,0.5,0,0.8698843416370107,"периферия, признаков роли не выявлено: входящих 1, исходящих 3, получено 25,000 ₸ (предварительно)",3,False,1,3,1,9,25000.0,95600.0,3.824,"периферия, признаков роли не выявлено",307
100000004889043100,terminal,0.5,0,0.6983985765124555,"конечный получатель в пределах выгрузки: входящих 2, исходящих 0, получено 272,000 ₸ (предварительно)",3,False,2,0,4,0,272000.0,0.0,0.0,конечный получатель в пределах выгрузки,721
100000004890713100,peripheral,0.5,0,0.3173932384341637,"периферия, признаков роли не выявлено: входящих 1, исходящих 0, получено 40,485 ₸ (предварительно)",4,False,1,0,1,0,40485.0,0.0,0.0,"периферия, признаков роли не выявлено",1648
100000004891562100,peripheral,0.5,0,0.3173932384341637,"периферия, признаков роли не выявлено: входящих 1, исходящих 0, получено 103,400 ₸ (предварительно)",4,False,1,0,1,0,103400.0,0.0,0.0,"периферия, признаков роли не выявлено",1649
100000004892144100,peripheral,0.5,0,0.8111654804270463,"периферия, признаков роли не выявлено: входящих 2, исходящих 1, получено 4,500,000 ₸ (предварительно)",3,False,2,1,7,1,4500000.0,180300.0,0.04006666666666667,"периферия, признаков роли не выявлено",444
100000004904960100,terminal,0.5,0,0.6983985765124555,"конечный получатель в пределах выгрузки: входящих 2, исходящих 0, получено 32,000 ₸ (предварительно)",2,False,2,0,2,0,32000.0,0.0,0.0,конечный получатель в пределах выгрузки,722
100000004905207100,terminal,0.5,0,0.3173932384341637,"конечный получатель в пределах выгрузки: входящих 1, исходящих 0, получено 380,000 ₸ (предварительно)",2,False,1,0,1,0,380000.0,0.0,0.0,конечный получатель в пределах выгрузки,1650
100000004906181100,peripheral,0.5,0,0.9497330960854092,"периферия, признаков роли не выявлено: входящих 1, исходящих 7, получено 100,000 ₸ (предварительно)",3,False,1,7,1,33,100000.0,2473417.91,24.734179100000002,"периферия, признаков роли не выявлено",112
100000004908173100,peripheral,0.5,0,0.3173932384341637,"периферия, признаков роли не выявлено: входящих 1, исходящих 0, получено 21,000 ₸ (предварительно)",4,False,1,0,1,0,21000.0,0.0,0.0,"периферия, признаков роли не выявлено",1651
100000004911971100,peripheral,0.5,0,0.3173932384341637,"периферия, признаков роли не выявлено: входящих 1, исходящих 0, получено 35,000 ₸ (предварительно)",4,False,1,0,3,0,35000.0,0.0,0.0,"периферия, признаков роли не выявлено",1652
100000004917367100,terminal,0.5,0,0.6983985765124555,"конечный получатель в пределах выгрузки: входящих 2, исходящих 0, получено 120,000 ₸ (предварительно)",3,False,2,0,2,0,120000.0,0.0,0.0,конечный получатель в пределах выгрузки,723
100000004921657100,peripheral,0.5,0,0.6983985765124555,"периферия, признаков роли не выявлено: входящих 1, исходящих 1, получено 8,300 ₸ (предварительно)",3,False,1,1,1,1,8300.0,22190.0,2.6734939759036145,"периферия, признаков роли не выявлено",724
100000004931931100,peripheral,0.5,0,0.6983985765124555,"периферия, признаков роли не выявлено: входящих 1, исходящих 1, получено 23,938 ₸ (предварительно)",3,False,1,1,1,1,23938.0,45000.0,1.8798562954298605,"периферия, признаков роли не выявлено",725
100000004948177100,terminal,0.5,0,0.8111654804270463,"конечный получатель в пределах выгрузки: входящих 3, исходящих 0, получено 437,163 ₸ (предварительно)",1,False,3,0,8,0,437163.0,0.0,0.0,конечный получатель в пределах выгрузки,445
100000004950490100,terminal,0.5,0,0.3173932384341637,"конечный получатель в пределах выгрузки: входящих 1, исходящих 0, получено 10,000 ₸ (предварительно)",2,False,1,0,1,0,10000.0,0.0,0.0,конечный получатель в пределах выгрузки,1653
100000004959752100,terminal,0.5,0,0.3173932384341637,"конечный получатель в пределах выгрузки: входящих 1, исходящих 0, получено 22,200 ₸ (предварительно)",3,False,1,0,1,0,22200.0,0.0,0.0,конечный получатель в пределах выгрузки,1654
100000004962193100,consolidator,0.5,0,0.9497330960854092,"признаки точки консолидации: входящих 8, исходящих 0, получено 900,468 ₸ (предварительно)",2,False,8,0,11,0,900468.0,0.0,0.0,признаки точки консолидации,113
100000004970752100,terminal,0.5,0,0.3173932384341637,"конечный получатель в пределах выгрузки: входящих 1, исходящих 0, получено 10,000 ₸ (предварительно)",3,False,1,0,1,0,10000.0,0.0,0.0,конечный получатель в пределах выгрузки,1655
100000004971871100,peripheral,0.5,11,0.6983985765124555,"периферия, признаков роли не выявлено: входящих 1, исходящих 1, получено 25,400 ₸ (предварительно)",0,True,1,1,3,1,25400.0,5650.0,0.22244094488188976,"периферия, признаков роли не выявлено",726
100000004975919100,peripheral,0.5,0,0.8111654804270463,"периферия, признаков роли не выявлено: входящих 1, исходящих 2, получено 22,351 ₸ (предварительно)",3,False,1,2,1,2,22351.0,15000.0,0.6711109122634334,"периферия, признаков роли не выявлено",446
100000004976946100,peripheral,0.5,0,0.3173932384341637,"периферия, признаков роли не выявлено: входящих 1, исходящих 0, получено 246,000 ₸ (предварительно)",4,False,1,0,1,0,246000.0,0.0,0.0,"периферия, признаков роли не выявлено",1656
100000004979264100,peripheral,0.5,0,0.3173932384341637,"периферия, признаков роли не выявлено: входящих 1, исходящих 0, получено 39,800 ₸ (предварительно)",4,False,1,0,1,0,39800.0,0.0,0.0,"периферия, признаков роли не выявлено",1657
100000004979283100,terminal,0.5,0,0.3173932384341637,"конечный получатель в пределах выгрузки: входящих 1, исходящих 0, получено 40,132 ₸ (предварительно)",3,False,1,0,1,0,40132.0,0.0,0.0,конечный получатель в пределах выгрузки,1658
100000004979498100,peripheral,0.5,8,0.6983985765124555,"периферия, признаков роли не выявлено: входящих 1, исходящих 1, получено 700,000 ₸ (предварительно)",2,False,1,1,2,1,700000.0,200000.0,0.2857142857142857,"периферия, признаков роли не выявлено",727
100000004981068100,peripheral,0.5,0,0.3173932384341637,"периферия, признаков роли не выявлено: входящих 1, исходящих 0, получено 10,000 ₸ (предварительно)",4,False,1,0,1,0,10000.0,0.0,0.0,"периферия, признаков роли не выявлено",1659
100000004984689100,terminal,0.5,0,0.3173932384341637,"конечный получатель в пределах выгрузки: входящих 1, исходящих 0, получено 53,030 ₸ (предварительно)",3,False,1,0,1,0,53030.0,0.0,0.0,конечный получатель в пределах выгрузки,1660
100000004988240100,peripheral,0.5,0,0.3173932384341637,"периферия, признаков роли не выявлено: входящих 1, исходящих 0, получено 20,000 ₸ (предварительно)",4,False,1,0,1,0,20000.0,0.0,0.0,"периферия, признаков роли не выявлено",1661
100000004991593100,peripheral,0.5,0,0.3173932384341637,"периферия, признаков роли не выявлено: входящих 1, исходящих 0, получено 45,000 ₸ (предварительно)",4,False,1,0,2,0,45000.0,0.0,0.0,"периферия, признаков роли не выявлено",1662
100000004991812100,terminal,0.5,0,0.3173932384341637,"конечный получатель в пределах выгрузки: входящих 1, исходящих 0, получено 10,000 ₸ (предварительно)",3,False,1,0,1,0,10000.0,0.0,0.0,конечный получатель в пределах выгрузки,1663
100000004993576100,terminal,0.5,0,0.3173932384341637,"конечный получатель в пределах выгрузки: входящих 1, исходящих 0, получено 167,000 ₸ (предварительно)",2,False,1,0,1,0,167000.0,0.0,0.0,конечный получатель в пределах выгрузки,1664
100000004997515100,peripheral,0.5,0,0.9497330960854092,"периферия, признаков роли не выявлено: входящих 4, исходящих 4, получено 395,000 ₸ (предварительно)",3,False,4,4,4,4,395000.0,54500.0,0.1379746835443038,"периферия, признаков роли не выявлено",114
100000005008589100,terminal,0.5,0,0.3173932384341637,"конечный получатель в пределах выгрузки: входящих 1, исходящих 0, получено 42,807 ₸ (предварительно)",3,False,1,0,1,0,42806.68,0.0,0.0,конечный получатель в пределах выгрузки,1665
100000005010159100,peripheral,0.5,0,0.3173932384341637,"периферия, признаков роли не выявлено: входящих 1, исходящих 0, получено 7,092 ₸ (предварительно)",4,False,1,0,1,0,7092.0,0.0,0.0,"периферия, признаков роли не выявлено",1666
100000005017150100,peripheral,0.5,22,0.004448398576512456,"периферия, признаков роли не выявлено: входящих 0, исходящих 0, получено 0 ₸ (предварительно)",0,True,0,0,0,0,0.0,0.0,,"периферия, признаков роли не выявлено",2236
100000005022552100,peripheral,0.5,0,0.6983985765124555,"периферия, признаков роли не выявлено: входящих 1, исходящих 1, получено 241,000 ₸ (предварительно)",3,False,1,1,3,1,241000.0,5000.0,0.02074688796680498,"периферия, признаков роли не выявлено",728
100000005022964100,terminal,0.5,0,0.3173932384341637,"конечный получатель в пределах выгрузки: входящих 1, исходящих 0, получено 20,000 ₸ (предварительно)",2,False,1,0,1,0,20000.0,0.0,0.0,конечный получатель в пределах выгрузки,1667
100000005025629100,peripheral,0.5,0,0.3173932384341637,"периферия, признаков роли не выявлено: входящих 1, исходящих 0, получено 5,227 ₸ (предварительно)",4,False,1,0,1,0,5227.0,0.0,0.0,"периферия, признаков роли не выявлено",1668
100000005030592100,terminal,0.5,0,0.3173932384341637,"конечный получатель в пределах выгрузки: входящих 1, исходящих 0, получено 10,000 ₸ (предварительно)",2,False,1,0,1,0,10000.0,0.0,0.0,конечный получатель в пределах выгрузки,1669
100000005031696100,peripheral,0.5,0,0.8111654804270463,"периферия, признаков роли не выявлено: входящих 1, исходящих 2, получено 5,000 ₸ (предварительно)",2,False,1,2,1,3,5000.0,115000.0,23.0,"периферия, признаков роли не выявлено",447
100000005032294100,terminal,0.5,0,0.3173932384341637,"конечный получатель в пределах выгрузки: входящих 1, исходящих 0, получено 10,000 ₸ (предварительно)",2,False,1,0,1,0,10000.0,0.0,0.0,конечный получатель в пределах выгрузки,1670
100000005034574100,terminal,0.5,13,0.3173932384341637,"конечный получатель в пределах выгрузки: входящих 1, исходящих 0, получено 258,816 ₸ (предварительно)",1,False,1,0,16,0,258816.0,0.0,0.0,конечный получатель в пределах выгрузки,1671
100000005037490100,peripheral,0.5,0,0.8111654804270463,"периферия, признаков роли не выявлено: входящих 1, исходящих 2, получено 15,000 ₸ (предварительно)",3,False,1,2,1,3,15000.0,30000.0,2.0,"периферия, признаков роли не выявлено",448
100000005041147100,peripheral,0.5,0,0.3173932384341637,"периферия, признаков роли не выявлено: входящих 1, исходящих 0, получено 10,000 ₸ (предварительно)",4,False,1,0,1,0,10000.0,0.0,0.0,"периферия, признаков роли не выявлено",1672
100000005041905100,peripheral,0.5,1,0.6983985765124555,"периферия, признаков роли не выявлено: входящих 1, исходящих 1, получено 5,000 ₸ (предварительно)",3,False,1,1,1,5,5000.0,1080351.0,216.0702,"периферия, признаков роли не выявлено",729
100000005042822100,peripheral,0.5,0,0.3173932384341637,"периферия, признаков роли не выявлено: входящих 1, исходящих 0, получено 1,000,000 ₸ (предварительно)",4,False,1,0,1,0,1000000.0,0.0,0.0,"периферия, признаков роли не выявлено",1673
100000005048668100,peripheral,0.5,0,0.9621886120996441,"периферия, признаков роли не выявлено: входящих 2, исходящих 8, получено 16,668 ₸ (предварительно)",3,False,2,8,2,11,16668.0,159400.0,9.563234941204703,"периферия, признаков роли не выявлено",84
100000005049404100,peripheral,0.5,0,0.3173932384341637,"периферия, признаков роли не выявлено: входящих 1, исходящих 0, получено 98,000 ₸ (предварительно)",4,False,1,0,2,0,98000.0,0.0,0.0,"периферия, признаков роли не выявлено",1674
100000005052998100,peripheral,0.5,0,0.6983985765124555,"периферия, признаков роли не выявлено: входящих 1, исходящих 1, получено 9,500 ₸ (предварительно)",3,False,1,1,1,1,9500.0,28400.0,2.9894736842105263,"периферия, признаков роли не выявлено",730
100000005053653100,peripheral,0.5,0,0.8111654804270463,"периферия, признаков роли не выявлено: входящих 2, исходящих 1, получено 63,073 ₸ (предварительно)",2,False,2,1,2,1,63073.0,25000.0,0.3963661154535221,"периферия, признаков роли не выявлено",449
100000005055454100,terminal,0.5,3,0.3173932384341637,"конечный получатель в пределах выгрузки: входящих 1, исходящих 0, получено 6,500 ₸ (предварительно)",3,False,1,0,1,0,6500.0,0.0,0.0,конечный получатель в пределах выгрузки,1675
100000005056870100,terminal,0.5,6,0.3173932384341637,"конечный получатель в пределах выгрузки: входящих 1, исходящих 0, получено 20,000 ₸ (предварительно)",1,False,1,0,1,0,20000.0,0.0,0.0,конечный получатель в пределах выгрузки,1676
100000005059998100,terminal,0.5,0,0.3173932384341637,"конечный получатель в пределах выгрузки: входящих 1, исходящих 0, получено 18,000 ₸ (предварительно)",2,False,1,0,1,0,18000.0,0.0,0.0,конечный получатель в пределах выгрузки,1677
100000005061890100,terminal,0.5,0,0.3173932384341637,"конечный получатель в пределах выгрузки: входящих 1, исходящих 0, получено 90,000 ₸ (предварительно)",3,False,1,0,1,0,90000.0,0.0,0.0,конечный получатель в пределах выгрузки,1678
100000005074393100,peripheral,0.5,0,0.9621886120996441,"периферия, признаков роли не выявлено: входящих 4, исходящих 6, получено 563,026 ₸ (предварительно)",1,False,4,6,5,10,563026.0,685500.0,1.2175281425724567,"периферия, признаков роли не выявлено",85
100000005075949100,peripheral,0.5,0,0.3173932384341637,"периферия, признаков роли не выявлено: входящих 1, исходящих 0, получено 2,226,000 ₸ (предварительно)",4,False,1,0,7,0,2226000.0,0.0,0.0,"периферия, признаков роли не выявлено",1679
100000005077484100,peripheral,0.5,3,0.8111654804270463,"периферия, признаков роли не выявлено: входящих 1, исходящих 2, получено 150,000 ₸ (предварительно)",2,False,1,2,1,2,150000.0,13550.0,0.09033333333333333,"периферия, признаков роли не выявлено",450
100000005079473100,peripheral,0.5,0,0.3173932384341637,"периферия, признаков роли не выявлено: входящих 1, исходящих 0, получено 39,312 ₸ (предварительно)",4,False,1,0,1,0,39312.0,0.0,0.0,"периферия, признаков роли не выявлено",1680
100000005079754100,peripheral,0.5,0,0.8111654804270463,"периферия, признаков роли не выявлено: входящих 1, исходящих 2, получено 70,000 ₸ (предварительно)",1,False,1,2,1,2,70000.0,122000.0,1.7428571428571429,"периферия, признаков роли не выявлено",451
100000005082652100,terminal,0.5,0,0.3173932384341637,"конечный получатель в пределах выгрузки: входящих 1, исходящих 0, получено 30,000 ₸ (предварительно)",3,False,1,0,1,0,30000.0,0.0,0.0,конечный получатель в пределах выгрузки,1681
100000005087431100,peripheral,0.5,23,0.004448398576512456,"периферия, признаков роли не выявлено: входящих 0, исходящих 0, получено 0 ₸ (предварительно)",0,True,0,0,0,0,0.0,0.0,,"периферия, признаков роли не выявлено",2237
100000005087923100,peripheral,0.5,0,0.3173932384341637,"периферия, признаков роли не выявлено: входящих 1, исходящих 0, получено 20,000 ₸ (предварительно)",4,False,1,0,1,0,20000.0,0.0,0.0,"периферия, признаков роли не выявлено",1682
100000005089460100,terminal,0.5,1,0.3173932384341637,"конечный получатель в пределах выгрузки: входящих 1, исходящих 0, получено 12,300 ₸ (предварительно)",3,False,1,0,1,0,12300.0,0.0,0.0,конечный получатель в пределах выгрузки,1683
100000005092518100,terminal,0.5,1,0.3173932384341637,"конечный получатель в пределах выгрузки: входящих 1, исходящих 0, получено 26,144 ₸ (предварительно)",1,False,1,0,1,0,26144.0,0.0,0.0,конечный получатель в пределах выгрузки,1684
100000005093521100,terminal,0.5,0,0.3173932384341637,"конечный получатель в пределах выгрузки: входящих 1, исходящих 0, получено 15,200 ₸ (предварительно)",1,False,1,0,1,0,15200.0,0.0,0.0,конечный получатель в пределах выгрузки,1685
100000005100475100,terminal,0.5,0,0.3173932384341637,"конечный получатель в пределах выгрузки: входящих 1, исходящих 0, получено 40,000 ₸ (предварительно)",3,False,1,0,1,0,40000.0,0.0,0.0,конечный получатель в пределах выгрузки,1686
100000005105153100,terminal,0.5,0,0.3173932384341637,"конечный получатель в пределах выгрузки: входящих 1, исходящих 0, получено 30,000 ₸ (предварительно)",2,False,1,0,1,0,30000.0,0.0,0.0,конечный получатель в пределах выгрузки,1687
100000005124479100,peripheral,0.5,0,0.8698843416370107,"периферия, признаков роли не выявлено: входящих 2, исходящих 2, получено 137,753 ₸ (предварительно)",1,False,2,2,2,2,137753.0,22000.0,0.15970614070110994,"периферия, признаков роли не выявлено",308
100000005127767100,terminal,0.5,0,0.3173932384341637,"конечный получатель в пределах выгрузки: входящих 1, исходящих 0, получено 7,000 ₸ (предварительно)",3,False,1,0,1,0,7000.0,0.0,0.0,конечный получатель в пределах выгрузки,1688
100000005133757100,terminal,0.5,0,0.6983985765124555,"конечный получатель в пределах выгрузки: входящих 2, исходящих 0, получено 65,000 ₸ (предварительно)",1,False,2,0,2,0,65000.0,0.0,0.0,конечный получатель в пределах выгрузки,731
100000005140601100,peripheral,0.5,0,0.900355871886121,"периферия, признаков роли не выявлено: входящих 3, исходящих 2, получено 52,685 ₸ (предварительно)",2,False,3,2,4,5,52685.0,195300.0,3.706937458479643,"периферия, признаков роли не выявлено",231
100000005142492100,peripheral,0.5,0,0.6983985765124555,"периферия, признаков роли не выявлено: входящих 1, исходящих 1, получено 10,000 ₸ (предварительно)",3,False,1,1,1,1,10000.0,57000.0,5.7,"периферия, признаков роли не выявлено",732
100000005142589100,terminal,0.5,0,0.3173932384341637,"конечный получатель в пределах выгрузки: входящих 1, исходящих 0, получено 50,000 ₸ (предварительно)",2,False,1,0,2,0,50000.0,0.0,0.0,конечный получатель в пределах выгрузки,1689
100000005146665100,peripheral,0.5,0,0.3173932384341637,"периферия, признаков роли не выявлено: входящих 1, исходящих 0, получено 5,500 ₸ (предварительно)",4,False,1,0,1,0,5500.0,0.0,0.0,"периферия, признаков роли не выявлено",1690
100000005168487100,peripheral,0.5,0,0.6983985765124555,"периферия, признаков роли не выявлено: входящих 1, исходящих 1, получено 15,000 ₸ (предварительно)",2,False,1,1,1,14,15000.0,103510.0,6.900666666666667,"периферия, признаков роли не выявлено",733
100000005171642100,transit,0.5,0,0.8111654804270463,"признаки транзитного счёта: входящих 2, исходящих 1, получено 696,800 ₸ (предварительно)",3,False,2,1,5,4,696800.0,683600.0,0.9810562571756601,признаки транзитного счёта,452
100000005172860100,terminal,0.5,0,0.3173932384341637,"конечный получатель в пределах выгрузки: входящих 1, исходящих 0, получено 15,209 ₸ (предварительно)",3,False,1,0,1,0,15209.2,0.0,0.0,конечный получатель в пределах выгрузки,1691
100000005175148100,peripheral,0.5,0,0.8111654804270463,"периферия, признаков роли не выявлено: входящих 2, исходящих 1, получено 79,000 ₸ (предварительно)",2,False,2,1,4,1,79000.0,15000.0,0.189873417721519,"периферия, признаков роли не выявлено",453
100000005182219100,terminal,0.5,0,0.6983985765124555,"конечный получатель в пределах выгрузки: входящих 2, исходящих 0, получено 55,000 ₸ (предварительно)",3,False,2,0,2,0,55000.0,0.0,0.0,конечный получатель в пределах выгрузки,734
100000005183943100,terminal,0.5,5,0.3173932384341637,"конечный получатель в пределах выгрузки: входящих 1, исходящих 0, получено 680,900 ₸ (предварительно)",1,False,1,0,9,0,680900.0,0.0,0.0,конечный получатель в пределах выгрузки,1692
100000005186109100,terminal,0.5,0,0.3173932384341637,"конечный получатель в пределах выгрузки: входящих 1, исходящих 0, получено 5,000 ₸ (предварительно)",3,False,1,0,1,0,5000.0,0.0,0.0,конечный получатель в пределах выгрузки,1693
100000005186131100,transit,0.5,0,0.6983985765124555,"признаки транзитного счёта: входящих 1, исходящих 1, получено 10,000 ₸ (предварительно)",3,False,1,1,1,1,10000.0,10000.0,1.0,признаки транзитного счёта,735
100000005187208100,terminal,0.5,0,0.3173932384341637,"конечный получатель в пределах выгрузки: входящих 1, исходящих 0, получено 14,160 ₸ (предварительно)",3,False,1,0,1,0,14160.0,0.0,0.0,конечный получатель в пределах выгрузки,1694
100000005189258100,peripheral,0.5,0,0.3173932384341637,"периферия, признаков роли не выявлено: входящих 1, исходящих 0, получено 50,000 ₸ (предварительно)",4,False,1,0,1,0,50000.0,0.0,0.0,"периферия, признаков роли не выявлено",1695
100000005198498100,terminal,0.5,1,0.3173932384341637,"конечный получатель в пределах выгрузки: входящих 1, исходящих 0, получено 28,800 ₸ (предварительно)",3,False,1,0,1,0,28800.0,0.0,0.0,конечный получатель в пределах выгрузки,1696
100000005198906100,peripheral,0.5,0,0.6983985765124555,"периферия, признаков роли не выявлено: входящих 1, исходящих 1, получено 227,970 ₸ (предварительно)",3,False,1,1,1,1,227970.0,60000.0,0.26319252533228055,"периферия, признаков роли не выявлено",736
100000005203590100,terminal,0.5,0,0.3173932384341637,"конечный получатель в пределах выгрузки: входящих 1, исходящих 0, получено 90,000 ₸ (предварительно)",2,False,1,0,1,0,90000.0,0.0,0.0,конечный получатель в пределах выгрузки,1697
100000005205745100,terminal,0.5,0,0.3173932384341637,"конечный получатель в пределах выгрузки: входящих 1, исходящих 0, получено 6,000 ₸ (предварительно)",2,False,1,0,1,0,6000.0,0.0,0.0,конечный получатель в пределах выгрузки,1698
100000005209352100,peripheral,0.5,0,0.3173932384341637,"периферия, признаков роли не выявлено: входящих 1, исходящих 0, получено 5,000 ₸ (предварительно)",4,False,1,0,1,0,5000.0,0.0,0.0,"периферия, признаков роли не выявлено",1699
100000005222360100,peripheral,0.5,0,0.6983985765124555,"периферия, признаков роли не выявлено: входящих 1, исходящих 1, получено 5,000 ₸ (предварительно)",3,False,1,1,1,1,5000.0,27000.0,5.4,"периферия, признаков роли не выявлено",737
100000005226217100,peripheral,0.5,0,0.3173932384341637,"периферия, признаков роли не выявлено: входящих 1, исходящих 0, получено 17,500 ₸ (предварительно)",4,False,1,0,1,0,17500.0,0.0,0.0,"периферия, признаков роли не выявлено",1700
100000005228059100,terminal,0.5,1,0.3173932384341637,"конечный получатель в пределах выгрузки: входящих 1, исходящих 0, получено 26,000 ₸ (предварительно)",1,False,1,0,1,0,26000.0,0.0,0.0,конечный получатель в пределах выгрузки,1701
100000005233755100,peripheral,0.5,0,0.6983985765124555,"периферия, признаков роли не выявлено: входящих 1, исходящих 1, получено 25,000 ₸ (предварительно)",3,False,1,1,1,1,25000.0,5000.0,0.2,"периферия, признаков роли не выявлено",738
100000005235389100,peripheral,0.5,24,0.004448398576512456,"периферия, признаков роли не выявлено: входящих 0, исходящих 0, получено 0 ₸ (предварительно)",0,True,0,0,0,0,0.0,0.0,,"периферия, признаков роли не выявлено",2238
100000005237935150,terminal,0.5,0,0.3173932384341637,"конечный получатель в пределах выгрузки: входящих 1, исходящих 0, получено 34,508 ₸ (предварительно)",2,False,1,0,1,0,34508.0,0.0,0.0,конечный получатель в пределах выгрузки,1702
100000005241556100,terminal,0.5,0,0.3173932384341637,"конечный получатель в пределах выгрузки: входящих 1, исходящих 0, получено 100,000 ₸ (предварительно)",3,False,1,0,1,0,100000.0,0.0,0.0,конечный получатель в пределах выгрузки,1703
100000005242320100,distributor,0.5,0,0.9879893238434164,"признаки веерного распределения: входящих 2, исходящих 21, получено 365,700 ₸ (предварительно)",2,False,2,21,2,29,365700.0,8936295.0,24.43613617719442,признаки веерного распределения,28
100000005264874100,peripheral,0.5,0,0.8111654804270463,"периферия, признаков роли не выявлено: входящих 1, исходящих 2, получено 30,000 ₸ (предварительно)",3,False,1,2,1,3,30000.0,78000.0,2.6,"периферия, признаков роли не выявлено",454
100000005264990100,peripheral,0.5,0,0.8111654804270463,"периферия, признаков роли не выявлено: входящих 1, исходящих 2, получено 17,070 ₸ (предварительно)",0,True,1,2,1,2,17070.0,122000.0,7.147041593438781,"периферия, признаков роли не выявлено",455
100000005265073100,peripheral,0.5,0,0.6983985765124555,"периферия, признаков роли не выявлено: входящих 1, исходящих 1, получено 5,000 ₸ (предварительно)",3,False,1,1,1,1,5000.0,9000.0,1.8,"периферия, признаков роли не выявлено",739
100000005268319100,peripheral,0.5,0,0.922153024911032,"периферия, признаков роли не выявлено: входящих 1, исходящих 5, получено 19,713 ₸ (предварительно)",3,False,1,5,2,10,19712.8,91000.0,4.6162899232985675,"периферия, признаков роли не выявлено",181
100000005272139100,peripheral,0.5,0,0.3173932384341637,"периферия, признаков роли не выявлено: входящих 1, исходящих 0, получено 165,000 ₸ (предварительно)",4,False,1,0,1,0,165000.0,0.0,0.0,"периферия, признаков роли не выявлено",1704
100000005287097100,peripheral,0.5,0,0.9675266903914591,"периферия, признаков роли не выявлено: входящих 2, исходящих 9, получено 127,173 ₸ (предварительно)",1,False,2,9,5,42,127173.0,697300.0,5.483082100760382,"периферия, признаков роли не выявлено",76
100000005293969100,peripheral,0.5,0,0.3173932384341637,"периферия, признаков роли не выявлено: входящих 1, исходящих 0, получено 5,467 ₸ (предварительно)",4,False,1,0,1,0,5466.97,0.0,0.0,"периферия, признаков роли не выявлено",1705
100000005308954100,peripheral,0.5,0,0.6983985765124555,"периферия, признаков роли не выявлено: входящих 1, исходящих 1, получено 69,020 ₸ (предварительно)",3,False,1,1,1,1,69020.0,30000.0,0.43465662126919735,"периферия, признаков роли не выявлено",740
100000005314565100,terminal,0.5,0,0.3173932384341637,"конечный получатель в пределах выгрузки: входящих 1, исходящих 0, получено 218,500 ₸ (предварительно)",3,False,1,0,3,0,218500.0,0.0,0.0,конечный получатель в пределах выгрузки,1706
100000005316708100,peripheral,0.5,0,0.8111654804270463,"периферия, признаков роли не выявлено: входящих 1, исходящих 2, получено 90,000 ₸ (предварительно)",1,False,1,2,1,4,90000.0,257500.0,2.861111111111111,"периферия, признаков роли не выявлено",456
100000005317181100,peripheral,0.5,0,0.6983985765124555,"периферия, признаков роли не выявлено: входящих 1, исходящих 1, получено 141,250 ₸ (предварительно)",3,False,1,1,1,1,141250.0,14500.0,0.10265486725663717,"периферия, признаков роли не выявлено",741
100000005326681100,terminal,0.5,0,0.3173932384341637,"конечный получатель в пределах выгрузки: входящих 1, исходящих 0, получено 31,228 ₸ (предварительно)",2,False,1,0,1,0,31228.0,0.0,0.0,конечный получатель в пределах выгрузки,1707
100000005328215100,terminal,0.5,0,0.3173932384341637,"конечный получатель в пределах выгрузки: входящих 1, исходящих 0, получено 27,000 ₸ (предварительно)",2,False,1,0,1,0,27000.0,0.0,0.0,конечный получатель в пределах выгрузки,1708
100000005339662100,peripheral,0.5,0,0.9497330960854092,"периферия, признаков роли не выявлено: входящих 4, исходящих 4, получено 202,939 ₸ (предварительно)",1,False,4,4,9,15,202939.0,295160.0,1.4544271924075707,"периферия, признаков роли не выявлено",115
100000005342513100,peripheral,0.5,1,0.6983985765124555,"периферия, признаков роли не выявлено: входящих 1, исходящих 1, получено 235,000 ₸ (предварительно)",3,False,1,1,2,1,235000.0,30000.0,0.1276595744680851,"периферия, признаков роли не выявлено",742
100000005357034100,terminal,0.5,0,0.3173932384341637,"конечный получатель в пределах выгрузки: входящих 1, исходящих 0, получено 9,754 ₸ (предварительно)",3,False,1,0,1,0,9754.0,0.0,0.0,конечный получатель в пределах выгрузки,1709
100000005357705100,peripheral,0.5,0,0.900355871886121,"периферия, признаков роли не выявлено: входящих 1, исходящих 4, получено 52,595 ₸ (предварительно)",3,False,1,4,1,5,52595.0,387080.0,7.35963494628767,"периферия, признаков роли не выявлено",232
100000005360814100,peripheral,0.5,0,0.3173932384341637,"периферия, признаков роли не выявлено: входящих 1, исходящих 0, получено 144,000 ₸ (предварительно)",4,False,1,0,3,0,144000.0,0.0,0.0,"периферия, признаков роли не выявлено",1710
100000005362848100,terminal,0.5,0,0.3173932384341637,"конечный получатель в пределах выгрузки: входящих 1, исходящих 0, получено 29,000 ₸ (предварительно)",3,False,1,0,1,0,29000.0,0.0,0.0,конечный получатель в пределах выгрузки,1711
100000005363908100,transit,0.5,7,0.6983985765124555,"признаки транзитного счёта: входящих 1, исходящих 1, получено 19,500 ₸ (предварительно)",1,False,1,1,1,1,19500.0,19500.0,1.0,признаки транзитного счёта,743
100000005367180100,peripheral,0.5,0,0.3173932384341637,"периферия, признаков роли не выявлено: входящих 1, исходящих 0, получено 7,700 ₸ (предварительно)",4,False,1,0,1,0,7700.0,0.0,0.0,"периферия, признаков роли не выявлено",1712
100000005367284100,peripheral,0.5,0,0.8111654804270463,"периферия, признаков роли не выявлено: входящих 1, исходящих 2, получено 13,700 ₸ (предварительно)",3,False,1,2,1,5,13700.0,48300.0,3.5255474452554743,"периферия, признаков роли не выявлено",457
100000005367445100,transit,0.5,0,0.6983985765124555,"признаки транзитного счёта: входящих 1, исходящих 1, получено 5,000 ₸ (предварительно)",3,False,1,1,1,1,5000.0,5000.0,1.0,признаки транзитного счёта,744
100000005370558100,peripheral,0.5,0,0.3173932384341637,"периферия, признаков роли не выявлено: входящих 1, исходящих 0, получено 5,000 ₸ (предварительно)",4,False,1,0,1,0,5000.0,0.0,0.0,"периферия, признаков роли не выявлено",1713
100000005370580100,terminal,0.5,0,0.3173932384341637,"конечный получатель в пределах выгрузки: входящих 1, исходящих 0, получено 24,075 ₸ (предварительно)",0,True,1,0,1,0,24075.0,0.0,0.0,конечный получатель в пределах выгрузки,1714
100000005375968100,peripheral,0.5,0,0.8111654804270463,"периферия, признаков роли не выявлено: входящих 1, исходящих 2, получено 170,082 ₸ (предварительно)",3,False,1,2,1,4,170082.0,86000.0,0.5056384567443939,"периферия, признаков роли не выявлено",458
100000005382566100,consolidator,0.5,0,0.9497330960854092,"признаки точки консолидации: входящих 7, исходящих 1, получено 393,066 ₸ (предварительно)",0,True,7,1,11,1,393066.0,50000.0,0.12720510041570626,признаки точки консолидации,116
100000005386383100,peripheral,0.5,0,0.8111654804270463,"периферия, признаков роли не выявлено: входящих 2, исходящих 1, получено 37,500 ₸ (предварительно)",0,True,2,1,2,1,37500.0,29000.0,0.7733333333333333,"периферия, признаков роли не выявлено",459
100000005392290100,peripheral,0.5,15,0.3173932384341637,"периферия, признаков роли не выявлено: входящих 0, исходящих 1, получено 0 ₸ (предварительно)",0,True,0,1,0,1,0.0,81465.0,,"периферия, признаков роли не выявлено",1715
100000005394708100,peripheral,0.5,0,0.6983985765124555,"периферия, признаков роли не выявлено: входящих 1, исходящих 1, получено 26,000 ₸ (предварительно)",1,False,1,1,1,1,26000.0,65000.0,2.5,"периферия, признаков роли не выявлено",745
100000005395727100,terminal,0.5,0,0.3173932384341637,"конечный получатель в пределах выгрузки: входящих 1, исходящих 0, получено 17,000 ₸ (предварительно)",0,True,1,0,1,0,17000.0,0.0,0.0,конечный получатель в пределах выгрузки,1716
100000005402643100,peripheral,0.5,0,0.6983985765124555,"периферия, признаков роли не выявлено: входящих 1, исходящих 1, получено 127,800 ₸ (предварительно)",2,False,1,1,1,1,127800.0,90000.0,0.704225352112676,"периферия, признаков роли не выявлено",746
100000005409156100,terminal,0.5,0,0.6983985765124555,"конечный получатель в пределах выгрузки: входящих 2, исходящих 0, получено 260,080 ₸ (предварительно)",3,False,2,0,2,0,260080.0,0.0,0.0,конечный получатель в пределах выгрузки,747
100000005409680100,terminal,0.5,0,0.6983985765124555,"конечный получатель в пределах выгрузки: входящих 2, исходящих 0, получено 55,060 ₸ (предварительно)",0,True,2,0,2,0,55060.0,0.0,0.0,конечный получатель в пределах выгрузки,748
100000005413948100,peripheral,0.5,0,0.8111654804270463,"периферия, признаков роли не выявлено: входящих 2, исходящих 1, получено 28,215 ₸ (предварительно)",2,False,2,1,2,1,28215.0,5000.0,0.177210703526493,"периферия, признаков роли не выявлено",460
100000005417257100,peripheral,0.5,0,0.6983985765124555,"периферия, признаков роли не выявлено: входящих 0, исходящих 2, получено 0 ₸ (предварительно)",0,True,0,2,0,2,0.0,106000.0,,"периферия, признаков роли не выявлено",749
100000005432267100,terminal,0.5,0,0.6983985765124555,"конечный получатель в пределах выгрузки: входящих 2, исходящих 0, получено 350,001 ₸ (предварительно)",1,False,2,0,2,0,350001.0,0.0,0.0,конечный получатель в пределах выгрузки,750
100000005454368100,terminal,0.5,0,0.6983985765124555,"конечный получатель в пределах выгрузки: входящих 2, исходящих 0, получено 48,600 ₸ (предварительно)",0,True,2,0,2,0,48600.0,0.0,0.0,конечный получатель в пределах выгрузки,751
100000005456919100,peripheral,0.5,4,0.8111654804270463,"периферия, признаков роли не выявлено: входящих 2, исходящих 1, получено 479,950 ₸ (предварительно)",1,False,2,1,10,1,479950.0,5000.0,0.010417751849150954,"периферия, признаков роли не выявлено",461
100000005473151100,peripheral,0.5,0,0.9377224199288257,"периферия, признаков роли не выявлено: входящих 3, исходящих 4, получено 1,220,000 ₸ (предварительно)",1,False,3,4,4,6,1220000.0,225000.0,0.18442622950819673,"периферия, признаков роли не выявлено",142
100000005474472100,terminal,0.5,0,0.3173932384341637,"конечный получатель в пределах выгрузки: входящих 1, исходящих 0, получено 100,000 ₸ (предварительно)",2,False,1,0,1,0,100000.0,0.0,0.0,конечный получатель в пределах выгрузки,1717
100000005475379100,peripheral,0.5,0,0.8698843416370107,"периферия, признаков роли не выявлено: входящих 1, исходящих 3, получено 108,370 ₸ (предварительно)",3,False,1,3,1,3,108370.0,81000.0,0.7474393282273692,"периферия, признаков роли не выявлено",309
100000005480435100,peripheral,0.5,25,0.004448398576512456,"периферия, признаков роли не выявлено: входящих 0, исходящих 0, получено 0 ₸ (предварительно)",0,True,0,0,0,0,0.0,0.0,,"периферия, признаков роли не выявлено",2239
100000005481280100,peripheral,0.5,0,0.8698843416370107,"периферия, признаков роли не выявлено: входящих 1, исходящих 3, получено 32,700 ₸ (предварительно)",2,False,1,3,1,3,32700.0,50000.0,1.529051987767584,"периферия, признаков роли не выявлено",310
100000005485830100,peripheral,0.5,6,0.900355871886121,"периферия, признаков роли не выявлено: входящих 0, исходящих 5, получено 0 ₸ (предварительно)",0,True,0,5,0,9,0.0,275885.0,,"периферия, признаков роли не выявлено",233
100000005493505100,terminal,0.5,0,0.8111654804270463,"конечный получатель в пределах выгрузки: входящих 3, исходящих 0, получено 62,020 ₸ (предварительно)",0,True,3,0,3,0,62020.0,0.0,0.0,конечный получатель в пределах выгрузки,462
100000005495211100,peripheral,0.5,0,0.3173932384341637,"периферия, признаков роли не выявлено: входящих 1, исходящих 0, получено 14,500 ₸ (предварительно)",4,False,1,0,1,0,14500.0,0.0,0.0,"периферия, признаков роли не выявлено",1718
100000005495722100,peripheral,0.5,26,0.004448398576512456,"периферия, признаков роли не выявлено: входящих 0, исходящих 0, получено 0 ₸ (предварительно)",0,True,0,0,0,0,0.0,0.0,,"периферия, признаков роли не выявлено",2240
100000005496254100,terminal,0.5,0,0.3173932384341637,"конечный получатель в пределах выгрузки: входящих 1, исходящих 0, получено 12,700 ₸ (предварительно)",1,False,1,0,1,0,12700.0,0.0,0.0,конечный получатель в пределах выгрузки,1719
100000005497148100,peripheral,0.5,0,0.3173932384341637,"периферия, признаков роли не выявлено: входящих 1, исходящих 0, получено 24,000 ₸ (предварительно)",4,False,1,0,2,0,24000.0,0.0,0.0,"периферия, признаков роли не выявлено",1720
100000005498992100,distributor,0.5,0,0.9806494661921709,"признаки веерного распределения: входящих 0, исходящих 16, получено 0 ₸ (предварительно)",0,True,0,16,0,19,0.0,2262868.0,,признаки веерного распределения,43
100000005505655100,peripheral,0.5,0,0.8111654804270463,"периферия, признаков роли не выявлено: входящих 2, исходящих 1, получено 33,070 ₸ (предварительно)",1,False,2,1,2,1,33070.0,20000.0,0.6047777441790142,"периферия, признаков роли не выявлено",463
100000005507142100,peripheral,0.5,0,0.922153024911032,"периферия, признаков роли не выявлено: входящих 3, исходящих 3, получено 51,000 ₸ (предварительно)",2,False,3,3,3,4,51000.0,100000.0,1.9607843137254901,"периферия, признаков роли не выявлено",182
100000005514161100,peripheral,0.5,0,0.900355871886121,"периферия, признаков роли не выявлено: входящих 4, исходящих 1, получено 401,500 ₸ (предварительно)",1,False,4,1,7,1,401500.0,50000.0,0.12453300124533001,"периферия, признаков роли не выявлено",234
100000005519347100,peripheral,0.5,0,0.8111654804270463,"периферия, признаков роли не выявлено: входящих 2, исходящих 1, получено 73,100 ₸ (предварительно)",0,True,2,1,2,1,73100.0,99000.0,1.3543091655266757,"периферия, признаков роли не выявлено",464
100000005519998100,transit,0.5,0,0.922153024911032,"признаки транзитного счёта: входящих 3, исходящих 3, получено 182,000 ₸ (предварительно)",2,False,3,3,5,8,182000.0,188000.0,1.032967032967033,признаки транзитного счёта,183
100000005523088100,terminal,0.5,0,0.3173932384341637,"конечный получатель в пределах выгрузки: входящих 1, исходящих 0, получено 700,000 ₸ (предварительно)",0,True,1,0,2,0,700000.0,0.0,0.0,конечный получатель в пределах выгрузки,1721
100000005527892100,peripheral,0.5,0,0.9675266903914591,"периферия, признаков роли не выявлено: входящих 3, исходящих 8, получено 220,001 ₸ (предварительно)",1,False,3,8,3,8,220001.0,552419.0,2.510984040981632,"периферия, признаков роли не выявлено",77
100000005530114100,peripheral,0.5,0,0.8111654804270463,"периферия, признаков роли не выявлено: входящих 2, исходящих 1, получено 136,970 ₸ (предварительно)",3,False,2,1,2,1,136970.0,25000.0,0.1825217200846901,"периферия, признаков роли не выявлено",465
100000005532138100,terminal,0.5,0,0.3173932384341637,"конечный получатель в пределах выгрузки: входящих 1, исходящих 0, получено 25,046 ₸ (предварительно)",3,False,1,0,1,0,25046.0,0.0,0.0,конечный получатель в пределах выгрузки,1722
100000005539201100,peripheral,0.5,0,0.6983985765124555,"периферия, признаков роли не выявлено: входящих 1, исходящих 1, получено 45,504 ₸ (предварительно)",1,False,1,1,1,1,45504.0,25000.0,0.5494022503516175,"периферия, признаков роли не выявлено",752
100000005539910100,peripheral,0.5,0,0.8111654804270463,"периферия, признаков роли не выявлено: входящих 1, исходящих 2, получено 102,000 ₸ (предварительно)",2,False,1,2,1,2,102000.0,22000.0,0.21568627450980393,"периферия, признаков роли не выявлено",466
100000005543136100,peripheral,0.5,0,0.3173932384341637,"периферия, признаков роли не выявлено: входящих 0, исходящих 1, получено 0 ₸ (предварительно)",0,True,0,1,0,1,0.0,10000.0,,"периферия, признаков роли не выявлено",1723
100000005546031100,peripheral,0.5,7,0.8698843416370107,"периферия, признаков роли не выявлено: входящих 3, исходящих 1, получено 66,800 ₸ (предварительно)",1,False,3,1,6,1,66800.0,8000.0,0.11976047904191617,"периферия, признаков роли не выявлено",311
100000005547096100,peripheral,0.5,7,0.8111654804270463,"периферия, признаков роли не выявлено: входящих 1, исходящих 2, получено 8,000 ₸ (предварительно)",2,False,1,2,1,3,8000.0,226300.0,28.2875,"периферия, признаков роли не выявлено",467
100000005550592100,peripheral,0.5,27,0.004448398576512456,"периферия, признаков роли не выявлено: входящих 0, исходящих 0, получено 0 ₸ (предварительно)",0,True,0,0,0,0,0.0,0.0,,"периферия, признаков роли не выявлено",2241
100000005553088100,peripheral,0.5,0,0.3173932384341637,"периферия, признаков роли не выявлено: входящих 1, исходящих 0, получено 17,500 ₸ (предварительно)",4,False,1,0,1,0,17500.0,0.0,0.0,"периферия, признаков роли не выявлено",1724
100000005560900100,peripheral,0.5,28,0.004448398576512456,"периферия, признаков роли не выявлено: входящих 0, исходящих 0, получено 0 ₸ (предварительно)",0,True,0,0,0,0,0.0,0.0,,"периферия, признаков роли не выявлено",2242
100000005561741100,terminal,0.5,0,0.3173932384341637,"конечный получатель в пределах выгрузки: входящих 1, исходящих 0, получено 25,000 ₸ (предварительно)",2,False,1,0,1,0,25000.0,0.0,0.0,конечный получатель в пределах выгрузки,1725
100000005567828100,peripheral,0.5,0,0.3173932384341637,"периферия, признаков роли не выявлено: входящих 1, исходящих 0, получено 94,000 ₸ (предварительно)",4,False,1,0,1,0,94000.0,0.0,0.0,"периферия, признаков роли не выявлено",1726
100000005568407100,peripheral,0.5,29,0.004448398576512456,"периферия, признаков роли не выявлено: входящих 0, исходящих 0, получено 0 ₸ (предварительно)",0,True,0,0,0,0,0.0,0.0,,"периферия, признаков роли не выявлено",2243
100000005572303100,peripheral,0.5,0,0.6983985765124555,"периферия, признаков роли не выявлено: входящих 1, исходящих 1, получено 75,000 ₸ (предварительно)",2,False,1,1,1,1,75000.0,20000.0,0.26666666666666666,"периферия, признаков роли не выявлено",753
100000005578559100,distributor,0.5,0,0.9879893238434164,"признаки веерного распределения: входящих 2, исходящих 21, получено 131,000 ₸ (предварительно)",2,False,2,21,2,23,131000.0,893163.67,6.818043282442749,признаки веерного распределения,29
100000005584222100,peripheral,0.5,0,0.8698843416370107,"периферия, признаков роли не выявлено: входящих 2, исходящих 2, получено 192,717 ₸ (предварительно)",1,False,2,2,6,3,192717.0,108587.0,0.5634531463233653,"периферия, признаков роли не выявлено",312
100000005588444100,terminal,0.5,0,0.3173932384341637,"конечный получатель в пределах выгрузки: входящих 1, исходящих 0, получено 12,300 ₸ (предварительно)",1,False,1,0,1,0,12300.0,0.0,0.0,конечный получатель в пределах выгрузки,1727
100000005589319100,peripheral,0.5,0,0.3173932384341637,"периферия, признаков роли не выявлено: входящих 1, исходящих 0, получено 26,000 ₸ (предварительно)",4,False,1,0,1,0,26000.0,0.0,0.0,"периферия, признаков роли не выявлено",1728
100000005602999100,peripheral,0.5,0,0.8111654804270463,"периферия, признаков роли не выявлено: входящих 1, исходящих 2, получено 5,000 ₸ (предварительно)",2,False,1,2,1,3,5000.0,16000.0,3.2,"периферия, признаков роли не выявлено",468
100000005608515100,terminal,0.5,0,0.3173932384341637,"конечный получатель в пределах выгрузки: входящих 1, исходящих 0, получено 64,000 ₸ (предварительно)",2,False,1,0,4,0,64000.0,0.0,0.0,конечный получатель в пределах выгрузки,1729
100000005610717100,peripheral,0.5,0,0.900355871886121,"периферия, признаков роли не выявлено: входящих 4, исходящих 1, получено 484,500 ₸ (предварительно)",3,False,4,1,6,7,484500.0,265200.0,0.5473684210526316,"периферия, признаков роли не выявлено",235
100000005612411100,peripheral,0.5,0,0.9675266903914591,"периферия, признаков роли не выявлено: входящих 3, исходящих 8, получено 115,500 ₸ (предварительно)",1,False,3,8,4,8,115500.0,506997.0,4.389584415584416,"периферия, признаков роли не выявлено",78
100000005614315100,terminal,0.5,0,0.3173932384341637,"конечный получатель в пределах выгрузки: входящих 1, исходящих 0, получено 455,000 ₸ (предварительно)",2,False,1,0,1,0,455000.0,0.0,0.0,конечный получатель в пределах выгрузки,1730
100000005616568100,peripheral,0.5,0,0.3173932384341637,"периферия, признаков роли не выявлено: входящих 1, исходящих 0, получено 530,000 ₸ (предварительно)",4,False,1,0,1,0,530000.0,0.0,0.0,"периферия, признаков роли не выявлено",1731
100000005619339100,transit,0.5,0,0.6983985765124555,"признаки транзитного счёта: входящих 1, исходящих 1, получено 5,000 ₸ (предварительно)",2,False,1,1,1,1,5000.0,5442.6,1.0885200000000002,признаки транзитного счёта,754
100000005620225100,terminal,0.5,0,0.6983985765124555,"конечный получатель в пределах выгрузки: входящих 2, исходящих 0, получено 49,846 ₸ (предварительно)",1,False,2,0,2,0,49845.66,0.0,0.0,конечный получатель в пределах выгрузки,755
100000005621418100,peripheral,0.5,0,0.3173932384341637,"периферия, признаков роли не выявлено: входящих 1, исходящих 0, получено 30,000 ₸ (предварительно)",4,False,1,0,1,0,30000.0,0.0,0.0,"периферия, признаков роли не выявлено",1732
100000005628518100,terminal,0.5,0,0.3173932384341637,"конечный получатель в пределах выгрузки: входящих 1, исходящих 0, получено 77,000 ₸ (предварительно)",3,False,1,0,3,0,77000.0,0.0,0.0,конечный получатель в пределах выгрузки,1733
100000005634552100,peripheral,0.5,0,0.8698843416370107,"периферия, признаков роли не выявлено: входящих 1, исходящих 3, получено 25,850 ₸ (предварительно)",1,False,1,3,1,4,25850.0,1196000.0,46.2669245647969,"периферия, признаков роли не выявлено",313
100000005636951100,peripheral,0.5,0,0.3173932384341637,"периферия, признаков роли не выявлено: входящих 1, исходящих 0, получено 40,000 ₸ (предварительно)",4,False,1,0,1,0,40000.0,0.0,0.0,"периферия, признаков роли не выявлено",1734
100000005660203100,peripheral,0.5,0,0.8111654804270463,"периферия, признаков роли не выявлено: входящих 1, исходящих 2, получено 572,899 ₸ (предварительно)",2,False,1,2,12,5,572899.0,41000.0,0.07156584319400104,"периферия, признаков роли не выявлено",469
100000005661528100,terminal,0.5,0,0.3173932384341637,"конечный получатель в пределах выгрузки: входящих 1, исходящих 0, получено 25,000 ₸ (предварительно)",3,False,1,0,1,0,25000.0,0.0,0.0,конечный получатель в пределах выгрузки,1735
100000005661829100,transit,0.5,0,0.8111654804270463,"признаки транзитного счёта: входящих 1, исходящих 2, получено 37,790 ₸ (предварительно)",3,False,1,2,1,4,37790.0,40362.0,1.0680603334215402,признаки транзитного счёта,470
100000005664632100,terminal,0.5,0,0.3173932384341637,"конечный получатель в пределах выгрузки: входящих 1, исходящих 0, получено 198,620 ₸ (предварительно)",2,False,1,0,18,0,198620.0,0.0,0.0,конечный получатель в пределах выгрузки,1736
100000005664922100,peripheral,0.5,0,0.900355871886121,"периферия, признаков роли не выявлено: входящих 2, исходящих 3, получено 22,000 ₸ (предварительно)",2,False,2,3,2,4,22000.0,537000.0,24.40909090909091,"периферия, признаков роли не выявлено",236
100000005665181100,distributor,0.5,0,0.9775355871886121,"признаки веерного распределения: входящих 4, исходящих 11, получено 45,498 ₸ (предварительно)",2,False,4,11,5,11,45498.0,181915.0,3.998307617917271,признаки веерного распределения,52
100000005667841100,terminal,0.5,0,0.6983985765124555,"конечный получатель в пределах выгрузки: входящих 2, исходящих 0, получено 186,000 ₸ (предварительно)",3,False,2,0,2,0,186000.0,0.0,0.0,конечный получатель в пределах выгрузки,756
100000005668605100,terminal,0.5,0,0.8111654804270463,"конечный получатель в пределах выгрузки: входящих 3, исходящих 0, получено 94,500 ₸ (предварительно)",0,True,3,0,3,0,94500.0,0.0,0.0,конечный получатель в пределах выгрузки,471
100000005669845100,terminal,0.5,3,0.3173932384341637,"конечный получатель в пределах выгрузки: входящих 1, исходящих 0, получено 20,000 ₸ (предварительно)",1,False,1,0,1,0,20000.0,0.0,0.0,конечный получатель в пределах выгрузки,1737
100000005674387100,terminal,0.5,1,0.3173932384341637,"конечный получатель в пределах выгрузки: входящих 1, исходящих 0, получено 26,200 ₸ (предварительно)",3,False,1,0,1,0,26200.0,0.0,0.0,конечный получатель в пределах выгрузки,1738
100000005685783100,peripheral,0.5,1,0.3173932384341637,"периферия, признаков роли не выявлено: входящих 1, исходящих 0, получено 26,150 ₸ (предварительно)",4,False,1,0,1,0,26150.0,0.0,0.0,"периферия, признаков роли не выявлено",1739
100000005704413100,distributor,0.5,0,0.9933274021352313,"признаки веерного распределения: входящих 3, исходящих 32, получено 97,835 ₸ (предварительно)",3,False,3,32,4,35,97834.67,1363593.0,13.9377278014021,признаки веерного распределения,16
100000005709551100,terminal,0.5,0,0.3173932384341637,"конечный получатель в пределах выгрузки: входящих 1, исходящих 0, получено 24,560 ₸ (предварительно)",3,False,1,0,1,0,24560.0,0.0,0.0,конечный получатель в пределах выгрузки,1740
100000005711521100,peripheral,0.5,0,0.3173932384341637,"периферия, признаков роли не выявлено: входящих 1, исходящих 0, получено 238,000 ₸ (предварительно)",4,False,1,0,1,0,238000.0,0.0,0.0,"периферия, признаков роли не выявлено",1741
100000005723580100,peripheral,0.5,0,0.3173932384341637,"периферия, признаков роли не выявлено: входящих 1, исходящих 0, получено 35,000 ₸ (предварительно)",4,False,1,0,1,0,35000.0,0.0,0.0,"периферия, признаков роли не выявлено",1742
100000005730108100,terminal,0.5,0,0.3173932384341637,"конечный получатель в пределах выгрузки: входящих 1, исходящих 0, получено 8,000 ₸ (предварительно)",2,False,1,0,1,0,8000.0,0.0,0.0,конечный получатель в пределах выгрузки,1743
100000005744674100,peripheral,0.5,0,0.3173932384341637,"периферия, признаков роли не выявлено: входящих 0, исходящих 1, получено 0 ₸ (предварительно)",0,True,0,1,0,2,0.0,50066.0,,"периферия, признаков роли не выявлено",1744
100000005745873100,peripheral,0.5,0,0.3173932384341637,"периферия, признаков роли не выявлено: входящих 1, исходящих 0, получено 223,000 ₸ (предварительно)",4,False,1,0,1,0,223000.0,0.0,0.0,"периферия, признаков роли не выявлено",1745
100000005754335100,terminal,0.5,0,0.3173932384341637,"конечный получатель в пределах выгрузки: входящих 1, исходящих 0, получено 44,037 ₸ (предварительно)",3,False,1,0,1,0,44037.0,0.0,0.0,конечный получатель в пределах выгрузки,1746
100000005756189100,peripheral,0.5,0,0.6983985765124555,"периферия, признаков роли не выявлено: входящих 1, исходящих 1, получено 65,000 ₸ (предварительно)",3,False,1,1,1,1,65000.0,49050.0,0.7546153846153846,"периферия, признаков роли не выявлено",757
100000005756535100,terminal,0.5,1,0.3173932384341637,"конечный получатель в пределах выгрузки: входящих 1, исходящих 0, получено 20,000 ₸ (предварительно)",3,False,1,0,1,0,20000.0,0.0,0.0,конечный получатель в пределах выгрузки,1747
100000005767403100,peripheral,0.5,0,0.3173932384341637,"периферия, признаков роли не выявлено: входящих 1, исходящих 0, получено 1,100,000 ₸ (предварительно)",4,False,1,0,2,0,1100000.0,0.0,0.0,"периферия, признаков роли не выявлено",1748
100000005778283100,terminal,0.5,0,0.8111654804270463,"конечный получатель в пределах выгрузки: входящих 3, исходящих 0, получено 615,760 ₸ (предварительно)",1,False,3,0,3,0,615760.0,0.0,0.0,конечный получатель в пределах выгрузки,472
100000005782781100,consolidator,0.5,0,0.9806494661921709,"признаки точки консолидации: входящих 6, исходящих 10, получено 171,888 ₸ (предварительно)",2,False,6,10,10,10,171888.0,1263597.0,7.351281066741134,признаки точки консолидации,44
100000005782886100,peripheral,0.5,0,0.3173932384341637,"периферия, признаков роли не выявлено: входящих 1, исходящих 0, получено 14,000 ₸ (предварительно)",4,False,1,0,1,0,14000.0,0.0,0.0,"периферия, признаков роли не выявлено",1749
100000005783452100,peripheral,0.5,0,0.6983985765124555,"периферия, признаков роли не выявлено: входящих 2, исходящих 0, получено 286,500 ₸ (предварительно)",4,False,2,0,2,0,286500.0,0.0,0.0,"периферия, признаков роли не выявлено",758
100000005799271100,terminal,0.5,0,0.3173932384341637,"конечный получатель в пределах выгрузки: входящих 1, исходящих 0, получено 45,000 ₸ (предварительно)",2,False,1,0,2,0,45000.0,0.0,0.0,конечный получатель в пределах выгрузки,1750
100000005807278100,terminal,0.5,6,0.3173932384341637,"конечный получатель в пределах выгрузки: входящих 1, исходящих 0, получено 8,385 ₸ (предварительно)",1,False,1,0,1,0,8385.0,0.0,0.0,конечный получатель в пределах выгрузки,1751
100000005809252100,terminal,0.5,0,0.3173932384341637,"конечный получатель в пределах выгрузки: входящих 1, исходящих 0, получено 25,000 ₸ (предварительно)",2,False,1,0,1,0,25000.0,0.0,0.0,конечный получатель в пределах выгрузки,1752
100000005815602100,peripheral,0.5,0,0.6983985765124555,"периферия, признаков роли не выявлено: входящих 1, исходящих 1, получено 20,000 ₸ (предварительно)",3,False,1,1,1,1,20000.0,165000.0,8.25,"периферия, признаков роли не выявлено",759
100000005820746100,peripheral,0.5,0,0.6983985765124555,"периферия, признаков роли не выявлено: входящих 1, исходящих 1, получено 1,989,000 ₸ (предварительно)",3,False,1,1,2,1,1989000.0,60000.0,0.030165912518853696,"периферия, признаков роли не выявлено",760
100000005830339100,consolidator,0.5,0,0.922153024911032,"признаки точки консолидации: входящих 5, исходящих 1, получено 476,341 ₸ (предварительно)",3,False,5,1,12,1,476341.0,339251.0,0.7122019729563485,признаки точки консолидации,184
100000005834479100,peripheral,0.5,0,0.8111654804270463,"периферия, признаков роли не выявлено: входящих 1, исходящих 2, получено 7,500 ₸ (предварительно)",2,False,1,2,1,2,7500.0,14470.0,1.9293333333333333,"периферия, признаков роли не выявлено",473
100000005844459100,terminal,0.5,0,0.6983985765124555,"конечный получатель в пределах выгрузки: входящих 2, исходящих 0, получено 243,400 ₸ (предварительно)",1,False,2,0,2,0,243400.0,0.0,0.0,конечный получатель в пределах выгрузки,761
100000005847078100,terminal,0.5,1,0.3173932384341637,"конечный получатель в пределах выгрузки: входящих 1, исходящих 0, получено 16,300 ₸ (предварительно)",3,False,1,0,1,0,16300.0,0.0,0.0,конечный получатель в пределах выгрузки,1753
100000005849100100,terminal,0.5,0,0.3173932384341637,"конечный получатель в пределах выгрузки: входящих 1, исходящих 0, получено 33,300 ₸ (предварительно)",2,False,1,0,1,0,33300.0,0.0,0.0,конечный получатель в пределах выгрузки,1754
100000005849862100,peripheral,0.5,0,0.3173932384341637,"периферия, признаков роли не выявлено: входящих 1, исходящих 0, получено 13,000 ₸ (предварительно)",4,False,1,0,2,0,13000.0,0.0,0.0,"периферия, признаков роли не выявлено",1755
100000005852946100,terminal,0.5,0,0.3173932384341637,"конечный получатель в пределах выгрузки: входящих 1, исходящих 0, получено 23,746 ₸ (предварительно)",1,False,1,0,1,0,23746.0,0.0,0.0,конечный получатель в пределах выгрузки,1756
100000005857058100,terminal,0.5,0,0.8111654804270463,"конечный получатель в пределах выгрузки: входящих 3, исходящих 0, получено 80,222 ₸ (предварительно)",3,False,3,0,3,0,80222.0,0.0,0.0,конечный получатель в пределах выгрузки,474
100000005873152100,transit,0.5,0,0.6983985765124555,"признаки транзитного счёта: входящих 1, исходящих 1, получено 10,000 ₸ (предварительно)",3,False,1,1,1,1,10000.0,10000.0,1.0,признаки транзитного счёта,762
100000005877725100,terminal,0.5,1,0.3173932384341637,"конечный получатель в пределах выгрузки: входящих 1, исходящих 0, получено 70,000 ₸ (предварительно)",1,False,1,0,1,0,70000.0,0.0,0.0,конечный получатель в пределах выгрузки,1757
100000005878334100,peripheral,0.5,0,0.3173932384341637,"периферия, признаков роли не выявлено: входящих 1, исходящих 0, получено 76,400 ₸ (предварительно)",4,False,1,0,2,0,76400.0,0.0,0.0,"периферия, признаков роли не выявлено",1758
100000005882013100,peripheral,0.5,0,0.8111654804270463,"периферия, признаков роли не выявлено: входящих 2, исходящих 1, получено 135,000 ₸ (предварительно)",2,False,2,1,3,1,135000.0,10000.0,0.07407407407407407,"периферия, признаков роли не выявлено",475
100000005888829100,peripheral,0.5,0,0.3173932384341637,"периферия, признаков роли не выявлено: входящих 1, исходящих 0, получено 197,000 ₸ (предварительно)",4,False,1,0,1,0,197000.0,0.0,0.0,"периферия, признаков роли не выявлено",1759
100000005893892100,terminal,0.5,0,0.3173932384341637,"конечный получатель в пределах выгрузки: входящих 1, исходящих 0, получено 102,780 ₸ (предварительно)",3,False,1,0,1,0,102780.0,0.0,0.0,конечный получатель в пределах выгрузки,1760
100000005895525100,terminal,0.5,6,0.3173932384341637,"конечный получатель в пределах выгрузки: входящих 1, исходящих 0, получено 120,000 ₸ (предварительно)",1,False,1,0,3,0,120000.0,0.0,0.0,конечный получатель в пределах выгрузки,1761
100000005897462100,terminal,0.5,0,0.3173932384341637,"конечный получатель в пределах выгрузки: входящих 1, исходящих 0, получено 98,400 ₸ (предварительно)",1,False,1,0,1,0,98400.0,0.0,0.0,конечный получатель в пределах выгрузки,1762
100000005901606100,terminal,0.5,1,0.3173932384341637,"конечный получатель в пределах выгрузки: входящих 1, исходящих 0, получено 35,660 ₸ (предварительно)",1,False,1,0,1,0,35660.0,0.0,0.0,конечный получатель в пределах выгрузки,1763
100000005904580100,terminal,0.5,0,0.6983985765124555,"конечный получатель в пределах выгрузки: входящих 2, исходящих 0, получено 72,000 ₸ (предварительно)",2,False,2,0,2,0,72000.0,0.0,0.0,конечный получатель в пределах выгрузки,763
100000005910114100,distributor,0.5,0,0.986432384341637,"признаки веерного распределения: входящих 3, исходящих 19, получено 326,144 ₸ (предварительно)",3,False,3,19,3,56,326144.0,1469993.0,4.507190075549451,признаки веерного распределения,31
100000005910895100,peripheral,0.5,0,0.3173932384341637,"периферия, признаков роли не выявлено: входящих 1, исходящих 0, получено 5,100 ₸ (предварительно)",4,False,1,0,1,0,5100.0,0.0,0.0,"периферия, признаков роли не выявлено",1764
100000005911352100,peripheral,0.5,0,0.900355871886121,"периферия, признаков роли не выявлено: входящих 2, исходящих 3, получено 15,000 ₸ (предварительно)",2,False,2,3,2,3,15000.0,24000.0,1.6,"периферия, признаков роли не выявлено",237
100000005931985100,terminal,0.5,0,0.3173932384341637,"конечный получатель в пределах выгрузки: входящих 1, исходящих 0, получено 76,000 ₸ (предварительно)",2,False,1,0,1,0,76000.0,0.0,0.0,конечный получатель в пределах выгрузки,1765
100000005932987100,terminal,0.5,0,0.3173932384341637,"конечный получатель в пределах выгрузки: входящих 1, исходящих 0, получено 25,000 ₸ (предварительно)",2,False,1,0,3,0,25000.0,0.0,0.0,конечный получатель в пределах выгрузки,1766
100000005933757100,distributor,0.5,0,0.9939946619217082,"признаки веерного распределения: входящих 4, исходящих 34, получено 1,246,000 ₸ (предварительно)",2,False,4,34,6,46,1246000.0,3002628.0,2.409813804173355,признаки веерного распределения,15
100000005939154100,terminal,0.5,0,0.3173932384341637,"конечный получатель в пределах выгрузки: входящих 1, исходящих 0, получено 22,000 ₸ (предварительно)",2,False,1,0,2,0,22000.0,0.0,0.0,конечный получатель в пределах выгрузки,1767
100000005940652100,terminal,0.5,0,0.3173932384341637,"конечный получатель в пределах выгрузки: входящих 1, исходящих 0, получено 8,395 ₸ (предварительно)",1,False,1,0,1,0,8395.0,0.0,0.0,конечный получатель в пределах выгрузки,1768
100000005941908100,terminal,0.5,0,0.3173932384341637,"конечный получатель в пределах выгрузки: входящих 1, исходящих 0, получено 10,000 ₸ (предварительно)",3,False,1,0,1,0,10000.0,0.0,0.0,конечный получатель в пределах выгрузки,1769
100000005942793100,terminal,0.5,0,0.8698843416370107,"конечный получатель в пределах выгрузки: входящих 4, исходящих 0, получено 55,000 ₸ (предварительно)",2,False,4,0,4,0,55000.0,0.0,0.0,конечный получатель в пределах выгрузки,314
100000005958064100,peripheral,0.5,0,0.8111654804270463,"периферия, признаков роли не выявлено: входящих 1, исходящих 2, получено 5,746 ₸ (предварительно)",1,False,1,2,1,3,5746.0,163986.84,28.539303863557258,"периферия, признаков роли не выявлено",476
100000005961971100,terminal,0.5,1,0.3173932384341637,"конечный получатель в пределах выгрузки: входящих 1, исходящих 0, получено 47,353 ₸ (предварительно)",1,False,1,0,1,0,47353.0,0.0,0.0,конечный получатель в пределах выгрузки,1770
100000005974542100,terminal,0.5,0,0.3173932384341637,"конечный получатель в пределах выгрузки: входящих 1, исходящих 0, получено 94,500 ₸ (предварительно)",3,False,1,0,3,0,94500.0,0.0,0.0,конечный получатель в пределах выгрузки,1771
100000005979037100,peripheral,0.5,0,0.3173932384341637,"периферия, признаков роли не выявлено: входящих 1, исходящих 0, получено 60,300 ₸ (предварительно)",4,False,1,0,1,0,60300.0,0.0,0.0,"периферия, признаков роли не выявлено",1772
100000005995391100,terminal,0.5,1,0.3173932384341637,"конечный получатель в пределах выгрузки: входящих 1, исходящих 0, получено 17,200 ₸ (предварительно)",3,False,1,0,1,0,17200.0,0.0,0.0,конечный получатель в пределах выгрузки,1773
100000005996909100,terminal,0.5,0,0.3173932384341637,"конечный получатель в пределах выгрузки: входящих 1, исходящих 0, получено 5,500 ₸ (предварительно)",3,False,1,0,1,0,5500.0,0.0,0.0,конечный получатель в пределах выгрузки,1774
100000006008169100,terminal,0.5,0,0.3173932384341637,"конечный получатель в пределах выгрузки: входящих 1, исходящих 0, получено 70,000 ₸ (предварительно)",1,False,1,0,1,0,70000.0,0.0,0.0,конечный получатель в пределах выгрузки,1775
100000006020215100,transit,0.5,0,0.8111654804270463,"признаки транзитного счёта: входящих 1, исходящих 2, получено 30,000 ₸ (предварительно)",3,False,1,2,1,2,30000.0,33800.0,1.1266666666666667,признаки транзитного счёта,477
100000006030946100,terminal,0.5,1,0.3173932384341637,"конечный получатель в пределах выгрузки: входящих 1, исходящих 0, получено 73,289 ₸ (предварительно)",1,False,1,0,1,0,73289.0,0.0,0.0,конечный получатель в пределах выгрузки,1776
100000006048193100,terminal,0.5,0,0.3173932384341637,"конечный получатель в пределах выгрузки: входящих 1, исходящих 0, получено 41,559 ₸ (предварительно)",3,False,1,0,1,0,41559.0,0.0,0.0,конечный получатель в пределах выгрузки,1777
100000006069103100,transit,0.5,0,0.922153024911032,"признаки транзитного счёта: входящих 3, исходящих 3, получено 228,818 ₸ (предварительно)",1,False,3,3,3,4,228818.0,270000.0,1.1799770997036947,признаки транзитного счёта,185
100000006100920100,terminal,0.5,0,0.3173932384341637,"конечный получатель в пределах выгрузки: входящих 1, исходящих 0, получено 100,000 ₸ (предварительно)",3,False,1,0,1,0,100000.0,0.0,0.0,конечный получатель в пределах выгрузки,1778
100000006111439100,transit,0.5,0,0.9377224199288257,"признаки транзитного счёта: входящих 3, исходящих 4, получено 20,570 ₸ (предварительно)",3,False,3,4,3,4,20570.0,24000.0,1.166747690811862,признаки транзитного счёта,143
100000006111442100,terminal,0.5,0,0.3173932384341637,"конечный получатель в пределах выгрузки: входящих 1, исходящих 0, получено 64,000 ₸ (предварительно)",3,False,1,0,1,0,64000.0,0.0,0.0,конечный получатель в пределах выгрузки,1779
100000006122699100,terminal,0.5,0,0.6983985765124555,"конечный получатель в пределах выгрузки: входящих 2, исходящих 0, получено 45,865 ₸ (предварительно)",2,False,2,0,2,0,45865.0,0.0,0.0,конечный получатель в пределах выгрузки,764
100000006126743100,terminal,0.5,0,0.3173932384341637,"конечный получатель в пределах выгрузки: входящих 1, исходящих 0, получено 55,000 ₸ (предварительно)",3,False,1,0,1,0,55000.0,0.0,0.0,конечный получатель в пределах выгрузки,1780
100000006161893100,terminal,0.5,0,0.3173932384341637,"конечный получатель в пределах выгрузки: входящих 1, исходящих 0, получено 14,000 ₸ (предварительно)",2,False,1,0,1,0,14000.0,0.0,0.0,конечный получатель в пределах выгрузки,1781
100000006165886100,peripheral,0.5,0,0.8111654804270463,"периферия, признаков роли не выявлено: входящих 2, исходящих 1, получено 184,481 ₸ (предварительно)",3,False,2,1,2,1,184481.0,75000.0,0.4065459315593476,"периферия, признаков роли не выявлено",478
100000006169033100,peripheral,0.5,0,0.8698843416370107,"периферия, признаков роли не выявлено: входящих 1, исходящих 3, получено 49,000 ₸ (предварительно)",3,False,1,3,1,10,49000.0,1140271.0,23.270836734693876,"периферия, признаков роли не выявлено",315
100000006171671100,peripheral,0.5,0,0.3173932384341637,"периферия, признаков роли не выявлено: входящих 1, исходящих 0, получено 10,000 ₸ (предварительно)",4,False,1,0,1,0,10000.0,0.0,0.0,"периферия, признаков роли не выявлено",1782
100000006177176100,terminal,0.5,0,0.3173932384341637,"конечный получатель в пределах выгрузки: входящих 1, исходящих 0, получено 8,911 ₸ (предварительно)",1,False,1,0,1,0,8911.0,0.0,0.0,конечный получатель в пределах выгрузки,1783
100000006209210100,terminal,0.5,0,0.3173932384341637,"конечный получатель в пределах выгрузки: входящих 1, исходящих 0, получено 229,111 ₸ (предварительно)",3,False,1,0,1,0,229111.0,0.0,0.0,конечный получатель в пределах выгрузки,1784
100000006225798100,peripheral,0.5,0,0.900355871886121,"периферия, признаков роли не выявлено: входящих 3, исходящих 2, получено 722,000 ₸ (предварительно)",3,False,3,2,4,2,722000.0,26300.0,0.03642659279778394,"периферия, признаков роли не выявлено",238
100000006232642100,peripheral,0.5,0,0.3173932384341637,"периферия, признаков роли не выявлено: входящих 1, исходящих 0, получено 456,000 ₸ (предварительно)",4,False,1,0,4,0,456000.0,0.0,0.0,"периферия, признаков роли не выявлено",1785
100000006232815100,peripheral,0.5,3,0.922153024911032,"периферия, признаков роли не выявлено: входящих 1, исходящих 5, получено 160,000 ₸ (предварительно)",0,True,1,5,2,5,160000.0,296500.0,1.853125,"периферия, признаков роли не выявлено",186
100000006240939100,peripheral,0.5,0,0.922153024911032,"периферия, признаков роли не выявлено: входящих 1, исходящих 5, получено 160,000 ₸ (предварительно)",2,False,1,5,1,5,160000.0,778015.0,4.86259375,"периферия, признаков роли не выявлено",187
100000006248077100,terminal,0.5,0,0.3173932384341637,"конечный получатель в пределах выгрузки: входящих 1, исходящих 0, получено 50,000 ₸ (предварительно)",2,False,1,0,1,0,50000.0,0.0,0.0,конечный получатель в пределах выгрузки,1786
100000006249740100,peripheral,0.5,9,0.8111654804270463,"периферия, признаков роли не выявлено: входящих 0, исходящих 3, получено 0 ₸ (предварительно)",0,True,0,3,0,5,0.0,93007.0,,"периферия, признаков роли не выявлено",479
100000006257675100,peripheral,0.5,0,0.3173932384341637,"периферия, признаков роли не выявлено: входящих 1, исходящих 0, получено 70,000 ₸ (предварительно)",4,False,1,0,2,0,70000.0,0.0,0.0,"периферия, признаков роли не выявлено",1787
100000006274203100,peripheral,0.5,0,0.900355871886121,"периферия, признаков роли не выявлено: входящих 2, исходящих 3, получено 3,417,512 ₸ (предварительно)",3,False,2,3,41,3,3417512.0,72000.0,0.02106795821053445,"периферия, признаков роли не выявлено",239
100000006288612100,peripheral,0.5,0,0.3173932384341637,"периферия, признаков роли не выявлено: входящих 1, исходящих 0, получено 30,805 ₸ (предварительно)",4,False,1,0,3,0,30805.0,0.0,0.0,"периферия, признаков роли не выявлено",1788
100000006308406100,peripheral,0.5,0,0.3173932384341637,"периферия, признаков роли не выявлено: входящих 1, исходящих 0, получено 183,000 ₸ (предварительно)",4,False,1,0,2,0,183000.0,0.0,0.0,"периферия, признаков роли не выявлено",1789
100000006326645100,terminal,0.5,1,0.3173932384341637,"конечный получатель в пределах выгрузки: входящих 1, исходящих 0, получено 25,264 ₸ (предварительно)",1,False,1,0,1,0,25264.0,0.0,0.0,конечный получатель в пределах выгрузки,1790
100000006351075100,peripheral,0.5,0,0.3173932384341637,"периферия, признаков роли не выявлено: входящих 1, исходящих 0, получено 40,000 ₸ (предварительно)",4,False,1,0,2,0,40000.0,0.0,0.0,"периферия, признаков роли не выявлено",1791
100000006369769100,terminal,0.5,1,0.3173932384341637,"конечный получатель в пределах выгрузки: входящих 1, исходящих 0, получено 40,000 ₸ (предварительно)",1,False,1,0,1,0,40000.0,0.0,0.0,конечный получатель в пределах выгрузки,1792
100000006381453100,peripheral,0.5,0,0.3173932384341637,"периферия, признаков роли не выявлено: входящих 1, исходящих 0, получено 45,000 ₸ (предварительно)",4,False,1,0,1,0,45000.0,0.0,0.0,"периферия, признаков роли не выявлено",1793
100000006385877100,peripheral,0.5,0,0.6983985765124555,"периферия, признаков роли не выявлено: входящих 1, исходящих 1, получено 53,707 ₸ (предварительно)",2,False,1,1,5,5,53706.62,36602.93,0.6815347903107661,"периферия, признаков роли не выявлено",765
100000006412162100,peripheral,0.5,0,0.3173932384341637,"периферия, признаков роли не выявлено: входящих 1, исходящих 0, получено 15,000 ₸ (предварительно)",4,False,1,0,2,0,15000.0,0.0,0.0,"периферия, признаков роли не выявлено",1794
100000006416061100,peripheral,0.5,0,0.3173932384341637,"периферия, признаков роли не выявлено: входящих 1, исходящих 0, получено 30,000 ₸ (предварительно)",4,False,1,0,1,0,30000.0,0.0,0.0,"периферия, признаков роли не выявлено",1795
100000006424479100,peripheral,0.5,0,0.8111654804270463,"периферия, признаков роли не выявлено: входящих 1, исходящих 2, получено 500,000 ₸ (предварительно)",2,False,1,2,2,3,500000.0,220000.0,0.44,"периферия, признаков роли не выявлено",480
100000006443391100,peripheral,0.5,0,0.900355871886121,"периферия, признаков роли не выявлено: входящих 3, исходящих 2, получено 86,776 ₸ (предварительно)",1,False,3,2,7,6,86775.93,60041.71000000001,0.6919166409394865,"периферия, признаков роли не выявлено",240
100000006444163100,terminal,0.5,0,0.3173932384341637,"конечный получатель в пределах выгрузки: входящих 1, исходящих 0, получено 6,026 ₸ (предварительно)",3,False,1,0,1,0,6026.0,0.0,0.0,конечный получатель в пределах выгрузки,1796
100000006445501100,terminal,0.5,0,0.3173932384341637,"конечный получатель в пределах выгрузки: входящих 1, исходящих 0, получено 91,000 ₸ (предварительно)",1,False,1,0,1,0,91000.0,0.0,0.0,конечный получатель в пределах выгрузки,1797
100000006446271100,terminal,0.5,0,0.6983985765124555,"конечный получатель в пределах выгрузки: входящих 2, исходящих 0, получено 80,000 ₸ (предварительно)",1,False,2,0,2,0,80000.0,0.0,0.0,конечный получатель в пределах выгрузки,766
100000006471232100,terminal,0.5,1,0.3173932384341637,"конечный получатель в пределах выгрузки: входящих 1, исходящих 0, получено 41,800 ₸ (предварительно)",3,False,1,0,1,0,41800.0,0.0,0.0,конечный получатель в пределах выгрузки,1798
100000006476758100,terminal,0.5,0,0.3173932384341637,"конечный получатель в пределах выгрузки: входящих 1, исходящих 0, получено 5,200 ₸ (предварительно)",3,False,1,0,1,0,5200.0,0.0,0.0,конечный получатель в пределах выгрузки,1799
100000006490557100,terminal,0.5,0,0.3173932384341637,"конечный получатель в пределах выгрузки: входящих 1, исходящих 0, получено 5,000 ₸ (предварительно)",2,False,1,0,1,0,5000.0,0.0,0.0,конечный получатель в пределах выгрузки,1800
100000006490615100,peripheral,0.5,0,0.3173932384341637,"периферия, признаков роли не выявлено: входящих 1, исходящих 0, получено 41,600 ₸ (предварительно)",4,False,1,0,6,0,41600.0,0.0,0.0,"периферия, признаков роли не выявлено",1801
100000006491272100,terminal,0.5,1,0.3173932384341637,"конечный получатель в пределах выгрузки: входящих 1, исходящих 0, получено 26,200 ₸ (предварительно)",3,False,1,0,1,0,26200.0,0.0,0.0,конечный получатель в пределах выгрузки,1802
100000006491963100,peripheral,0.5,0,0.3173932384341637,"периферия, признаков роли не выявлено: входящих 1, исходящих 0, получено 16,000 ₸ (предварительно)",4,False,1,0,3,0,16000.0,0.0,0.0,"периферия, признаков роли не выявлено",1803
100000006492770100,peripheral,0.5,0,0.6983985765124555,"периферия, признаков роли не выявлено: входящих 1, исходящих 1, получено 269,000 ₸ (предварительно)",3,False,1,1,1,1,269000.0,20000.0,0.07434944237918216,"периферия, признаков роли не выявлено",767
100000006512787100,peripheral,0.5,0,0.3173932384341637,"периферия, признаков роли не выявлено: входящих 1, исходящих 0, получено 20,000 ₸ (предварительно)",4,False,1,0,2,0,20000.0,0.0,0.0,"периферия, признаков роли не выявлено",1804
100000006518161100,transit,0.5,0,0.900355871886121,"признаки транзитного счёта: входящих 3, исходящих 2, получено 594,200 ₸ (предварительно)",1,False,3,2,13,13,594200.0,595899.0,1.002859306630764,признаки транзитного счёта,241
100000006522972100,terminal,0.5,0,0.3173932384341637,"конечный получатель в пределах выгрузки: входящих 1, исходящих 0, получено 9,515 ₸ (предварительно)",3,False,1,0,1,0,9515.0,0.0,0.0,конечный получатель в пределах выгрузки,1805
100000006523053100,terminal,0.5,0,0.3173932384341637,"конечный получатель в пределах выгрузки: входящих 1, исходящих 0, получено 5,000 ₸ (предварительно)",2,False,1,0,1,0,5000.0,0.0,0.0,конечный получатель в пределах выгрузки,1806
100000006527156100,peripheral,0.5,0,0.3173932384341637,"периферия, признаков роли не выявлено: входящих 1, исходящих 0, получено 48,500 ₸ (предварительно)",4,False,1,0,1,0,48500.0,0.0,0.0,"периферия, признаков роли не выявлено",1807
100000006530134100,terminal,0.5,0,0.6983985765124555,"конечный получатель в пределах выгрузки: входящих 2, исходящих 0, получено 144,663 ₸ (предварительно)",3,False,2,0,2,0,144663.0,0.0,0.0,конечный получатель в пределах выгрузки,768
100000006532229100,terminal,0.5,0,0.3173932384341637,"конечный получатель в пределах выгрузки: входящих 1, исходящих 0, получено 105,000 ₸ (предварительно)",3,False,1,0,1,0,105000.0,0.0,0.0,конечный получатель в пределах выгрузки,1808
100000006534886100,peripheral,0.5,0,0.6983985765124555,"периферия, признаков роли не выявлено: входящих 1, исходящих 1, получено 71,700 ₸ (предварительно)",2,False,1,1,5,8,71700.0,167500.0,2.336122733612273,"периферия, признаков роли не выявлено",769
100000006557763100,terminal,0.5,0,0.3173932384341637,"конечный получатель в пределах выгрузки: входящих 1, исходящих 0, получено 10,000 ₸ (предварительно)",2,False,1,0,1,0,10000.0,0.0,0.0,конечный получатель в пределах выгрузки,1809
100000006562026100,terminal,0.5,9,0.6983985765124555,"конечный получатель в пределах выгрузки: входящих 2, исходящих 0, получено 75,000 ₸ (предварительно)",1,False,2,0,6,0,75000.0,0.0,0.0,конечный получатель в пределах выгрузки,770
100000006564102100,terminal,0.5,0,0.3173932384341637,"конечный получатель в пределах выгрузки: входящих 1, исходящих 0, получено 233,235 ₸ (предварительно)",2,False,1,0,1,0,233235.0,0.0,0.0,конечный получатель в пределах выгрузки,1810
100000006567935100,terminal,0.5,0,0.3173932384341637,"конечный получатель в пределах выгрузки: входящих 1, исходящих 0, получено 200,000 ₸ (предварительно)",2,False,1,0,1,0,200000.0,0.0,0.0,конечный получатель в пределах выгрузки,1811
100000006573438100,terminal,0.5,0,0.3173932384341637,"конечный получатель в пределах выгрузки: входящих 1, исходящих 0, получено 5,000 ₸ (предварительно)",3,False,1,0,1,0,5000.0,0.0,0.0,конечный получатель в пределах выгрузки,1812
100000006579678100,peripheral,0.5,0,0.9497330960854092,"периферия, признаков роли не выявлено: входящих 2, исходящих 6, получено 192,930 ₸ (предварительно)",1,False,2,6,2,15,192930.0,1668800.0,8.649769346395066,"периферия, признаков роли не выявлено",117
100000006595426100,terminal,0.5,0,0.3173932384341637,"конечный получатель в пределах выгрузки: входящих 1, исходящих 0, получено 84,800 ₸ (предварительно)",2,False,1,0,3,0,84800.0,0.0,0.0,конечный получатель в пределах выгрузки,1813
100000006612238100,peripheral,0.5,1,0.6983985765124555,"периферия, признаков роли не выявлено: входящих 1, исходящих 1, получено 160,000 ₸ (предварительно)",2,False,1,1,1,1,160000.0,25000.0,0.15625,"периферия, признаков роли не выявлено",771
100000006638021100,peripheral,0.5,0,0.6983985765124555,"периферия, признаков роли не выявлено: входящих 2, исходящих 0, получено 388,500 ₸ (предварительно)",4,False,2,0,2,0,388500.0,0.0,0.0,"периферия, признаков роли не выявлено",772
100000006641671100,transit,0.5,0,0.8111654804270463,"признаки транзитного счёта: входящих 2, исходящих 1, получено 22,000 ₸ (предварительно)",3,False,2,1,2,3,22000.0,25000.0,1.1363636363636365,признаки транзитного счёта,481
100000006656003100,peripheral,0.5,1,0.6983985765124555,"периферия, признаков роли не выявлено: входящих 1, исходящих 1, получено 20,000 ₸ (предварительно)",1,False,1,1,1,1,20000.0,9000.0,0.45,"периферия, признаков роли не выявлено",773
100000006658598100,terminal,0.5,0,0.3173932384341637,"конечный получатель в пределах выгрузки: входящих 1, исходящих 0, получено 9,000 ₸ (предварительно)",1,False,1,0,1,0,9000.0,0.0,0.0,конечный получатель в пределах выгрузки,1814
100000006664478100,transit,0.5,0,0.8111654804270463,"признаки транзитного счёта: входящих 1, исходящих 2, получено 55,000 ₸ (предварительно)",3,False,1,2,3,2,55000.0,60000.0,1.0909090909090908,признаки транзитного счёта,482
100000006679055100,terminal,0.5,0,0.3173932384341637,"конечный получатель в пределах выгрузки: входящих 1, исходящих 0, получено 25,000 ₸ (предварительно)",2,False,1,0,1,0,25000.0,0.0,0.0,конечный получатель в пределах выгрузки,1815
100000006684930100,terminal,0.5,0,0.3173932384341637,"конечный получатель в пределах выгрузки: входящих 1, исходящих 0, получено 10,000 ₸ (предварительно)",2,False,1,0,1,0,10000.0,0.0,0.0,конечный получатель в пределах выгрузки,1816
100000006687202100,terminal,0.5,0,0.3173932384341637,"конечный получатель в пределах выгрузки: входящих 1, исходящих 0, получено 50,000 ₸ (предварительно)",1,False,1,0,1,0,50000.0,0.0,0.0,конечный получатель в пределах выгрузки,1817
100000006689603100,peripheral,0.5,0,0.3173932384341637,"периферия, признаков роли не выявлено: входящих 1, исходящих 0, получено 400,000 ₸ (предварительно)",4,False,1,0,2,0,400000.0,0.0,0.0,"периферия, признаков роли не выявлено",1818
100000006693788100,peripheral,0.5,0,0.3173932384341637,"периферия, признаков роли не выявлено: входящих 1, исходящих 0, получено 10,764 ₸ (предварительно)",4,False,1,0,1,0,10764.0,0.0,0.0,"периферия, признаков роли не выявлено",1819
100000006701983100,terminal,0.5,1,0.3173932384341637,"конечный получатель в пределах выгрузки: входящих 1, исходящих 0, получено 27,000 ₸ (предварительно)",3,False,1,0,1,0,27000.0,0.0,0.0,конечный получатель в пределах выгрузки,1820
100000006704530100,transit,0.5,0,0.8698843416370107,"признаки транзитного счёта: входящих 1, исходящих 3, получено 450,500 ₸ (предварительно)",3,False,1,3,1,5,450500.0,428000.0,0.9500554938956715,признаки транзитного счёта,316
100000006706519100,peripheral,0.5,0,0.3173932384341637,"периферия, признаков роли не выявлено: входящих 1, исходящих 0, получено 36,000 ₸ (предварительно)",4,False,1,0,3,0,36000.0,0.0,0.0,"периферия, признаков роли не выявлено",1821
100000006707582100,distributor,0.5,0,0.9806494661921709,"признаки веерного распределения: входящих 2, исходящих 14, получено 39,520 ₸ (предварительно)",1,False,2,14,2,15,39520.0,961138.0,24.320293522267207,признаки веерного распределения,45
100000006710485100,terminal,0.5,1,0.3173932384341637,"конечный получатель в пределах выгрузки: входящих 1, исходящих 0, получено 20,000 ₸ (предварительно)",3,False,1,0,1,0,20000.0,0.0,0.0,конечный получатель в пределах выгрузки,1822
100000006714366100,peripheral,0.5,0,0.6983985765124555,"периферия, признаков роли не выявлено: входящих 1, исходящих 1, получено 10,500 ₸ (предварительно)",3,False,1,1,1,1,10500.0,5000.0,0.47619047619047616,"периферия, признаков роли не выявлено",774
100000006734214100,consolidator,0.5,0,0.9497330960854092,"признаки точки консолидации: входящих 5, исходящих 3, получено 610,000 ₸ (предварительно)",3,False,5,3,10,4,610000.0,36000.0,0.05901639344262295,признаки точки консолидации,118
100000006734554100,peripheral,0.5,3,0.6983985765124555,"периферия, признаков роли не выявлено: входящих 1, исходящих 1, получено 16,500 ₸ (предварительно)",1,False,1,1,1,1,16500.0,25000.0,1.5151515151515151,"периферия, признаков роли не выявлено",775
100000006735545100,peripheral,0.5,0,0.3173932384341637,"периферия, признаков роли не выявлено: входящих 1, исходящих 0, получено 5,000 ₸ (предварительно)",4,False,1,0,1,0,5000.0,0.0,0.0,"периферия, признаков роли не выявлено",1823
100000006745291100,terminal,0.5,0,0.3173932384341637,"конечный получатель в пределах выгрузки: входящих 1, исходящих 0, получено 82,534 ₸ (предварительно)",1,False,1,0,1,0,82534.0,0.0,0.0,конечный получатель в пределах выгрузки,1824
100000006746688100,terminal,0.5,1,0.3173932384341637,"конечный получатель в пределах выгрузки: входящих 1, исходящих 0, получено 41,000 ₸ (предварительно)",3,False,1,0,1,0,41000.0,0.0,0.0,конечный получатель в пределах выгрузки,1825
100000006755850100,terminal,0.5,0,0.3173932384341637,"конечный получатель в пределах выгрузки: входящих 1, исходящих 0, получено 443,476 ₸ (предварительно)",2,False,1,0,3,0,443475.8,0.0,0.0,конечный получатель в пределах выгрузки,1826
100000006756956100,peripheral,0.5,0,0.3173932384341637,"периферия, признаков роли не выявлено: входящих 1, исходящих 0, получено 121,200 ₸ (предварительно)",4,False,1,0,9,0,121200.0,0.0,0.0,"периферия, признаков роли не выявлено",1827
100000006787636100,terminal,0.5,0,0.3173932384341637,"конечный получатель в пределах выгрузки: входящих 1, исходящих 0, получено 20,000 ₸ (предварительно)",2,False,1,0,1,0,20000.0,0.0,0.0,конечный получатель в пределах выгрузки,1828
100000006788200100,peripheral,0.5,0,0.9377224199288257,"периферия, признаков роли не выявлено: входящих 4, исходящих 3, получено 272,156 ₸ (предварительно)",1,False,4,3,4,4,272155.8,64500.0,0.23699660268125833,"периферия, признаков роли не выявлено",144
100000006789108100,terminal,0.5,0,0.3173932384341637,"конечный получатель в пределах выгрузки: входящих 1, исходящих 0, получено 37,500 ₸ (предварительно)",1,False,1,0,1,0,37500.0,0.0,0.0,конечный получатель в пределах выгрузки,1829
100000006831291100,peripheral,0.5,9,0.3173932384341637,"периферия, признаков роли не выявлено: входящих 0, исходящих 1, получено 0 ₸ (предварительно)",0,True,0,1,0,3,0.0,15000.0,,"периферия, признаков роли не выявлено",1830
100000006844004100,terminal,0.5,0,0.3173932384341637,"конечный получатель в пределах выгрузки: входящих 1, исходящих 0, получено 20,600 ₸ (предварительно)",3,False,1,0,1,0,20600.0,0.0,0.0,конечный получатель в пределах выгрузки,1831
100000006844768100,peripheral,0.5,0,0.8111654804270463,"периферия, признаков роли не выявлено: входящих 1, исходящих 2, получено 282,000 ₸ (предварительно)",2,False,1,2,5,5,282000.0,188000.0,0.6666666666666666,"периферия, признаков роли не выявлено",483
100000006852430100,terminal,0.5,0,0.3173932384341637,"конечный получатель в пределах выгрузки: входящих 1, исходящих 0, получено 37,000 ₸ (предварительно)",2,False,1,0,1,0,37000.0,0.0,0.0,конечный получатель в пределах выгрузки,1832
100000006866783100,consolidator,0.5,0,0.9971085409252669,"признаки точки консолидации: входящих 13, исходящих 67, получено 838,812 ₸ (предварительно)",0,True,13,67,31,90,838812.0,3948037.0,4.706700667133994,признаки точки консолидации,7
100000006866831100,peripheral,0.5,0,0.3173932384341637,"периферия, признаков роли не выявлено: входящих 1, исходящих 0, получено 16,500 ₸ (предварительно)",4,False,1,0,1,0,16500.0,0.0,0.0,"периферия, признаков роли не выявлено",1833
100000006882208100,terminal,0.5,0,0.3173932384341637,"конечный получатель в пределах выгрузки: входящих 1, исходящих 0, получено 18,000 ₸ (предварительно)",3,False,1,0,1,0,18000.0,0.0,0.0,конечный получатель в пределах выгрузки,1834
100000006888238100,peripheral,0.5,11,0.6983985765124555,"периферия, признаков роли не выявлено: входящих 1, исходящих 1, получено 18,000 ₸ (предварительно)",2,False,1,1,1,1,18000.0,30000.0,1.6666666666666667,"периферия, признаков роли не выявлено",776
100000006889963100,peripheral,0.5,0,0.900355871886121,"периферия, признаков роли не выявлено: входящих 4, исходящих 1, получено 1,431,000 ₸ (предварительно)",1,False,4,1,6,3,1431000.0,443475.8,0.30990621942697416,"периферия, признаков роли не выявлено",242
100000006894637100,terminal,0.5,0,0.3173932384341637,"конечный получатель в пределах выгрузки: входящих 1, исходящих 0, получено 52,831 ₸ (предварительно)",3,False,1,0,1,0,52831.0,0.0,0.0,конечный получатель в пределах выгрузки,1835
100000006901046100,peripheral,0.5,0,0.6983985765124555,"периферия, признаков роли не выявлено: входящих 1, исходящих 1, получено 75,800 ₸ (предварительно)",2,False,1,1,3,1,75800.0,5500.0,0.07255936675461741,"периферия, признаков роли не выявлено",777
100000006903193100,peripheral,0.5,0,0.3173932384341637,"периферия, признаков роли не выявлено: входящих 1, исходящих 0, получено 9,000 ₸ (предварительно)",4,False,1,0,1,0,9000.0,0.0,0.0,"периферия, признаков роли не выявлено",1836
100000006912294100,peripheral,0.5,0,0.8111654804270463,"периферия, признаков роли не выявлено: входящих 1, исходящих 2, получено 6,335 ₸ (предварительно)",2,False,1,2,1,2,6335.09,30000.0,4.7355286191672095,"периферия, признаков роли не выявлено",484
100000006918814100,peripheral,0.5,0,0.3173932384341637,"периферия, признаков роли не выявлено: входящих 1, исходящих 0, получено 20,000 ₸ (предварительно)",4,False,1,0,2,0,20000.0,0.0,0.0,"периферия, признаков роли не выявлено",1837
100000006919124100,terminal,0.5,0,0.3173932384341637,"конечный получатель в пределах выгрузки: входящих 1, исходящих 0, получено 25,000 ₸ (предварительно)",3,False,1,0,1,0,25000.0,0.0,0.0,конечный получатель в пределах выгрузки,1838
100000006952718100,terminal,0.5,0,0.3173932384341637,"конечный получатель в пределах выгрузки: входящих 1, исходящих 0, получено 71,489 ₸ (предварительно)",1,False,1,0,1,0,71489.0,0.0,0.0,конечный получатель в пределах выгрузки,1839
100000006965162100,terminal,0.5,0,0.3173932384341637,"конечный получатель в пределах выгрузки: входящих 1, исходящих 0, получено 10,000 ₸ (предварительно)",3,False,1,0,1,0,10000.0,0.0,0.0,конечный получатель в пределах выгрузки,1840
100000006967370100,peripheral,0.5,0,0.6983985765124555,"периферия, признаков роли не выявлено: входящих 1, исходящих 1, получено 33,225 ₸ (предварительно)",3,False,1,1,1,1,33225.0,13526.27,0.40711121143717083,"периферия, признаков роли не выявлено",778
100000006972210100,terminal,0.5,0,0.8111654804270463,"конечный получатель в пределах выгрузки: входящих 3, исходящих 0, получено 488,775 ₸ (предварительно)",1,False,3,0,4,0,488775.0,0.0,0.0,конечный получатель в пределах выгрузки,485
100000006977207100,distributor,0.5,0,0.9806494661921709,"признаки веерного распределения: входящих 1, исходящих 15, получено 414,000 ₸ (предварительно)",2,False,1,15,1,15,414000.0,4157018.0,10.041106280193237,признаки веерного распределения,46
100000006989106100,terminal,0.5,0,0.3173932384341637,"конечный получатель в пределах выгрузки: входящих 1, исходящих 0, получено 64,000 ₸ (предварительно)",2,False,1,0,2,0,64000.0,0.0,0.0,конечный получатель в пределах выгрузки,1841
100000006989232100,terminal,0.5,0,0.3173932384341637,"конечный получатель в пределах выгрузки: входящих 1, исходящих 0, получено 22,194 ₸ (предварительно)",3,False,1,0,1,0,22194.0,0.0,0.0,конечный получатель в пределах выгрузки,1842
100000006994985100,peripheral,0.5,0,0.6983985765124555,"периферия, признаков роли не выявлено: входящих 1, исходящих 1, получено 48,500 ₸ (предварительно)",2,False,1,1,2,2,48500.0,10200.0,0.21030927835051547,"периферия, признаков роли не выявлено",779
100000007005380100,terminal,0.5,0,0.3173932384341637,"конечный получатель в пределах выгрузки: входящих 1, исходящих 0, получено 9,400 ₸ (предварительно)",3,False,1,0,1,0,9400.0,0.0,0.0,конечный получатель в пределах выгрузки,1843
100000007018630100,peripheral,0.5,12,0.3173932384341637,"периферия, признаков роли не выявлено: входящих 0, исходящих 1, получено 0 ₸ (предварительно)",0,True,0,1,0,5,0.0,200000.0,,"периферия, признаков роли не выявлено",1844
100000007020162100,terminal,0.5,0,0.3173932384341637,"конечный получатель в пределах выгрузки: входящих 1, исходящих 0, получено 86,395 ₸ (предварительно)",3,False,1,0,1,0,86395.0,0.0,0.0,конечный получатель в пределах выгрузки,1845
100000007022818100,terminal,0.5,1,0.3173932384341637,"конечный получатель в пределах выгрузки: входящих 1, исходящих 0, получено 17,200 ₸ (предварительно)",3,False,1,0,1,0,17200.0,0.0,0.0,конечный получатель в пределах выгрузки,1846
100000007034089100,peripheral,0.5,0,0.6983985765124555,"периферия, признаков роли не выявлено: входящих 2, исходящих 0, получено 198,000 ₸ (предварительно)",4,False,2,0,2,0,198000.0,0.0,0.0,"периферия, признаков роли не выявлено",780
100000007042175100,peripheral,0.5,0,0.3173932384341637,"периферия, признаков роли не выявлено: входящих 1, исходящих 0, получено 60,000 ₸ (предварительно)",4,False,1,0,1,0,60000.0,0.0,0.0,"периферия, признаков роли не выявлено",1847
100000007055802100,consolidator,0.5,0,0.9377224199288257,"признаки точки консолидации: входящих 6, исходящих 1, получено 2,024,999 ₸ (предварительно)",1,False,6,1,34,7,2024999.0,605000.0,0.29876557963732325,признаки точки консолидации,145
100000007071852100,peripheral,0.5,0,0.3173932384341637,"периферия, признаков роли не выявлено: входящих 1, исходящих 0, получено 195,000 ₸ (предварительно)",4,False,1,0,1,0,195000.0,0.0,0.0,"периферия, признаков роли не выявлено",1848
100000007129492100,peripheral,0.5,0,0.8111654804270463,"периферия, признаков роли не выявлено: входящих 2, исходящих 1, получено 50,990 ₸ (предварительно)",1,False,2,1,2,1,50990.0,37000.0,0.725632476956266,"периферия, признаков роли не выявлено",486
100000007131370100,transit,0.5,0,0.6983985765124555,"признаки транзитного счёта: входящих 1, исходящих 1, получено 30,000 ₸ (предварительно)",3,False,1,1,1,1,30000.0,30000.0,1.0,признаки транзитного счёта,781
100000007138613100,peripheral,0.5,0,0.900355871886121,"периферия, признаков роли не выявлено: входящих 3, исходящих 2, получено 1,002,000 ₸ (предварительно)",3,False,3,2,3,2,1002000.0,179000.0,0.17864271457085829,"периферия, признаков роли не выявлено",243
100000007140834100,terminal,0.5,0,0.3173932384341637,"конечный получатель в пределах выгрузки: входящих 1, исходящих 0, получено 10,200 ₸ (предварительно)",3,False,1,0,2,0,10200.0,0.0,0.0,конечный получатель в пределах выгрузки,1849
100000007153161100,peripheral,0.5,0,0.3173932384341637,"периферия, признаков роли не выявлено: входящих 1, исходящих 0, получено 44,997 ₸ (предварительно)",4,False,1,0,1,0,44997.0,0.0,0.0,"периферия, признаков роли не выявлено",1850
100000007170072100,transit,0.5,0,0.8111654804270463,"признаки транзитного счёта: входящих 1, исходящих 2, получено 100,000 ₸ (предварительно)",3,False,1,2,1,9,100000.0,99500.0,0.995,признаки транзитного счёта,487
100000007173936100,terminal,0.5,0,0.3173932384341637,"конечный получатель в пределах выгрузки: входящих 1, исходящих 0, получено 10,000 ₸ (предварительно)",2,False,1,0,1,0,10000.0,0.0,0.0,конечный получатель в пределах выгрузки,1851
100000007175718100,terminal,0.5,6,0.3173932384341637,"конечный получатель в пределах выгрузки: входящих 1, исходящих 0, получено 20,000 ₸ (предварительно)",1,False,1,0,1,0,20000.0,0.0,0.0,конечный получатель в пределах выгрузки,1852
100000007181706100,terminal,0.5,0,0.6983985765124555,"конечный получатель в пределах выгрузки: входящих 2, исходящих 0, получено 176,272 ₸ (предварительно)",1,False,2,0,2,0,176272.0,0.0,0.0,конечный получатель в пределах выгрузки,782
100000007197866100,peripheral,0.5,0,0.6983985765124555,"периферия, признаков роли не выявлено: входящих 1, исходящих 1, получено 20,000 ₸ (предварительно)",3,False,1,1,1,1,20000.0,15000.0,0.75,"периферия, признаков роли не выявлено",783
100000007229557100,terminal,0.5,0,0.8111654804270463,"конечный получатель в пределах выгрузки: входящих 3, исходящих 0, получено 878,000 ₸ (предварительно)",3,False,3,0,3,0,878000.0,0.0,0.0,конечный получатель в пределах выгрузки,488
100000007242833100,peripheral,0.5,0,0.6983985765124555,"периферия, признаков роли не выявлено: входящих 1, исходящих 1, получено 107,500 ₸ (предварительно)",2,False,1,1,3,2,107500.0,45000.0,0.4186046511627907,"периферия, признаков роли не выявлено",784
100000007267915100,peripheral,0.5,0,0.8111654804270463,"периферия, признаков роли не выявлено: входящих 2, исходящих 1, получено 21,000 ₸ (предварительно)",3,False,2,1,3,1,21000.0,10000.0,0.47619047619047616,"периферия, признаков роли не выявлено",489
100000007274584100,terminal,0.5,0,0.3173932384341637,"конечный получатель в пределах выгрузки: входящих 1, исходящих 0, получено 38,000 ₸ (предварительно)",1,False,1,0,1,0,38000.0,0.0,0.0,конечный получатель в пределах выгрузки,1853
100000007281639100,terminal,0.5,0,0.6983985765124555,"конечный получатель в пределах выгрузки: входящих 2, исходящих 0, получено 216,770 ₸ (предварительно)",1,False,2,0,4,0,216770.0,0.0,0.0,конечный получатель в пределах выгрузки,785
100000007283257100,terminal,0.5,13,0.3173932384341637,"конечный получатель в пределах выгрузки: входящих 1, исходящих 0, получено 192,000 ₸ (предварительно)",1,False,1,0,7,0,192000.0,0.0,0.0,конечный получатель в пределах выгрузки,1854
100000007289427100,terminal,0.5,0,0.3173932384341637,"конечный получатель в пределах выгрузки: входящих 1, исходящих 0, получено 12,300 ₸ (предварительно)",2,False,1,0,1,0,12300.0,0.0,0.0,конечный получатель в пределах выгрузки,1855
100000007303047100,terminal,0.5,1,0.3173932384341637,"конечный получатель в пределах выгрузки: входящих 1, исходящих 0, получено 52,250 ₸ (предварительно)",3,False,1,0,1,0,52250.0,0.0,0.0,конечный получатель в пределах выгрузки,1856
100000007311010100,peripheral,0.5,0,0.8111654804270463,"периферия, признаков роли не выявлено: входящих 2, исходящих 1, получено 64,480 ₸ (предварительно)",1,False,2,1,2,1,64480.0,20000.0,0.31017369727047145,"периферия, признаков роли не выявлено",490
100000007322059100,peripheral,0.5,0,0.8111654804270463,"периферия, признаков роли не выявлено: входящих 2, исходящих 1, получено 29,000 ₸ (предварительно)",2,False,2,1,2,2,29000.0,22500.0,0.7758620689655172,"периферия, признаков роли не выявлено",491
100000007330432100,peripheral,0.5,0,0.3173932384341637,"периферия, признаков роли не выявлено: входящих 1, исходящих 0, получено 584,900 ₸ (предварительно)",4,False,1,0,1,0,584900.0,0.0,0.0,"периферия, признаков роли не выявлено",1857
100000007333038100,peripheral,0.5,0,0.8111654804270463,"периферия, признаков роли не выявлено: входящих 1, исходящих 2, получено 17,500 ₸ (предварительно)",3,False,1,2,1,2,17500.0,34994.0,1.9996571428571428,"периферия, признаков роли не выявлено",492
100000007334196100,terminal,0.5,0,0.3173932384341637,"конечный получатель в пределах выгрузки: входящих 1, исходящих 0, получено 150,002 ₸ (предварительно)",1,False,1,0,1,0,150002.0,0.0,0.0,конечный получатель в пределах выгрузки,1858
100000007337374100,terminal,0.5,1,0.3173932384341637,"конечный получатель в пределах выгрузки: входящих 1, исходящих 0, получено 20,000 ₸ (предварительно)",2,False,1,0,2,0,20000.0,0.0,0.0,конечный получатель в пределах выгрузки,1859
100000007347733100,terminal,0.5,9,0.3173932384341637,"конечный получатель в пределах выгрузки: входящих 1, исходящих 0, получено 23,007 ₸ (предварительно)",1,False,1,0,1,0,23007.0,0.0,0.0,конечный получатель в пределах выгрузки,1860
100000007357489100,peripheral,0.5,0,0.6983985765124555,"периферия, признаков роли не выявлено: входящих 2, исходящих 0, получено 164,500 ₸ (предварительно)",4,False,2,0,2,0,164500.0,0.0,0.0,"периферия, признаков роли не выявлено",786
100000007381662100,peripheral,0.5,0,0.3173932384341637,"периферия, признаков роли не выявлено: входящих 1, исходящих 0, получено 11,000 ₸ (предварительно)",4,False,1,0,1,0,11000.0,0.0,0.0,"периферия, признаков роли не выявлено",1861
100000007382152100,terminal,0.5,0,0.3173932384341637,"конечный получатель в пределах выгрузки: входящих 1, исходящих 0, получено 5,860 ₸ (предварительно)",2,False,1,0,1,0,5860.0,0.0,0.0,конечный получатель в пределах выгрузки,1862
100000007382543100,peripheral,0.5,0,0.9497330960854092,"периферия, признаков роли не выявлено: входящих 3, исходящих 5, получено 218,000 ₸ (предварительно)",2,False,3,5,3,8,218000.0,427000.0,1.9587155963302751,"периферия, признаков роли не выявлено",119
100000007390016100,peripheral,0.5,0,0.6983985765124555,"периферия, признаков роли не выявлено: входящих 1, исходящих 1, получено 511,000 ₸ (предварительно)",3,False,1,1,13,14,511000.0,346500.0,0.678082191780822,"периферия, признаков роли не выявлено",787
100000007392365100,peripheral,0.5,0,0.9377224199288257,"периферия, признаков роли не выявлено: входящих 1, исходящих 6, получено 9,613 ₸ (предварительно)",3,False,1,6,1,9,9613.0,1765600.0,183.66794965151357,"периферия, признаков роли не выявлено",146
100000007442518100,consolidator,0.5,0,0.9755338078291815,"признаки точки консолидации: входящих 5, исходящих 9, получено 510,000 ₸ (предварительно)",1,False,5,9,8,12,510000.0,4419999.0,8.666664705882352,признаки точки консолидации,56
100000007472293100,peripheral,0.5,0,0.8698843416370107,"периферия, признаков роли не выявлено: входящих 1, исходящих 3, получено 5,000 ₸ (предварительно)",3,False,1,3,1,3,5000.0,345900.0,69.18,"периферия, признаков роли не выявлено",317
100000007484343100,terminal,0.5,0,0.6983985765124555,"конечный получатель в пределах выгрузки: входящих 2, исходящих 0, получено 26,757 ₸ (предварительно)",3,False,2,0,2,0,26757.0,0.0,0.0,конечный получатель в пределах выгрузки,788
100000007487729100,terminal,0.5,0,0.3173932384341637,"конечный получатель в пределах выгрузки: входящих 1, исходящих 0, получено 25,000 ₸ (предварительно)",3,False,1,0,1,0,25000.0,0.0,0.0,конечный получатель в пределах выгрузки,1863
100000007507343100,terminal,0.5,8,0.3173932384341637,"конечный получатель в пределах выгрузки: входящих 1, исходящих 0, получено 370,000 ₸ (предварительно)",1,False,1,0,1,0,370000.0,0.0,0.0,конечный получатель в пределах выгрузки,1864
100000007510567100,peripheral,0.5,0,0.3173932384341637,"периферия, признаков роли не выявлено: входящих 1, исходящих 0, получено 52,000 ₸ (предварительно)",4,False,1,0,1,0,52000.0,0.0,0.0,"периферия, признаков роли не выявлено",1865
100000007510875100,terminal,0.5,0,0.3173932384341637,"конечный получатель в пределах выгрузки: входящих 1, исходящих 0, получено 5,000 ₸ (предварительно)",3,False,1,0,1,0,5000.0,0.0,0.0,конечный получатель в пределах выгрузки,1866
100000007511163100,peripheral,0.5,0,0.900355871886121,"периферия, признаков роли не выявлено: входящих 2, исходящих 3, получено 63,666 ₸ (предварительно)",1,False,2,3,2,3,63666.0,82052.0,1.2887883642760658,"периферия, признаков роли не выявлено",244
100000007511780100,peripheral,0.5,0,0.3173932384341637,"периферия, признаков роли не выявлено: входящих 1, исходящих 0, получено 155,000 ₸ (предварительно)",4,False,1,0,2,0,155000.0,0.0,0.0,"периферия, признаков роли не выявлено",1867
100000007534354100,peripheral,0.5,0,0.8698843416370107,"периферия, признаков роли не выявлено: входящих 1, исходящих 3, получено 50,000 ₸ (предварительно)",2,False,1,3,1,3,50000.0,147810.0,2.9562,"периферия, признаков роли не выявлено",318
100000007536804100,peripheral,0.5,0,0.8111654804270463,"периферия, признаков роли не выявлено: входящих 1, исходящих 2, получено 100,000 ₸ (предварительно)",1,False,1,2,1,2,100000.0,55000.0,0.55,"периферия, признаков роли не выявлено",493
100000007539296100,peripheral,0.5,0,0.3173932384341637,"периферия, признаков роли не выявлено: входящих 1, исходящих 0, получено 46,000 ₸ (предварительно)",4,False,1,0,2,0,46000.0,0.0,0.0,"периферия, признаков роли не выявлено",1868
100000007544358100,transit,0.5,0,0.8111654804270463,"признаки транзитного счёта: входящих 2, исходящих 1, получено 322,500 ₸ (предварительно)",1,False,2,1,2,3,322500.0,350000.0,1.0852713178294573,признаки транзитного счёта,494
100000007591246100,peripheral,0.5,0,0.6983985765124555,"периферия, признаков роли не выявлено: входящих 1, исходящих 1, получено 12,190 ₸ (предварительно)",3,False,1,1,1,1,12190.0,120000.0,9.844134536505333,"периферия, признаков роли не выявлено",789
100000007593823100,distributor,0.5,0,0.9806494661921709,"признаки веерного распределения: входящих 3, исходящих 13, получено 25,000 ₸ (предварительно)",3,False,3,13,3,21,25000.0,162900.0,6.516,признаки веерного распределения,47
100000007594394100,consolidator,0.5,0,0.9377224199288257,"признаки точки консолидации: входящих 6, исходящих 1, получено 395,385 ₸ (предварительно)",2,False,6,1,6,40,395385.0,3376312.0,8.539302199122375,признаки точки консолидации,147
100000007597382100,terminal,0.5,0,0.3173932384341637,"конечный получатель в пределах выгрузки: входящих 1, исходящих 0, получено 15,700 ₸ (предварительно)",3,False,1,0,1,0,15700.0,0.0,0.0,конечный получатель в пределах выгрузки,1869
100000007617808100,terminal,0.5,0,0.3173932384341637,"конечный получатель в пределах выгрузки: входящих 1, исходящих 0, получено 450,000 ₸ (предварительно)",2,False,1,0,1,0,450000.0,0.0,0.0,конечный получатель в пределах выгрузки,1870
100000007618425100,terminal,0.5,0,0.3173932384341637,"конечный получатель в пределах выгрузки: входящих 1, исходящих 0, получено 39,348 ₸ (предварительно)",3,False,1,0,1,0,39348.0,0.0,0.0,конечный получатель в пределах выгрузки,1871
100000007629096100,peripheral,0.5,0,0.900355871886121,"периферия, признаков роли не выявлено: входящих 4, исходящих 1, получено 1,075,170 ₸ (предварительно)",2,False,4,1,5,5,1075170.0,765205.0,0.7117060557865268,"периферия, признаков роли не выявлено",245
100000007629121100,terminal,0.5,0,0.3173932384341637,"конечный получатель в пределах выгрузки: входящих 1, исходящих 0, получено 29,000 ₸ (предварительно)",2,False,1,0,1,0,29000.0,0.0,0.0,конечный получатель в пределах выгрузки,1872
100000007631637100,terminal,0.5,1,0.3173932384341637,"конечный получатель в пределах выгрузки: входящих 1, исходящих 0, получено 15,341 ₸ (предварительно)",1,False,1,0,1,0,15341.0,0.0,0.0,конечный получатель в пределах выгрузки,1873
100000007639767100,distributor,0.5,0,0.9755338078291815,"признаки веерного распределения: входящих 4, исходящих 10, получено 90,913 ₸ (предварительно)",1,False,4,10,4,13,90913.0,822244.0,9.044295095310902,признаки веерного распределения,57
100000007641183100,terminal,0.5,0,0.3173932384341637,"конечный получатель в пределах выгрузки: входящих 1, исходящих 0, получено 28,000 ₸ (предварительно)",1,False,1,0,1,0,28000.0,0.0,0.0,конечный получатель в пределах выгрузки,1874
100000007641801100,terminal,0.5,0,0.3173932384341637,"конечный получатель в пределах выгрузки: входящих 1, исходящих 0, получено 200,000 ₸ (предварительно)",1,False,1,0,1,0,200000.0,0.0,0.0,конечный получатель в пределах выгрузки,1875
100000007647294100,terminal,0.5,0,0.3173932384341637,"конечный получатель в пределах выгрузки: входящих 1, исходящих 0, получено 385,000 ₸ (предварительно)",3,False,1,0,1,0,385000.0,0.0,0.0,конечный получатель в пределах выгрузки,1876
100000007648946100,peripheral,0.5,0,0.6983985765124555,"периферия, признаков роли не выявлено: входящих 1, исходящих 1, получено 19,550 ₸ (предварительно)",1,False,1,1,1,1,19550.0,25000.0,1.278772378516624,"периферия, признаков роли не выявлено",790
100000007653003100,terminal,0.5,0,0.3173932384341637,"конечный получатель в пределах выгрузки: входящих 1, исходящих 0, получено 100,000 ₸ (предварительно)",3,False,1,0,1,0,100000.0,0.0,0.0,конечный получатель в пределах выгрузки,1877
100000007653094100,peripheral,0.5,0,0.3173932384341637,"периферия, признаков роли не выявлено: входящих 1, исходящих 0, получено 16,000 ₸ (предварительно)",4,False,1,0,1,0,16000.0,0.0,0.0,"периферия, признаков роли не выявлено",1878
100000007689942100,peripheral,0.5,0,0.8111654804270463,"периферия, признаков роли не выявлено: входящих 1, исходящих 2, получено 5,000 ₸ (предварительно)",3,False,1,2,1,2,5000.0,25000.0,5.0,"периферия, признаков роли не выявлено",495
100000007731977100,peripheral,0.5,0,0.3173932384341637,"периферия, признаков роли не выявлено: входящих 1, исходящих 0, получено 50,000 ₸ (предварительно)",4,False,1,0,1,0,50000.0,0.0,0.0,"периферия, признаков роли не выявлено",1879
100000007737775100,terminal,0.5,0,0.3173932384341637,"конечный получатель в пределах выгрузки: входящих 1, исходящих 0, получено 6,000 ₸ (предварительно)",3,False,1,0,1,0,6000.0,0.0,0.0,конечный получатель в пределах выгрузки,1880
100000007745062100,peripheral,0.5,0,0.3173932384341637,"периферия, признаков роли не выявлено: входящих 1, исходящих 0, получено 100,000 ₸ (предварительно)",4,False,1,0,1,0,100000.0,0.0,0.0,"периферия, признаков роли не выявлено",1881
100000007747786100,distributor,0.5,0,0.9908807829181495,"признаки веерного распределения: входящих 0, исходящих 31, получено 0 ₸ (предварительно)",0,True,0,31,0,35,0.0,4238009.4,,признаки веерного распределения,22
100000007749092100,peripheral,0.5,0,0.6983985765124555,"периферия, признаков роли не выявлено: входящих 1, исходящих 1, получено 7,650 ₸ (предварительно)",2,False,1,1,1,5,7650.0,70375.0,9.199346405228757,"периферия, признаков роли не выявлено",791
100000007749747100,peripheral,0.5,0,0.3173932384341637,"периферия, признаков роли не выявлено: входящих 1, исходящих 0, получено 50,000 ₸ (предварительно)",4,False,1,0,1,0,50000.0,0.0,0.0,"периферия, признаков роли не выявлено",1882
100000007754369100,terminal,0.5,0,0.3173932384341637,"конечный получатель в пределах выгрузки: входящих 1, исходящих 0, получено 82,424 ₸ (предварительно)",3,False,1,0,1,0,82424.0,0.0,0.0,конечный получатель в пределах выгрузки,1883
100000007777377100,peripheral,0.5,0,0.8111654804270463,"периферия, признаков роли не выявлено: входящих 1, исходящих 2, получено 456,290 ₸ (предварительно)",2,False,1,2,7,2,456290.0,10000.0,0.021915886826360427,"периферия, признаков роли не выявлено",496
100000007793871100,terminal,0.5,0,0.3173932384341637,"конечный получатель в пределах выгрузки: входящих 1, исходящих 0, получено 26,000 ₸ (предварительно)",3,False,1,0,3,0,26000.0,0.0,0.0,конечный получатель в пределах выгрузки,1884
100000007797290100,peripheral,0.5,0,0.6983985765124555,"периферия, признаков роли не выявлено: входящих 1, исходящих 1, получено 100,000 ₸ (предварительно)",2,False,1,1,1,1,100000.0,20000.0,0.2,"периферия, признаков роли не выявлено",792
100000007811950100,peripheral,0.5,0,0.3173932384341637,"периферия, признаков роли не выявлено: входящих 1, исходящих 0, получено 50,000 ₸ (предварительно)",4,False,1,0,1,0,50000.0,0.0,0.0,"периферия, признаков роли не выявлено",1885
100000007841978100,peripheral,0.5,0,0.3173932384341637,"периферия, признаков роли не выявлено: входящих 1, исходящих 0, получено 449,000 ₸ (предварительно)",4,False,1,0,1,0,449000.0,0.0,0.0,"периферия, признаков роли не выявлено",1886
100000007861311100,terminal,0.5,0,0.3173932384341637,"конечный получатель в пределах выгрузки: входящих 1, исходящих 0, получено 45,000 ₸ (предварительно)",2,False,1,0,1,0,45000.0,0.0,0.0,конечный получатель в пределах выгрузки,1887
100000007863304100,terminal,0.5,0,0.3173932384341637,"конечный получатель в пределах выгрузки: входящих 1, исходящих 0, получено 25,000 ₸ (предварительно)",3,False,1,0,1,0,25000.0,0.0,0.0,конечный получатель в пределах выгрузки,1888
100000007864477100,peripheral,0.5,0,0.9497330960854092,"периферия, признаков роли не выявлено: входящих 2, исходящих 6, получено 76,000 ₸ (предварительно)",3,False,2,6,2,10,76000.0,203500.0,2.6776315789473686,"периферия, признаков роли не выявлено",120
100000007865484100,peripheral,0.5,0,0.3173932384341637,"периферия, признаков роли не выявлено: входящих 1, исходящих 0, получено 584,600 ₸ (предварительно)",4,False,1,0,2,0,584600.0,0.0,0.0,"периферия, признаков роли не выявлено",1889
100000007867364100,peripheral,0.5,0,0.3173932384341637,"периферия, признаков роли не выявлено: входящих 1, исходящих 0, получено 41,852 ₸ (предварительно)",4,False,1,0,1,0,41852.0,0.0,0.0,"периферия, признаков роли не выявлено",1890
100000007898453100,peripheral,0.5,0,0.8111654804270463,"периферия, признаков роли не выявлено: входящих 1, исходящих 2, получено 24,750 ₸ (предварительно)",2,False,1,2,1,2,24750.0,320000.0,12.929292929292929,"периферия, признаков роли не выявлено",497
100000007908818100,peripheral,0.5,0,0.9621886120996441,"периферия, признаков роли не выявлено: входящих 4, исходящих 6, получено 727,475 ₸ (предварительно)",1,False,4,6,4,13,727475.0,302000.0,0.4151345407058662,"периферия, признаков роли не выявлено",86
100000007930878100,terminal,0.5,5,0.3173932384341637,"конечный получатель в пределах выгрузки: входящих 1, исходящих 0, получено 5,000 ₸ (предварительно)",2,False,1,0,1,0,5000.0,0.0,0.0,конечный получатель в пределах выгрузки,1891
100000007938486100,terminal,0.5,1,0.3173932384341637,"конечный получатель в пределах выгрузки: входящих 1, исходящих 0, получено 39,500 ₸ (предварительно)",1,False,1,0,1,0,39500.0,0.0,0.0,конечный получатель в пределах выгрузки,1892
100000007939160100,peripheral,0.5,5,0.8111654804270463,"периферия, признаков роли не выявлено: входящих 1, исходящих 2, получено 795,000 ₸ (предварительно)",1,False,1,2,2,2,795000.0,14300.0,0.017987421383647798,"периферия, признаков роли не выявлено",498
100000007953156100,peripheral,0.5,0,0.6983985765124555,"периферия, признаков роли не выявлено: входящих 1, исходящих 1, получено 18,000 ₸ (предварительно)",2,False,1,1,1,1,18000.0,10000.0,0.5555555555555556,"периферия, признаков роли не выявлено",793
100000007960337100,peripheral,0.5,0,0.3173932384341637,"периферия, признаков роли не выявлено: входящих 1, исходящих 0, получено 35,500 ₸ (предварительно)",4,False,1,0,1,0,35500.0,0.0,0.0,"периферия, признаков роли не выявлено",1893
100000007982728100,peripheral,0.5,0,0.9497330960854092,"периферия, признаков роли не выявлено: входящих 0, исходящих 8, получено 0 ₸ (предварительно)",0,True,0,8,0,12,0.0,1804384.0,,"периферия, признаков роли не выявлено",121
100000007982908100,terminal,0.5,1,0.3173932384341637,"конечный получатель в пределах выгрузки: входящих 1, исходящих 0, получено 31,080 ₸ (предварительно)",2,False,1,0,1,0,31080.0,0.0,0.0,конечный получатель в пределах выгрузки,1894
100000007988344100,peripheral,0.5,0,0.3173932384341637,"периферия, признаков роли не выявлено: входящих 1, исходящих 0, получено 20,000 ₸ (предварительно)",4,False,1,0,3,0,20000.0,0.0,0.0,"периферия, признаков роли не выявлено",1895
100000007997939100,peripheral,0.5,0,0.3173932384341637,"периферия, признаков роли не выявлено: входящих 1, исходящих 0, получено 13,000 ₸ (предварительно)",4,False,1,0,1,0,13000.0,0.0,0.0,"периферия, признаков роли не выявлено",1896
100000007998965100,consolidator,0.5,0,0.922153024911032,"признаки точки консолидации: входящих 5, исходящих 1, получено 278,000 ₸ (предварительно)",2,False,5,1,7,3,278000.0,26000.0,0.09352517985611511,признаки точки консолидации,188
100000007999728100,terminal,0.5,0,0.3173932384341637,"конечный получатель в пределах выгрузки: входящих 1, исходящих 0, получено 23,250 ₸ (предварительно)",3,False,1,0,1,0,23250.0,0.0,0.0,конечный получатель в пределах выгрузки,1897
100000008002020100,peripheral,0.5,0,0.6983985765124555,"периферия, признаков роли не выявлено: входящих 1, исходящих 1, получено 73,860 ₸ (предварительно)",1,False,1,1,1,1,73860.0,17000.0,0.23016517736257786,"периферия, признаков роли не выявлено",794
100000008003034100,peripheral,0.5,0,0.900355871886121,"периферия, признаков роли не выявлено: входящих 1, исходящих 4, получено 12,201 ₸ (предварительно)",1,False,1,4,1,4,12201.0,135000.0,11.064666830587656,"периферия, признаков роли не выявлено",246
100000008008463100,terminal,0.5,0,0.3173932384341637,"конечный получатель в пределах выгрузки: входящих 1, исходящих 0, получено 54,180 ₸ (предварительно)",2,False,1,0,1,0,54180.0,0.0,0.0,конечный получатель в пределах выгрузки,1898
100000008011159100,peripheral,0.5,0,0.9497330960854092,"периферия, признаков роли не выявлено: входящих 3, исходящих 5, получено 363,000 ₸ (предварительно)",2,False,3,5,6,5,363000.0,153037.0,0.4215895316804408,"периферия, признаков роли не выявлено",122
100000008011573100,terminal,0.5,0,0.3173932384341637,"конечный получатель в пределах выгрузки: входящих 1, исходящих 0, получено 15,000 ₸ (предварительно)",3,False,1,0,1,0,15000.0,0.0,0.0,конечный получатель в пределах выгрузки,1899
100000008027922100,peripheral,0.5,0,0.3173932384341637,"периферия, признаков роли не выявлено: входящих 1, исходящих 0, получено 70,000 ₸ (предварительно)",4,False,1,0,1,0,70000.0,0.0,0.0,"периферия, признаков роли не выявлено",1900
100000008028628100,terminal,0.5,1,0.3173932384341637,"конечный получатель в пределах выгрузки: входящих 1, исходящих 0, получено 57,224 ₸ (предварительно)",1,False,1,0,1,0,57224.0,0.0,0.0,конечный получатель в пределах выгрузки,1901
100000008029279100,terminal,0.5,0,0.3173932384341637,"конечный получатель в пределах выгрузки: входящих 1, исходящих 0, получено 17,000 ₸ (предварительно)",3,False,1,0,1,0,17000.0,0.0,0.0,конечный получатель в пределах выгрузки,1902
100000008038077100,terminal,0.5,0,0.3173932384341637,"конечный получатель в пределах выгрузки: входящих 1, исходящих 0, получено 499,850 ₸ (предварительно)",3,False,1,0,2,0,499850.0,0.0,0.0,конечный получатель в пределах выгрузки,1903
100000008042075100,terminal,0.5,0,0.3173932384341637,"конечный получатель в пределах выгрузки: входящих 1, исходящих 0, получено 5,000 ₸ (предварительно)",3,False,1,0,1,0,5000.0,0.0,0.0,конечный получатель в пределах выгрузки,1904
100000008043184100,terminal,0.5,0,0.3173932384341637,"конечный получатель в пределах выгрузки: входящих 1, исходящих 0, получено 50,564 ₸ (предварительно)",3,False,1,0,1,0,50564.0,0.0,0.0,конечный получатель в пределах выгрузки,1905
100000008050986100,peripheral,0.5,0,0.3173932384341637,"периферия, признаков роли не выявлено: входящих 1, исходящих 0, получено 95,000 ₸ (предварительно)",4,False,1,0,2,0,95000.0,0.0,0.0,"периферия, признаков роли не выявлено",1906
100000008055972100,terminal,0.5,1,0.3173932384341637,"конечный получатель в пределах выгрузки: входящих 1, исходящих 0, получено 28,300 ₸ (предварительно)",3,False,1,0,1,0,28300.0,0.0,0.0,конечный получатель в пределах выгрузки,1907
100000008060273100,terminal,0.5,0,0.3173932384341637,"конечный получатель в пределах выгрузки: входящих 1, исходящих 0, получено 10,000 ₸ (предварительно)",2,False,1,0,2,0,10000.0,0.0,0.0,конечный получатель в пределах выгрузки,1908
100000008066326100,terminal,0.5,0,0.3173932384341637,"конечный получатель в пределах выгрузки: входящих 1, исходящих 0, получено 19,320 ₸ (предварительно)",1,False,1,0,1,0,19320.0,0.0,0.0,конечный получатель в пределах выгрузки,1909
100000008070101100,terminal,0.5,0,0.3173932384341637,"конечный получатель в пределах выгрузки: входящих 1, исходящих 0, получено 100,000 ₸ (предварительно)",3,False,1,0,1,0,100000.0,0.0,0.0,конечный получатель в пределах выгрузки,1910
100000008071620100,terminal,0.5,0,0.3173932384341637,"конечный получатель в пределах выгрузки: входящих 1, исходящих 0, получено 46,968 ₸ (предварительно)",1,False,1,0,1,0,46968.0,0.0,0.0,конечный получатель в пределах выгрузки,1911
100000008071749100,peripheral,0.5,0,0.3173932384341637,"периферия, признаков роли не выявлено: входящих 1, исходящих 0, получено 24,943 ₸ (предварительно)",4,False,1,0,1,0,24943.0,0.0,0.0,"периферия, признаков роли не выявлено",1912
100000008074304100,peripheral,0.5,0,0.3173932384341637,"периферия, признаков роли не выявлено: входящих 1, исходящих 0, получено 5,500 ₸ (предварительно)",4,False,1,0,1,0,5500.0,0.0,0.0,"периферия, признаков роли не выявлено",1913
100000008077552100,terminal,0.5,0,0.3173932384341637,"конечный получатель в пределах выгрузки: входящих 1, исходящих 0, получено 214,000 ₸ (предварительно)",3,False,1,0,1,0,214000.0,0.0,0.0,конечный получатель в пределах выгрузки,1914
100000008086440100,transit,0.5,0,0.922153024911032,"признаки транзитного счёта: входящих 1, исходящих 5, получено 199,733 ₸ (предварительно)",3,False,1,5,1,6,199733.0,161300.0,0.8075781167859092,признаки транзитного счёта,189
100000008088082100,peripheral,0.5,0,0.6983985765124555,"периферия, признаков роли не выявлено: входящих 1, исходящих 1, получено 39,138 ₸ (предварительно)",3,False,1,1,1,1,39138.0,50000.0,1.2775307884920026,"периферия, признаков роли не выявлено",795
100000008094734100,terminal,0.5,0,0.8698843416370107,"конечный получатель в пределах выгрузки: входящих 4, исходящих 0, получено 236,249 ₸ (предварительно)",1,False,4,0,4,0,236249.0,0.0,0.0,конечный получатель в пределах выгрузки,319
100000008097580100,terminal,0.5,0,0.6983985765124555,"конечный получатель в пределах выгрузки: входящих 2, исходящих 0, получено 32,000 ₸ (предварительно)",3,False,2,0,4,0,32000.0,0.0,0.0,конечный получатель в пределах выгрузки,796
100000008104567100,peripheral,0.5,0,0.922153024911032,"периферия, признаков роли не выявлено: входящих 3, исходящих 3, получено 53,550 ₸ (предварительно)",2,False,3,3,3,4,53550.0,40000.0,0.7469654528478058,"периферия, признаков роли не выявлено",190
100000008106997100,peripheral,0.5,0,0.8111654804270463,"периферия, признаков роли не выявлено: входящих 2, исходящих 1, получено 35,600 ₸ (предварительно)",2,False,2,1,2,1,35600.0,20600.0,0.5786516853932584,"периферия, признаков роли не выявлено",499
100000008111003100,consolidator,0.5,0,0.9377224199288257,"признаки точки консолидации: входящих 6, исходящих 1, получено 222,716 ₸ (предварительно)",2,False,6,1,9,1,222716.0,35000.0,0.15715081089818422,признаки точки консолидации,148
100000008116374100,terminal,0.5,0,0.3173932384341637,"конечный получатель в пределах выгрузки: входящих 1, исходящих 0, получено 31,284 ₸ (предварительно)",1,False,1,0,1,0,31284.0,0.0,0.0,конечный получатель в пределах выгрузки,1915
100000008117324100,peripheral,0.5,30,0.004448398576512456,"периферия, признаков роли не выявлено: входящих 0, исходящих 0, получено 0 ₸ (предварительно)",0,True,0,0,0,0,0.0,0.0,,"периферия, признаков роли не выявлено",2244
100000008121806100,peripheral,0.5,0,0.900355871886121,"периферия, признаков роли не выявлено: входящих 1, исходящих 4, получено 67,000 ₸ (предварительно)",3,False,1,4,1,6,67000.0,248509.0,3.709089552238806,"периферия, признаков роли не выявлено",247
100000008129393100,terminal,0.5,9,0.3173932384341637,"конечный получатель в пределах выгрузки: входящих 1, исходящих 0, получено 10,000 ₸ (предварительно)",1,False,1,0,1,0,10000.0,0.0,0.0,конечный получатель в пределах выгрузки,1916
100000008130868100,peripheral,0.5,0,0.3173932384341637,"периферия, признаков роли не выявлено: входящих 1, исходящих 0, получено 22,782 ₸ (предварительно)",4,False,1,0,1,0,22782.0,0.0,0.0,"периферия, признаков роли не выявлено",1917
100000008136608100,peripheral,0.5,0,0.3173932384341637,"периферия, признаков роли не выявлено: входящих 1, исходящих 0, получено 170,000 ₸ (предварительно)",4,False,1,0,1,0,170000.0,0.0,0.0,"периферия, признаков роли не выявлено",1918
100000008137435100,peripheral,0.5,0,0.9497330960854092,"периферия, признаков роли не выявлено: входящих 2, исходящих 6, получено 93,906 ₸ (предварительно)",1,False,2,6,2,7,93906.0,1419700.0,15.118309799160864,"периферия, признаков роли не выявлено",123
100000008141170100,terminal,0.5,0,0.3173932384341637,"конечный получатель в пределах выгрузки: входящих 1, исходящих 0, получено 11,000 ₸ (предварительно)",2,False,1,0,1,0,11000.0,0.0,0.0,конечный получатель в пределах выгрузки,1919
100000008144528100,consolidator,0.5,0,0.900355871886121,"признаки точки консолидации: входящих 5, исходящих 0, получено 1,068,203 ₸ (предварительно)",2,False,5,0,13,0,1068202.6,0.0,0.0,признаки точки консолидации,248
100000008151098100,peripheral,0.5,0,0.3173932384341637,"периферия, признаков роли не выявлено: входящих 1, исходящих 0, получено 30,000 ₸ (предварительно)",4,False,1,0,1,0,30000.0,0.0,0.0,"периферия, признаков роли не выявлено",1920
100000008165763100,consolidator,0.5,0,0.9919928825622776,"признаки точки консолидации: входящих 15, исходящих 17, получено 1,165,815 ₸ (предварительно)",1,False,15,17,26,17,1165815.0,1267858.0,1.087529324978663,признаки точки консолидации,18
100000008168850100,peripheral,0.5,0,0.3173932384341637,"периферия, признаков роли не выявлено: входящих 1, исходящих 0, получено 187,910 ₸ (предварительно)",4,False,1,0,2,0,187910.0,0.0,0.0,"периферия, признаков роли не выявлено",1921
100000008169544100,peripheral,0.5,0,0.900355871886121,"периферия, признаков роли не выявлено: входящих 1, исходящих 4, получено 137,104 ₸ (предварительно)",1,False,1,4,2,7,137104.0,42800.0,0.31217178200490137,"периферия, признаков роли не выявлено",249
100000008172352100,peripheral,0.5,0,0.9621886120996441,"периферия, признаков роли не выявлено: входящих 3, исходящих 7, получено 90,265 ₸ (предварительно)",1,False,3,7,3,8,90265.0,289510.0,3.207333961114496,"периферия, признаков роли не выявлено",87
100000008172721100,peripheral,0.5,0,0.3173932384341637,"периферия, признаков роли не выявлено: входящих 1, исходящих 0, получено 168,335 ₸ (предварительно)",4,False,1,0,1,0,168335.0,0.0,0.0,"периферия, признаков роли не выявлено",1922
100000008173359100,terminal,0.5,0,0.3173932384341637,"конечный получатель в пределах выгрузки: входящих 1, исходящих 0, получено 6,110 ₸ (предварительно)",1,False,1,0,1,0,6110.0,0.0,0.0,конечный получатель в пределах выгрузки,1923
100000008174521100,terminal,0.5,0,0.3173932384341637,"конечный получатель в пределах выгрузки: входящих 1, исходящих 0, получено 82,110 ₸ (предварительно)",2,False,1,0,1,0,82110.0,0.0,0.0,конечный получатель в пределах выгрузки,1924
100000008175078100,peripheral,0.5,0,0.3173932384341637,"периферия, признаков роли не выявлено: входящих 1, исходящих 0, получено 1,846,711 ₸ (предварительно)",4,False,1,0,15,0,1846711.0,0.0,0.0,"периферия, признаков роли не выявлено",1925
100000008183752100,peripheral,0.5,0,0.3173932384341637,"периферия, признаков роли не выявлено: входящих 1, исходящих 0, получено 140,000 ₸ (предварительно)",4,False,1,0,1,0,140000.0,0.0,0.0,"периферия, признаков роли не выявлено",1926
100000008188026100,peripheral,0.5,0,0.922153024911032,"периферия, признаков роли не выявлено: входящих 2, исходящих 4, получено 86,468 ₸ (предварительно)",1,False,2,4,5,4,86468.0,337983.17,3.9087659018365173,"периферия, признаков роли не выявлено",191
100000008190411100,peripheral,0.5,0,0.3173932384341637,"периферия, признаков роли не выявлено: входящих 1, исходящих 0, получено 198,450 ₸ (предварительно)",4,False,1,0,12,0,198450.0,0.0,0.0,"периферия, признаков роли не выявлено",1927
100000008190442100,terminal,0.5,1,0.3173932384341637,"конечный получатель в пределах выгрузки: входящих 1, исходящих 0, получено 13,000 ₸ (предварительно)",3,False,1,0,1,0,13000.0,0.0,0.0,конечный получатель в пределах выгрузки,1928
100000008192264100,transit,0.5,0,0.6983985765124555,"признаки транзитного счёта: входящих 1, исходящих 1, получено 162,810 ₸ (предварительно)",3,False,1,1,1,2,162810.0,187910.0,1.1541674344327744,признаки транзитного счёта,797
100000008193258100,peripheral,0.5,0,0.6983985765124555,"периферия, признаков роли не выявлено: входящих 1, исходящих 1, получено 75,000 ₸ (предварительно)",3,False,1,1,2,1,75000.0,30000.0,0.4,"периферия, признаков роли не выявлено",798
100000008193577100,peripheral,0.5,4,0.9377224199288257,"периферия, признаков роли не выявлено: входящих 2, исходящих 5, получено 154,300 ₸ (предварительно)",1,False,2,5,6,16,154300.0,480180.0,3.1119896305897603,"периферия, признаков роли не выявлено",149
100000008200810100,terminal,0.5,0,0.3173932384341637,"конечный получатель в пределах выгрузки: входящих 1, исходящих 0, получено 475,000 ₸ (предварительно)",3,False,1,0,1,0,475000.0,0.0,0.0,конечный получатель в пределах выгрузки,1929
100000008205000100,peripheral,0.5,31,0.004448398576512456,"периферия, признаков роли не выявлено: входящих 0, исходящих 0, получено 0 ₸ (предварительно)",0,True,0,0,0,0,0.0,0.0,,"периферия, признаков роли не выявлено",2245
100000008205937100,terminal,0.5,0,0.3173932384341637,"конечный получатель в пределах выгрузки: входящих 1, исходящих 0, получено 35,000 ₸ (предварительно)",2,False,1,0,3,0,35000.0,0.0,0.0,конечный получатель в пределах выгрузки,1930
100000008213966100,peripheral,0.5,0,0.8698843416370107,"периферия, признаков роли не выявлено: входящих 3, исходящих 1, получено 187,004 ₸ (предварительно)",2,False,3,1,7,8,187004.0,436900.0,2.336313661739856,"периферия, признаков роли не выявлено",320
100000008219168100,terminal,0.5,0,0.3173932384341637,"конечный получатель в пределах выгрузки: входящих 1, исходящих 0, получено 53,200 ₸ (предварительно)",1,False,1,0,2,0,53200.0,0.0,0.0,конечный получатель в пределах выгрузки,1931
100000008221543100,terminal,0.5,0,0.6983985765124555,"конечный получатель в пределах выгрузки: входящих 2, исходящих 0, получено 542,000 ₸ (предварительно)",1,False,2,0,2,0,542000.0,0.0,0.0,конечный получатель в пределах выгрузки,799
100000008221765100,peripheral,0.5,0,0.3173932384341637,"периферия, признаков роли не выявлено: входящих 1, исходящих 0, получено 156,354 ₸ (предварительно)",4,False,1,0,1,0,156354.0,0.0,0.0,"периферия, признаков роли не выявлено",1932
100000008223661100,peripheral,0.5,0,0.9377224199288257,"периферия, признаков роли не выявлено: входящих 2, исходящих 5, получено 202,000 ₸ (предварительно)",3,False,2,5,2,5,202000.0,262580.0,1.29990099009901,"периферия, признаков роли не выявлено",150
100000008223756100,terminal,0.5,0,0.6983985765124555,"конечный получатель в пределах выгрузки: входящих 2, исходящих 0, получено 331,682 ₸ (предварительно)",3,False,2,0,2,0,331682.0,0.0,0.0,конечный получатель в пределах выгрузки,800
100000008229700100,peripheral,0.5,0,0.6983985765124555,"периферия, признаков роли не выявлено: входящих 1, исходящих 1, получено 23,500 ₸ (предварительно)",1,False,1,1,1,1,23500.0,7200.0,0.30638297872340425,"периферия, признаков роли не выявлено",801
100000008232832100,peripheral,0.5,0,0.6983985765124555,"периферия, признаков роли не выявлено: входящих 1, исходящих 1, получено 337,000 ₸ (предварительно)",1,False,1,1,2,1,337000.0,138000.0,0.4094955489614243,"периферия, признаков роли не выявлено",802
100000008237827100,terminal,0.5,0,0.3173932384341637,"конечный получатель в пределах выгрузки: входящих 1, исходящих 0, получено 40,001 ₸ (предварительно)",1,False,1,0,1,0,40001.0,0.0,0.0,конечный получатель в пределах выгрузки,1933
100000008238112100,terminal,0.5,0,0.3173932384341637,"конечный получатель в пределах выгрузки: входящих 1, исходящих 0, получено 190,000 ₸ (предварительно)",3,False,1,0,1,0,190000.0,0.0,0.0,конечный получатель в пределах выгрузки,1934
100000008238989100,terminal,0.5,0,0.3173932384341637,"конечный получатель в пределах выгрузки: входящих 1, исходящих 0, получено 200,000 ₸ (предварительно)",2,False,1,0,2,0,200000.0,0.0,0.0,конечный получатель в пределах выгрузки,1935
100000008244300100,consolidator,0.5,0,0.900355871886121,"признаки точки консолидации: входящих 5, исходящих 0, получено 65,430 ₸ (предварительно)",1,False,5,0,6,0,65430.0,0.0,0.0,признаки точки консолидации,250
100000008251939100,peripheral,0.5,0,0.3173932384341637,"периферия, признаков роли не выявлено: входящих 1, исходящих 0, получено 44,360 ₸ (предварительно)",4,False,1,0,1,0,44360.0,0.0,0.0,"периферия, признаков роли не выявлено",1936
100000008254069100,peripheral,0.5,0,0.922153024911032,"периферия, признаков роли не выявлено: входящих 1, исходящих 5, получено 10,200 ₸ (предварительно)",2,False,1,5,2,6,10200.0,107500.0,10.53921568627451,"периферия, признаков роли не выявлено",192
100000008254576100,peripheral,0.5,0,0.6983985765124555,"периферия, признаков роли не выявлено: входящих 1, исходящих 1, получено 8,000 ₸ (предварительно)",3,False,1,1,1,1,8000.0,60000.0,7.5,"периферия, признаков роли не выявлено",803
100000008255655100,peripheral,0.5,0,0.3173932384341637,"периферия, признаков роли не выявлено: входящих 1, исходящих 0, получено 5,400 ₸ (предварительно)",4,False,1,0,1,0,5400.0,0.0,0.0,"периферия, признаков роли не выявлено",1937
100000008258083100,peripheral,0.5,0,0.8698843416370107,"периферия, признаков роли не выявлено: входящих 2, исходящих 2, получено 3,149,500 ₸ (предварительно)",2,False,2,2,13,6,3149500.0,2045650.0,0.6495157961581204,"периферия, признаков роли не выявлено",321
100000008258458100,peripheral,0.5,0,0.8111654804270463,"периферия, признаков роли не выявлено: входящих 1, исходящих 2, получено 19,000 ₸ (предварительно)",3,False,1,2,1,4,19000.0,1557988.0,81.99936842105264,"периферия, признаков роли не выявлено",500
100000008259451100,terminal,0.5,0,0.3173932384341637,"конечный получатель в пределах выгрузки: входящих 1, исходящих 0, получено 55,000 ₸ (предварительно)",3,False,1,0,1,0,55000.0,0.0,0.0,конечный получатель в пределах выгрузки,1938
100000008279405100,terminal,0.5,0,0.3173932384341637,"конечный получатель в пределах выгрузки: входящих 1, исходящих 0, получено 234,738 ₸ (предварительно)",3,False,1,0,2,0,234738.0,0.0,0.0,конечный получатель в пределах выгрузки,1939
100000008283183100,terminal,0.5,1,0.3173932384341637,"конечный получатель в пределах выгрузки: входящих 1, исходящих 0, получено 29,000 ₸ (предварительно)",2,False,1,0,1,0,29000.0,0.0,0.0,конечный получатель в пределах выгрузки,1940
100000008289539100,terminal,0.5,0,0.3173932384341637,"конечный получатель в пределах выгрузки: входящих 1, исходящих 0, получено 14,912 ₸ (предварительно)",2,False,1,0,1,0,14912.0,0.0,0.0,конечный получатель в пределах выгрузки,1941
100000008293431100,peripheral,0.5,0,0.922153024911032,"периферия, признаков роли не выявлено: входящих 1, исходящих 5, получено 15,000 ₸ (предварительно)",3,False,1,5,1,7,15000.0,297000.0,19.8,"периферия, признаков роли не выявлено",193
100000008295429100,terminal,0.5,0,0.3173932384341637,"конечный получатель в пределах выгрузки: входящих 1, исходящих 0, получено 352,000 ₸ (предварительно)",3,False,1,0,1,0,352000.0,0.0,0.0,конечный получатель в пределах выгрузки,1942
100000008297199100,terminal,0.5,0,0.3173932384341637,"конечный получатель в пределах выгрузки: входящих 1, исходящих 0, получено 42,268 ₸ (предварительно)",3,False,1,0,1,0,42268.0,0.0,0.0,конечный получатель в пределах выгрузки,1943
100000008304115100,terminal,0.5,0,0.3173932384341637,"конечный получатель в пределах выгрузки: входящих 1, исходящих 0, получено 51,000 ₸ (предварительно)",1,False,1,0,1,0,51000.0,0.0,0.0,конечный получатель в пределах выгрузки,1944
100000008304139100,distributor,0.5,0,0.9902135231316725,"признаки веерного распределения: входящих 4, исходящих 24, получено 189,330 ₸ (предварительно)",1,False,4,24,4,43,189329.75,1692997.0,8.942054801213228,признаки веерного распределения,23
100000008306857100,terminal,0.5,0,0.3173932384341637,"конечный получатель в пределах выгрузки: входящих 1, исходящих 0, получено 125,000 ₸ (предварительно)",3,False,1,0,1,0,125000.0,0.0,0.0,конечный получатель в пределах выгрузки,1945
100000008308418100,peripheral,0.5,0,0.3173932384341637,"периферия, признаков роли не выявлено: входящих 1, исходящих 0, получено 50,000 ₸ (предварительно)",4,False,1,0,1,0,50000.0,0.0,0.0,"периферия, признаков роли не выявлено",1946
100000008309514100,terminal,0.5,1,0.3173932384341637,"конечный получатель в пределах выгрузки: входящих 1, исходящих 0, получено 17,200 ₸ (предварительно)",3,False,1,0,1,0,17200.0,0.0,0.0,конечный получатель в пределах выгрузки,1947
100000008314203100,peripheral,0.5,0,0.8698843416370107,"периферия, признаков роли не выявлено: входящих 2, исходящих 2, получено 382,076 ₸ (предварительно)",0,True,2,2,10,13,382076.0,327000.0,0.8558506684533967,"периферия, признаков роли не выявлено",322
100000008314863100,terminal,0.5,0,0.3173932384341637,"конечный получатель в пределах выгрузки: входящих 1, исходящих 0, получено 12,000 ₸ (предварительно)",3,False,1,0,1,0,12000.0,0.0,0.0,конечный получатель в пределах выгрузки,1948
100000008321975100,peripheral,0.5,0,0.3173932384341637,"периферия, признаков роли не выявлено: входящих 1, исходящих 0, получено 5,900 ₸ (предварительно)",4,False,1,0,1,0,5900.0,0.0,0.0,"периферия, признаков роли не выявлено",1949
100000008324800100,transit,0.5,0,0.8698843416370107,"признаки транзитного счёта: входящих 3, исходящих 1, получено 526,500 ₸ (предварительно)",2,False,3,1,17,13,526500.0,511000.0,0.9705603038936372,признаки транзитного счёта,323
100000008327791100,peripheral,0.5,0,0.3173932384341637,"периферия, признаков роли не выявлено: входящих 1, исходящих 0, получено 11,000 ₸ (предварительно)",4,False,1,0,1,0,11000.0,0.0,0.0,"периферия, признаков роли не выявлено",1950
100000008331280100,peripheral,0.5,0,0.3173932384341637,"периферия, признаков роли не выявлено: входящих 1, исходящих 0, получено 41,000 ₸ (предварительно)",4,False,1,0,2,0,41000.0,0.0,0.0,"периферия, признаков роли не выявлено",1951
100000008332511100,terminal,0.5,0,0.3173932384341637,"конечный получатель в пределах выгрузки: входящих 1, исходящих 0, получено 100,000 ₸ (предварительно)",3,False,1,0,1,0,100000.0,0.0,0.0,конечный получатель в пределах выгрузки,1952
100000008333492100,peripheral,0.5,0,0.3173932384341637,"периферия, признаков роли не выявлено: входящих 1, исходящих 0, получено 216,400 ₸ (предварительно)",4,False,1,0,1,0,216400.0,0.0,0.0,"периферия, признаков роли не выявлено",1953
100000008335401100,terminal,0.5,0,0.3173932384341637,"конечный получатель в пределах выгрузки: входящих 1, исходящих 0, получено 150,000 ₸ (предварительно)",2,False,1,0,3,0,150000.0,0.0,0.0,конечный получатель в пределах выгрузки,1954
100000008336318100,peripheral,0.5,0,0.3173932384341637,"периферия, признаков роли не выявлено: входящих 1, исходящих 0, получено 170,000 ₸ (предварительно)",4,False,1,0,1,0,170000.0,0.0,0.0,"периферия, признаков роли не выявлено",1955
100000008337304100,peripheral,0.5,0,0.3173932384341637,"периферия, признаков роли не выявлено: входящих 1, исходящих 0, получено 105,465 ₸ (предварительно)",4,False,1,0,2,0,105465.0,0.0,0.0,"периферия, признаков роли не выявлено",1956
100000008343415100,peripheral,0.5,0,0.3173932384341637,"периферия, признаков роли не выявлено: входящих 1, исходящих 0, получено 100,000 ₸ (предварительно)",4,False,1,0,3,0,100000.0,0.0,0.0,"периферия, признаков роли не выявлено",1957
100000008343874100,peripheral,0.5,0,0.8698843416370107,"периферия, признаков роли не выявлено: входящих 2, исходящих 2, получено 283,535 ₸ (предварительно)",3,False,2,2,2,5,283535.0,176400.0,0.6221454141464017,"периферия, признаков роли не выявлено",324
100000008346837100,consolidator,0.5,0,0.9928825622775801,"признаки точки консолидации: входящих 9, исходящих 25, получено 254,359 ₸ (предварительно)",2,False,9,25,12,26,254359.0,1258643.0,4.948293553599441,признаки точки консолидации,17
100000008349675100,peripheral,0.5,0,0.6983985765124555,"периферия, признаков роли не выявлено: входящих 1, исходящих 1, получено 46,520 ₸ (предварительно)",1,False,1,1,1,2,46520.0,36650.0,0.7878331900257953,"периферия, признаков роли не выявлено",804
100000008349740100,peripheral,0.5,0,0.3173932384341637,"периферия, признаков роли не выявлено: входящих 1, исходящих 0, получено 70,000 ₸ (предварительно)",4,False,1,0,2,0,70000.0,0.0,0.0,"периферия, признаков роли не выявлено",1958
100000008352542100,terminal,0.5,0,0.3173932384341637,"конечный получатель в пределах выгрузки: входящих 1, исходящих 0, получено 50,220 ₸ (предварительно)",2,False,1,0,1,0,50220.0,0.0,0.0,конечный получатель в пределах выгрузки,1959
100000008356606100,terminal,0.5,0,0.6983985765124555,"конечный получатель в пределах выгрузки: входящих 2, исходящих 0, получено 168,500 ₸ (предварительно)",2,False,2,0,2,0,168500.0,0.0,0.0,конечный получатель в пределах выгрузки,805
100000008376089100,terminal,0.5,0,0.3173932384341637,"конечный получатель в пределах выгрузки: входящих 1, исходящих 0, получено 135,000 ₸ (предварительно)",2,False,1,0,1,0,135000.0,0.0,0.0,конечный получатель в пределах выгрузки,1960
100000008376785100,peripheral,0.5,0,0.3173932384341637,"периферия, признаков роли не выявлено: входящих 1, исходящих 0, получено 234,250 ₸ (предварительно)",4,False,1,0,2,0,234250.0,0.0,0.0,"периферия, признаков роли не выявлено",1961
100000008379273100,transit,0.5,0,0.922153024911032,"признаки транзитного счёта: входящих 2, исходящих 4, получено 36,000 ₸ (предварительно)",3,False,2,4,2,4,36000.0,38000.0,1.0555555555555556,признаки транзитного счёта,194
100000008383405100,terminal,0.5,0,0.3173932384341637,"конечный получатель в пределах выгрузки: входящих 1, исходящих 0, получено 25,000 ₸ (предварительно)",1,False,1,0,2,0,25000.0,0.0,0.0,конечный получатель в пределах выгрузки,1962
100000008388049100,terminal,0.5,0,0.3173932384341637,"конечный получатель в пределах выгрузки: входящих 1, исходящих 0, получено 496,400 ₸ (предварительно)",3,False,1,0,1,0,496400.0,0.0,0.0,конечный получатель в пределах выгрузки,1963
100000008389800100,peripheral,0.5,0,0.9621886120996441,"периферия, признаков роли не выявлено: входящих 3, исходящих 7, получено 189,000 ₸ (предварительно)",2,False,3,7,3,8,189000.0,401620.0,2.124973544973545,"периферия, признаков роли не выявлено",88
100000008405209100,terminal,0.5,0,0.3173932384341637,"конечный получатель в пределах выгрузки: входящих 1, исходящих 0, получено 54,400 ₸ (предварительно)",3,False,1,0,1,0,54400.0,0.0,0.0,конечный получатель в пределах выгрузки,1964
100000008406609100,terminal,0.5,0,0.3173932384341637,"конечный получатель в пределах выгрузки: входящих 1, исходящих 0, получено 34,000 ₸ (предварительно)",2,False,1,0,1,0,34000.0,0.0,0.0,конечный получатель в пределах выгрузки,1965
100000008413748100,distributor,0.5,0,0.9850978647686833,"признаки веерного распределения: входящих 2, исходящих 18, получено 26,480 ₸ (предварительно)",2,False,2,18,2,21,26480.0,1377320.22,52.01360347432024,признаки веерного распределения,34
100000008416433100,terminal,0.5,0,0.3173932384341637,"конечный получатель в пределах выгрузки: входящих 1, исходящих 0, получено 20,000 ₸ (предварительно)",3,False,1,0,1,0,20000.0,0.0,0.0,конечный получатель в пределах выгрузки,1966
100000008417029100,terminal,0.5,0,0.3173932384341637,"конечный получатель в пределах выгрузки: входящих 1, исходящих 0, получено 100,000 ₸ (предварительно)",3,False,1,0,1,0,100000.0,0.0,0.0,конечный получатель в пределах выгрузки,1967
100000008417359100,peripheral,0.5,0,0.8111654804270463,"периферия, признаков роли не выявлено: входящих 1, исходящих 2, получено 40,810 ₸ (предварительно)",3,False,1,2,2,3,40810.0,110760.0,2.714040676304827,"периферия, признаков роли не выявлено",501
100000008418835100,peripheral,0.5,0,0.900355871886121,"периферия, признаков роли не выявлено: входящих 1, исходящих 4, получено 1,372,000 ₸ (предварительно)",0,True,1,4,67,6,1372000.0,186179.0,0.13569897959183674,"периферия, признаков роли не выявлено",251
100000008418934100,terminal,0.5,0,0.3173932384341637,"конечный получатель в пределах выгрузки: входящих 1, исходящих 0, получено 360,000 ₸ (предварительно)",2,False,1,0,1,0,360000.0,0.0,0.0,конечный получатель в пределах выгрузки,1968
100000008422226100,terminal,0.5,0,0.3173932384341637,"конечный получатель в пределах выгрузки: входящих 1, исходящих 0, получено 87,450 ₸ (предварительно)",3,False,1,0,1,0,87450.0,0.0,0.0,конечный получатель в пределах выгрузки,1969
100000008427027100,terminal,0.5,0,0.3173932384341637,"конечный получатель в пределах выгрузки: входящих 1, исходящих 0, получено 300,000 ₸ (предварительно)",3,False,1,0,1,0,300000.0,0.0,0.0,конечный получатель в пределах выгрузки,1970
100000008430691100,peripheral,0.5,0,0.8111654804270463,"периферия, признаков роли не выявлено: входящих 1, исходящих 2, получено 20,000 ₸ (предварительно)",3,False,1,2,1,2,20000.0,604900.0,30.245,"периферия, признаков роли не выявлено",502
100000008432942100,terminal,0.5,0,0.3173932384341637,"конечный получатель в пределах выгрузки: входящих 1, исходящих 0, получено 44,542 ₸ (предварительно)",3,False,1,0,2,0,44542.0,0.0,0.0,конечный получатель в пределах выгрузки,1971
100000008436257100,terminal,0.5,0,0.6983985765124555,"конечный получатель в пределах выгрузки: входящих 2, исходящих 0, получено 35,000 ₸ (предварительно)",3,False,2,0,2,0,35000.0,0.0,0.0,конечный получатель в пределах выгрузки,806
100000008438656100,peripheral,0.5,0,0.8111654804270463,"периферия, признаков роли не выявлено: входящих 2, исходящих 1, получено 80,000 ₸ (предварительно)",1,False,2,1,2,1,80000.0,5000.0,0.0625,"периферия, признаков роли не выявлено",503
100000008443341100,peripheral,0.5,0,0.900355871886121,"периферия, признаков роли не выявлено: входящих 2, исходящих 3, получено 34,500 ₸ (предварительно)",1,False,2,3,2,4,34500.0,50000.0,1.4492753623188406,"периферия, признаков роли не выявлено",252
100000008454065100,terminal,0.5,0,0.3173932384341637,"конечный получатель в пределах выгрузки: входящих 1, исходящих 0, получено 24,050 ₸ (предварительно)",3,False,1,0,1,0,24050.0,0.0,0.0,конечный получатель в пределах выгрузки,1972
100000008459449100,terminal,0.5,0,0.3173932384341637,"конечный получатель в пределах выгрузки: входящих 1, исходящих 0, получено 53,700 ₸ (предварительно)",3,False,1,0,1,0,53700.0,0.0,0.0,конечный получатель в пределах выгрузки,1973
100000008460102100,distributor,0.5,0,0.9919928825622776,"признаки веерного распределения: входящих 1, исходящих 31, получено 17,500 ₸ (предварительно)",3,False,1,31,1,34,17500.0,476570.0,27.23257142857143,признаки веерного распределения,19
100000008461217100,peripheral,0.5,0,0.3173932384341637,"периферия, признаков роли не выявлено: входящих 1, исходящих 0, получено 18,000 ₸ (предварительно)",4,False,1,0,1,0,18000.0,0.0,0.0,"периферия, признаков роли не выявлено",1974
100000008461532100,peripheral,0.5,0,0.9621886120996441,"периферия, признаков роли не выявлено: входящих 2, исходящих 8, получено 565,300 ₸ (предварительно)",2,False,2,8,2,9,565300.0,2530090.0,4.475658942154608,"периферия, признаков роли не выявлено",89
100000008463968100,terminal,0.5,1,0.3173932384341637,"конечный получатель в пределах выгрузки: входящих 1, исходящих 0, получено 10,000 ₸ (предварительно)",3,False,1,0,1,0,10000.0,0.0,0.0,конечный получатель в пределах выгрузки,1975
100000008465789100,distributor,0.5,0,0.9830960854092526,"признаки веерного распределения: входящих 1, исходящих 16, получено 30,099 ₸ (предварительно)",3,False,1,16,1,17,30099.0,1858100.0,61.732947938469714,признаки веерного распределения,40
100000008466579100,distributor,0.5,0,0.9842081850533808,"признаки веерного распределения: входящих 2, исходящих 17, получено 36,952 ₸ (предварительно)",2,False,2,17,2,20,36952.0,1933000.0,52.31110630006495,признаки веерного распределения,37
100000008468762100,terminal,0.5,0,0.6983985765124555,"конечный получатель в пределах выгрузки: входящих 2, исходящих 0, получено 170,000 ₸ (предварительно)",3,False,2,0,2,0,170000.0,0.0,0.0,конечный получатель в пределах выгрузки,807
100000008469048100,peripheral,0.5,0,0.3173932384341637,"периферия, признаков роли не выявлено: входящих 1, исходящих 0, получено 265,200 ₸ (предварительно)",4,False,1,0,7,0,265200.0,0.0,0.0,"периферия, признаков роли не выявлено",1976
100000008470470100,terminal,0.5,1,0.3173932384341637,"конечный получатель в пределах выгрузки: входящих 1, исходящих 0, получено 33,547 ₸ (предварительно)",1,False,1,0,1,0,33547.0,0.0,0.0,конечный получатель в пределах выгрузки,1977
100000008471634100,peripheral,0.5,0,0.3173932384341637,"периферия, признаков роли не выявлено: входящих 1, исходящих 0, получено 20,000 ₸ (предварительно)",4,False,1,0,1,0,20000.0,0.0,0.0,"периферия, признаков роли не выявлено",1978
100000008472324100,terminal,0.5,0,0.3173932384341637,"конечный получатель в пределах выгрузки: входящих 1, исходящих 0, получено 205,200 ₸ (предварительно)",3,False,1,0,1,0,205200.0,0.0,0.0,конечный получатель в пределах выгрузки,1979
100000008473207100,terminal,0.5,0,0.3173932384341637,"конечный получатель в пределах выгрузки: входящих 1, исходящих 0, получено 202,000 ₸ (предварительно)",2,False,1,0,4,0,202000.0,0.0,0.0,конечный получатель в пределах выгрузки,1980
100000008473765100,terminal,0.5,0,0.3173932384341637,"конечный получатель в пределах выгрузки: входящих 1, исходящих 0, получено 30,000 ₸ (предварительно)",3,False,1,0,1,0,30000.0,0.0,0.0,конечный получатель в пределах выгрузки,1981
100000008474308100,peripheral,0.5,0,0.6983985765124555,"периферия, признаков роли не выявлено: входящих 1, исходящих 1, получено 14,000 ₸ (предварительно)",2,False,1,1,2,1,14000.0,10000.0,0.7142857142857143,"периферия, признаков роли не выявлено",808
100000008474391100,terminal,0.5,0,0.3173932384341637,"конечный получатель в пределах выгрузки: входящих 1, исходящих 0, получено 20,000 ₸ (предварительно)",3,False,1,0,1,0,20000.0,0.0,0.0,конечный получатель в пределах выгрузки,1982
100000008477350100,consolidator,0.5,0,0.9959964412811388,"признаки точки консолидации: входящих 11, исходящих 39, получено 610,100 ₸ (предварительно)",2,False,11,39,14,44,610100.0,3374866.0,5.531660383543682,признаки точки консолидации,10
100000008478414100,terminal,0.5,1,0.3173932384341637,"конечный получатель в пределах выгрузки: входящих 1, исходящих 0, получено 10,000 ₸ (предварительно)",2,False,1,0,1,0,10000.0,0.0,0.0,конечный получатель в пределах выгрузки,1983
100000008486520100,peripheral,0.5,0,0.6983985765124555,"периферия, признаков роли не выявлено: входящих 1, исходящих 1, получено 35,720 ₸ (предварительно)",1,False,1,1,2,1,35720.0,14000.0,0.3919372900335946,"периферия, признаков роли не выявлено",809
100000008488166100,terminal,0.5,1,0.3173932384341637,"конечный получатель в пределах выгрузки: входящих 1, исходящих 0, получено 5,600 ₸ (предварительно)",3,False,1,0,1,0,5600.0,0.0,0.0,конечный получатель в пределах выгрузки,1984
100000008489604100,terminal,0.5,1,0.3173932384341637,"конечный получатель в пределах выгрузки: входящих 1, исходящих 0, получено 11,000 ₸ (предварительно)",3,False,1,0,1,0,11000.0,0.0,0.0,конечный получатель в пределах выгрузки,1985
100000008489922100,distributor,0.5,0,0.9948843416370107,"признаки веерного распределения: входящих 3, исходящих 36, получено 262,010 ₸ (предварительно)",3,False,3,36,5,41,262010.0,3789900.0,14.464715087210411,признаки веерного распределения,13
100000008490127100,peripheral,0.5,0,0.9377224199288257,"периферия, признаков роли не выявлено: входящих 1, исходящих 6, получено 431,755 ₸ (предварительно)",3,False,1,6,2,9,431755.0,923000.0,2.137786476126507,"периферия, признаков роли не выявлено",151
100000008491390100,terminal,0.5,0,0.3173932384341637,"конечный получатель в пределах выгрузки: входящих 1, исходящих 0, получено 36,000 ₸ (предварительно)",3,False,1,0,1,0,36000.0,0.0,0.0,конечный получатель в пределах выгрузки,1986
100000008493007100,transit,0.5,1,0.6983985765124555,"признаки транзитного счёта: входящих 1, исходящих 1, получено 26,150 ₸ (предварительно)",3,False,1,1,1,1,26150.0,26150.0,1.0,признаки транзитного счёта,810
100000008497298100,terminal,0.5,0,0.3173932384341637,"конечный получатель в пределах выгрузки: входящих 1, исходящих 0, получено 600,000 ₸ (предварительно)",2,False,1,0,1,0,600000.0,0.0,0.0,конечный получатель в пределах выгрузки,1987
100000008501413100,transit,0.5,0,0.6983985765124555,"признаки транзитного счёта: входящих 1, исходящих 1, получено 5,000 ₸ (предварительно)",3,False,1,1,1,1,5000.0,5100.0,1.02,признаки транзитного счёта,811
100000008502995100,terminal,0.5,0,0.3173932384341637,"конечный получатель в пределах выгрузки: входящих 1, исходящих 0, получено 25,000 ₸ (предварительно)",3,False,1,0,2,0,25000.0,0.0,0.0,конечный получатель в пределах выгрузки,1988
100000008503177100,terminal,0.5,0,0.3173932384341637,"конечный получатель в пределах выгрузки: входящих 1, исходящих 0, получено 33,951 ₸ (предварительно)",3,False,1,0,1,0,33951.0,0.0,0.0,конечный получатель в пределах выгрузки,1989
100000008507703100,terminal,0.5,1,0.3173932384341637,"конечный получатель в пределах выгрузки: входящих 1, исходящих 0, получено 28,500 ₸ (предварительно)",3,False,1,0,1,0,28500.0,0.0,0.0,конечный получатель в пределах выгрузки,1990
100000008512552100,peripheral,0.5,0,0.9621886120996441,"периферия, признаков роли не выявлено: входящих 4, исходящих 6, получено 394,360 ₸ (предварительно)",2,False,4,6,9,11,394360.0,1302275.0,3.3022492139162187,"периферия, признаков роли не выявлено",90
100000008512827100,distributor,0.5,0,0.9737544483985765,"признаки веерного распределения: входящих 3, исходящих 10, получено 107,949 ₸ (предварительно)",2,False,3,10,3,10,107949.0,1944500.0,18.01313583266172,признаки веерного распределения,60
100000008513251100,peripheral,0.5,32,0.004448398576512456,"периферия, признаков роли не выявлено: входящих 0, исходящих 0, получено 0 ₸ (предварительно)",0,True,0,0,0,0,0.0,0.0,,"периферия, признаков роли не выявлено",2246
100000008514970100,peripheral,0.5,0,0.6983985765124555,"периферия, признаков роли не выявлено: входящих 1, исходящих 1, получено 379,966 ₸ (предварительно)",3,False,1,1,1,1,379966.0,31000.0,0.0815862471905381,"периферия, признаков роли не выявлено",812
100000008516839100,terminal,0.5,0,0.8111654804270463,"конечный получатель в пределах выгрузки: входящих 3, исходящих 0, получено 155,000 ₸ (предварительно)",0,True,3,0,4,0,155000.0,0.0,0.0,конечный получатель в пределах выгрузки,504
100000008517061100,peripheral,0.5,0,0.3173932384341637,"периферия, признаков роли не выявлено: входящих 1, исходящих 0, получено 1,844,000 ₸ (предварительно)",4,False,1,0,4,0,1844000.0,0.0,0.0,"периферия, признаков роли не выявлено",1991
100000008517538100,distributor,0.5,0,0.9850978647686833,"признаки веерного распределения: входящих 3, исходящих 17, получено 155,500 ₸ (предварительно)",3,False,3,17,6,18,155500.0,1439000.0,9.254019292604502,признаки веерного распределения,35
100000008522127100,peripheral,0.5,0,0.3173932384341637,"периферия, признаков роли не выявлено: входящих 0, исходящих 1, получено 0 ₸ (предварительно)",0,True,0,1,0,3,0.0,145000.0,,"периферия, признаков роли не выявлено",1992
100000008524903100,peripheral,0.5,0,0.3173932384341637,"периферия, признаков роли не выявлено: входящих 1, исходящих 0, получено 15,000 ₸ (предварительно)",4,False,1,0,1,0,15000.0,0.0,0.0,"периферия, признаков роли не выявлено",1993
100000008525136100,peripheral,0.5,0,0.3173932384341637,"периферия, признаков роли не выявлено: входящих 1, исходящих 0, получено 14,100 ₸ (предварительно)",4,False,1,0,1,0,14100.0,0.0,0.0,"периферия, признаков роли не выявлено",1994
100000008531133100,peripheral,0.5,0,0.8698843416370107,"периферия, признаков роли не выявлено: входящих 1, исходящих 3, получено 25,000 ₸ (предварительно)",2,False,1,3,1,3,25000.0,158271.68,6.3308672,"периферия, признаков роли не выявлено",325
100000008531186100,terminal,0.5,0,0.3173932384341637,"конечный получатель в пределах выгрузки: входящих 1, исходящих 0, получено 125,000 ₸ (предварительно)",2,False,1,0,1,0,125000.0,0.0,0.0,конечный получатель в пределах выгрузки,1995
100000008532050100,terminal,0.5,0,0.3173932384341637,"конечный получатель в пределах выгрузки: входящих 1, исходящих 0, получено 455,156 ₸ (предварительно)",3,False,1,0,1,0,455156.0,0.0,0.0,конечный получатель в пределах выгрузки,1996
100000008536546100,terminal,0.5,0,0.6983985765124555,"конечный получатель в пределах выгрузки: входящих 2, исходящих 0, получено 250,000 ₸ (предварительно)",3,False,2,0,2,0,250000.0,0.0,0.0,конечный получатель в пределах выгрузки,813
100000008537380100,terminal,0.5,1,0.3173932384341637,"конечный получатель в пределах выгрузки: входящих 1, исходящих 0, получено 8,000 ₸ (предварительно)",3,False,1,0,1,0,8000.0,0.0,0.0,конечный получатель в пределах выгрузки,1997
100000008545727100,peripheral,0.5,0,0.9377224199288257,"периферия, признаков роли не выявлено: входящих 1, исходящих 6, получено 30,000 ₸ (предварительно)",2,False,1,6,1,7,30000.0,1866500.0,62.21666666666667,"периферия, признаков роли не выявлено",152
100000008546855100,consolidator,0.5,0,0.9497330960854092,"признаки точки консолидации: входящих 6, исходящих 2, получено 71,790 ₸ (предварительно)",2,False,6,2,8,2,71790.0,10000.0,0.1392951664577239,признаки точки консолидации,124
100000008547295100,terminal,0.5,0,0.3173932384341637,"конечный получатель в пределах выгрузки: входящих 1, исходящих 0, получено 15,000 ₸ (предварительно)",3,False,1,0,1,0,15000.0,0.0,0.0,конечный получатель в пределах выгрузки,1998
100000008547844100,distributor,0.5,0,0.986432384341637,"признаки веерного распределения: входящих 3, исходящих 19, получено 177,600 ₸ (предварительно)",2,False,3,19,3,21,177600.0,2042199.0,11.498868243243244,признаки веерного распределения,32
100000008547948100,consolidator,0.5,0,0.9919928825622776,"признаки точки консолидации: входящих 6, исходящих 26, получено 212,665 ₸ (предварительно)",2,False,6,26,7,31,212665.0,5185600.0,24.383890155878966,признаки точки консолидации,20
100000008548853100,terminal,0.5,1,0.3173932384341637,"конечный получатель в пределах выгрузки: входящих 1, исходящих 0, получено 14,000 ₸ (предварительно)",3,False,1,0,1,0,14000.0,0.0,0.0,конечный получатель в пределах выгрузки,1999
100000008551752100,peripheral,0.5,0,0.3173932384341637,"периферия, признаков роли не выявлено: входящих 1, исходящих 0, получено 406,000 ₸ (предварительно)",4,False,1,0,2,0,406000.0,0.0,0.0,"периферия, признаков роли не выявлено",2000
100000008554390100,peripheral,0.5,0,0.3173932384341637,"периферия, признаков роли не выявлено: входящих 1, исходящих 0, получено 14,000 ₸ (предварительно)",4,False,1,0,1,0,14000.0,0.0,0.0,"периферия, признаков роли не выявлено",2001
100000008555233100,terminal,0.5,0,0.3173932384341637,"конечный получатель в пределах выгрузки: входящих 1, исходящих 0, получено 440,600 ₸ (предварительно)",3,False,1,0,1,0,440600.0,0.0,0.0,конечный получатель в пределах выгрузки,2002
100000008555918100,peripheral,0.5,0,0.8111654804270463,"периферия, признаков роли не выявлено: входящих 1, исходящих 2, получено 139,211 ₸ (предварительно)",1,False,1,2,1,2,139211.0,43300.0,0.3110386391879952,"периферия, признаков роли не выявлено",505
100000008556318100,terminal,0.5,0,0.6983985765124555,"конечный получатель в пределах выгрузки: входящих 2, исходящих 0, получено 180,132 ₸ (предварительно)",1,False,2,0,2,0,180132.0,0.0,0.0,конечный получатель в пределах выгрузки,814
100000008557672100,terminal,0.5,1,0.3173932384341637,"конечный получатель в пределах выгрузки: входящих 1, исходящих 0, получено 49,125 ₸ (предварительно)",2,False,1,0,1,0,49125.0,0.0,0.0,конечный получатель в пределах выгрузки,2003
100000008560263100,peripheral,0.5,0,0.3173932384341637,"периферия, признаков роли не выявлено: входящих 1, исходящих 0, получено 100,000 ₸ (предварительно)",4,False,1,0,1,0,100000.0,0.0,0.0,"периферия, признаков роли не выявлено",2004
100000008560717100,consolidator,0.5,0,0.9497330960854092,"признаки точки консолидации: входящих 7, исходящих 1, получено 529,000 ₸ (предварительно)",1,False,7,1,9,1,529000.0,25000.0,0.04725897920604915,признаки точки консолидации,125
100000008561016100,transit,0.5,0,0.6983985765124555,"признаки транзитного счёта: входящих 1, исходящих 1, получено 180,000 ₸ (предварительно)",3,False,1,1,2,4,180000.0,185000.0,1.0277777777777777,признаки транзитного счёта,815
100000008566737100,terminal,0.5,0,0.6983985765124555,"конечный получатель в пределах выгрузки: входящих 2, исходящих 0, получено 230,000 ₸ (предварительно)",1,False,2,0,2,0,230000.0,0.0,0.0,конечный получатель в пределах выгрузки,816
100000008568512100,terminal,0.5,0,0.3173932384341637,"конечный получатель в пределах выгрузки: входящих 1, исходящих 0, получено 199,640 ₸ (предварительно)",3,False,1,0,1,0,199640.0,0.0,0.0,конечный получатель в пределах выгрузки,2005
100000008571243100,terminal,0.5,0,0.3173932384341637,"конечный получатель в пределах выгрузки: входящих 1, исходящих 0, получено 134,000 ₸ (предварительно)",3,False,1,0,1,0,134000.0,0.0,0.0,конечный получатель в пределах выгрузки,2006
100000008571433100,peripheral,0.5,8,0.8698843416370107,"периферия, признаков роли не выявлено: входящих 2, исходящих 2, получено 350,000 ₸ (предварительно)",0,True,2,2,2,3,350000.0,1434000.0,4.097142857142857,"периферия, признаков роли не выявлено",326
100000008571443100,terminal,0.5,0,0.6983985765124555,"конечный получатель в пределах выгрузки: входящих 2, исходящих 0, получено 65,000 ₸ (предварительно)",2,False,2,0,2,0,65000.0,0.0,0.0,конечный получатель в пределах выгрузки,817
100000008575624100,peripheral,0.5,7,0.8111654804270463,"периферия, признаков роли не выявлено: входящих 0, исходящих 3, получено 0 ₸ (предварительно)",0,True,0,3,0,5,0.0,89500.0,,"периферия, признаков роли не выявлено",506
100000008576243100,terminal,0.5,0,0.6983985765124555,"конечный получатель в пределах выгрузки: входящих 2, исходящих 0, получено 82,920 ₸ (предварительно)",3,False,2,0,4,0,82920.0,0.0,0.0,конечный получатель в пределах выгрузки,818
100000008576528100,terminal,0.5,0,0.3173932384341637,"конечный получатель в пределах выгрузки: входящих 1, исходящих 0, получено 28,000 ₸ (предварительно)",3,False,1,0,1,0,28000.0,0.0,0.0,конечный получатель в пределах выгрузки,2007
100000008579978100,peripheral,0.5,0,0.6983985765124555,"периферия, признаков роли не выявлено: входящих 1, исходящих 1, получено 34,000 ₸ (предварительно)",3,False,1,1,1,6,34000.0,77000.0,2.264705882352941,"периферия, признаков роли не выявлено",819
100000008582730100,transit,0.5,0,0.6983985765124555,"признаки транзитного счёта: входящих 1, исходящих 1, получено 5,000 ₸ (предварительно)",3,False,1,1,1,1,5000.0,5000.0,1.0,признаки транзитного счёта,820
100000008583360100,peripheral,0.5,0,0.6983985765124555,"периферия, признаков роли не выявлено: входящих 1, исходящих 1, получено 112,843 ₸ (предварительно)",3,False,1,1,1,1,112843.0,170000.0,1.5065179054083992,"периферия, признаков роли не выявлено",821
100000008583971100,peripheral,0.5,0,0.6983985765124555,"периферия, признаков роли не выявлено: входящих 2, исходящих 0, получено 51,000 ₸ (предварительно)",4,False,2,0,2,0,51000.0,0.0,0.0,"периферия, признаков роли не выявлено",822
100000008586731100,terminal,0.5,0,0.3173932384341637,"конечный получатель в пределах выгрузки: входящих 1, исходящих 0, получено 12,000 ₸ (предварительно)",1,False,1,0,1,0,12000.0,0.0,0.0,конечный получатель в пределах выгрузки,2008
100000008587459100,peripheral,0.5,0,0.8698843416370107,"периферия, признаков роли не выявлено: входящих 2, исходящих 2, получено 181,507 ₸ (предварительно)",2,False,2,2,2,4,181507.0,686500.0,3.782223275135394,"периферия, признаков роли не выявлено",327
100000008588665100,peripheral,0.5,0,0.3173932384341637,"периферия, признаков роли не выявлено: входящих 1, исходящих 0, получено 25,000 ₸ (предварительно)",4,False,1,0,1,0,25000.0,0.0,0.0,"периферия, признаков роли не выявлено",2009
100000008595687100,peripheral,0.5,0,0.6983985765124555,"периферия, признаков роли не выявлено: входящих 1, исходящих 1, получено 64,395 ₸ (предварительно)",3,False,1,1,1,1,64395.0,10400.0,0.161503222299868,"периферия, признаков роли не выявлено",823
100000008596924100,terminal,0.5,0,0.3173932384341637,"конечный получатель в пределах выгрузки: входящих 1, исходящих 0, получено 100,000 ₸ (предварительно)",3,False,1,0,1,0,100000.0,0.0,0.0,конечный получатель в пределах выгрузки,2010
100000008598972100,terminal,0.5,0,0.3173932384341637,"конечный получатель в пределах выгрузки: входящих 1, исходящих 0, получено 120,000 ₸ (предварительно)",3,False,1,0,1,0,120000.0,0.0,0.0,конечный получатель в пределах выгрузки,2011
100000008599354100,peripheral,0.5,0,0.6983985765124555,"периферия, признаков роли не выявлено: входящих 1, исходящих 1, получено 177,000 ₸ (предварительно)",3,False,1,1,1,2,177000.0,38200.0,0.21581920903954802,"периферия, признаков роли не выявлено",824
100000008601794100,peripheral,0.5,10,0.8111654804270463,"периферия, признаков роли не выявлено: входящих 2, исходящих 1, получено 494,400 ₸ (предварительно)",0,True,2,1,8,13,494400.0,871400.0,1.7625404530744337,"периферия, признаков роли не выявлено",507
100000008603331100,peripheral,0.5,0,0.9497330960854092,"периферия, признаков роли не выявлено: входящих 2, исходящих 6, получено 39,500 ₸ (предварительно)",2,False,2,6,3,6,39500.0,741774.0,18.779088607594936,"периферия, признаков роли не выявлено",126
100000008603629100,consolidator,0.5,0,0.9971085409252669,"признаки точки консолидации: входящих 19, исходящих 61, получено 1,817,300 ₸ (предварительно)",2,False,19,61,45,74,1817300.0,4986156.0,2.7437165025037142,признаки точки консолидации,8
100000008612257100,terminal,0.5,0,0.3173932384341637,"конечный получатель в пределах выгрузки: входящих 1, исходящих 0, получено 9,500 ₸ (предварительно)",3,False,1,0,1,0,9500.0,0.0,0.0,конечный получатель в пределах выгрузки,2012
100000008619159100,peripheral,0.5,0,0.3173932384341637,"периферия, признаков роли не выявлено: входящих 1, исходящих 0, получено 446,400 ₸ (предварительно)",4,False,1,0,2,0,446400.0,0.0,0.0,"периферия, признаков роли не выявлено",2013
100000008619857100,peripheral,0.5,0,0.8111654804270463,"периферия, признаков роли не выявлено: входящих 1, исходящих 2, получено 29,000 ₸ (предварительно)",3,False,1,2,1,2,29000.0,13000.0,0.4482758620689655,"периферия, признаков роли не выявлено",508
100000008620570100,peripheral,0.5,0,0.8698843416370107,"периферия, признаков роли не выявлено: входящих 2, исходящих 2, получено 145,000 ₸ (предварительно)",3,False,2,2,2,2,145000.0,31800.0,0.2193103448275862,"периферия, признаков роли не выявлено",328
100000008624978100,terminal,0.5,0,0.3173932384341637,"конечный получатель в пределах выгрузки: входящих 1, исходящих 0, получено 109,000 ₸ (предварительно)",2,False,1,0,1,0,109000.0,0.0,0.0,конечный получатель в пределах выгрузки,2014
100000008625905100,peripheral,0.5,0,0.8111654804270463,"периферия, признаков роли не выявлено: входящих 1, исходящих 2, получено 197,800 ₸ (предварительно)",3,False,1,2,1,2,197800.0,635000.0,3.210313447927199,"периферия, признаков роли не выявлено",509
100000008628231100,peripheral,0.5,0,0.8111654804270463,"периферия, признаков роли не выявлено: входящих 1, исходящих 2, получено 50,000 ₸ (предварительно)",1,False,1,2,1,19,50000.0,627870.0,12.5574,"периферия, признаков роли не выявлено",510
100000008628818100,peripheral,0.5,0,0.3173932384341637,"периферия, признаков роли не выявлено: входящих 1, исходящих 0, получено 46,310 ₸ (предварительно)",4,False,1,0,1,0,46310.0,0.0,0.0,"периферия, признаков роли не выявлено",2015
100000008629504100,peripheral,0.5,0,0.3173932384341637,"периферия, признаков роли не выявлено: входящих 1, исходящих 0, получено 20,000 ₸ (предварительно)",4,False,1,0,1,0,20000.0,0.0,0.0,"периферия, признаков роли не выявлено",2016
100000008629581100,terminal,0.5,0,0.3173932384341637,"конечный получатель в пределах выгрузки: входящих 1, исходящих 0, получено 54,184 ₸ (предварительно)",2,False,1,0,1,0,54184.0,0.0,0.0,конечный получатель в пределах выгрузки,2017
100000008631800100,peripheral,0.5,0,0.3173932384341637,"периферия, признаков роли не выявлено: входящих 1, исходящих 0, получено 12,850 ₸ (предварительно)",4,False,1,0,1,0,12850.0,0.0,0.0,"периферия, признаков роли не выявлено",2018
100000008632060100,peripheral,0.5,0,0.9621886120996441,"периферия, признаков роли не выявлено: входящих 1, исходящих 9, получено 6,000 ₸ (предварительно)",3,False,1,9,1,12,6000.0,339200.0,56.53333333333333,"периферия, признаков роли не выявлено",91
100000008633099100,peripheral,0.5,0,0.6983985765124555,"периферия, признаков роли не выявлено: входящих 1, исходящих 1, получено 19,468 ₸ (предварительно)",3,False,1,1,1,1,19468.0,13500.0,0.6934456544072324,"периферия, признаков роли не выявлено",825
100000008634520100,terminal,0.5,0,0.3173932384341637,"конечный получатель в пределах выгрузки: входящих 1, исходящих 0, получено 90,000 ₸ (предварительно)",3,False,1,0,1,0,90000.0,0.0,0.0,конечный получатель в пределах выгрузки,2019
100000008636603100,peripheral,0.5,0,0.9497330960854092,"периферия, признаков роли не выявлено: входящих 2, исходящих 6, получено 35,460 ₸ (предварительно)",2,False,2,6,2,7,35460.0,159375.0,4.494500846023689,"периферия, признаков роли не выявлено",127
100000008637537100,peripheral,0.5,0,0.922153024911032,"периферия, признаков роли не выявлено: входящих 3, исходящих 3, получено 619,890 ₸ (предварительно)",0,True,3,3,22,30,619890.0,2351495.0,3.793406894771653,"периферия, признаков роли не выявлено",195
100000008638859100,peripheral,0.5,0,0.3173932384341637,"периферия, признаков роли не выявлено: входящих 1, исходящих 0, получено 34,000 ₸ (предварительно)",4,False,1,0,1,0,34000.0,0.0,0.0,"периферия, признаков роли не выявлено",2020
100000008647905100,peripheral,0.5,0,0.8111654804270463,"периферия, признаков роли не выявлено: входящих 1, исходящих 2, получено 50,000 ₸ (предварительно)",2,False,1,2,1,2,50000.0,344222.0,6.88444,"периферия, признаков роли не выявлено",511
100000008648783100,peripheral,0.5,0,0.3173932384341637,"периферия, признаков роли не выявлено: входящих 1, исходящих 0, получено 5,200 ₸ (предварительно)",4,False,1,0,1,0,5200.0,0.0,0.0,"периферия, признаков роли не выявлено",2021
100000008649416100,peripheral,0.5,0,0.3173932384341637,"периферия, признаков роли не выявлено: входящих 1, исходящих 0, получено 5,000 ₸ (предварительно)",4,False,1,0,1,0,5000.0,0.0,0.0,"периферия, признаков роли не выявлено",2022
100000008650785100,peripheral,0.5,0,0.8698843416370107,"периферия, признаков роли не выявлено: входящих 2, исходящих 2, получено 92,000 ₸ (предварительно)",0,True,2,2,2,2,92000.0,120120.0,1.3056521739130436,"периферия, признаков роли не выявлено",329
100000008652094100,terminal,0.5,0,0.3173932384341637,"конечный получатель в пределах выгрузки: входящих 1, исходящих 0, получено 35,000 ₸ (предварительно)",3,False,1,0,1,0,35000.0,0.0,0.0,конечный получатель в пределах выгрузки,2023
100000008653041100,terminal,0.5,1,0.3173932384341637,"конечный получатель в пределах выгрузки: входящих 1, исходящих 0, получено 28,000 ₸ (предварительно)",3,False,1,0,1,0,28000.0,0.0,0.0,конечный получатель в пределах выгрузки,2024
100000008654653100,peripheral,0.5,0,0.3173932384341637,"периферия, признаков роли не выявлено: входящих 0, исходящих 1, получено 0 ₸ (предварительно)",0,True,0,1,0,1,0.0,54000.0,,"периферия, признаков роли не выявлено",2025
100000008655035100,terminal,0.5,0,0.3173932384341637,"конечный получатель в пределах выгрузки: входящих 1, исходящих 0, получено 30,000 ₸ (предварительно)",2,False,1,0,1,0,30000.0,0.0,0.0,конечный получатель в пределах выгрузки,2026
100000008655779100,peripheral,0.5,0,0.8111654804270463,"периферия, признаков роли не выявлено: входящих 1, исходящих 2, получено 47,000 ₸ (предварительно)",3,False,1,2,1,2,47000.0,24704.0,0.5256170212765957,"периферия, признаков роли не выявлено",512
100000008656043100,terminal,0.5,1,0.3173932384341637,"конечный получатель в пределах выгрузки: входящих 1, исходящих 0, получено 26,200 ₸ (предварительно)",2,False,1,0,1,0,26200.0,0.0,0.0,конечный получатель в пределах выгрузки,2027
100000008659445100,peripheral,0.5,4,0.9377224199288257,"периферия, признаков роли не выявлено: входящих 3, исходящих 4, получено 138,490 ₸ (предварительно)",0,True,3,4,7,18,138490.0,875150.0,6.319228825185934,"периферия, признаков роли не выявлено",153
100000008659950100,terminal,0.5,0,0.3173932384341637,"конечный получатель в пределах выгрузки: входящих 1, исходящих 0, получено 246,000 ₸ (предварительно)",3,False,1,0,1,0,246000.0,0.0,0.0,конечный получатель в пределах выгрузки,2028
100000008661550100,terminal,0.5,1,0.3173932384341637,"конечный получатель в пределах выгрузки: входящих 1, исходящих 0, получено 22,800 ₸ (предварительно)",3,False,1,0,1,0,22800.0,0.0,0.0,конечный получатель в пределах выгрузки,2029
100000008661585100,terminal,0.5,1,0.3173932384341637,"конечный получатель в пределах выгрузки: входящих 1, исходящих 0, получено 43,141 ₸ (предварительно)",1,False,1,0,1,0,43141.0,0.0,0.0,конечный получатель в пределах выгрузки,2030
100000008662216100,terminal,0.5,1,0.3173932384341637,"конечный получатель в пределах выгрузки: входящих 1, исходящих 0, получено 26,200 ₸ (предварительно)",3,False,1,0,1,0,26200.0,0.0,0.0,конечный получатель в пределах выгрузки,2031
100000008662805100,terminal,0.5,1,0.3173932384341637,"конечный получатель в пределах выгрузки: входящих 1, исходящих 0, получено 16,500 ₸ (предварительно)",3,False,1,0,1,0,16500.0,0.0,0.0,конечный получатель в пределах выгрузки,2032
100000008663007100,terminal,0.5,1,0.3173932384341637,"конечный получатель в пределах выгрузки: входящих 1, исходящих 0, получено 14,000 ₸ (предварительно)",1,False,1,0,1,0,14000.0,0.0,0.0,конечный получатель в пределах выгрузки,2033
100000008663723100,terminal,0.5,1,0.3173932384341637,"конечный получатель в пределах выгрузки: входящих 1, исходящих 0, получено 15,600 ₸ (предварительно)",3,False,1,0,1,0,15600.0,0.0,0.0,конечный получатель в пределах выгрузки,2034
100000008664469100,terminal,0.5,0,0.3173932384341637,"конечный получатель в пределах выгрузки: входящих 1, исходящих 0, получено 25,000 ₸ (предварительно)",1,False,1,0,1,0,25000.0,0.0,0.0,конечный получатель в пределах выгрузки,2035
100000008664774100,terminal,0.5,1,0.3173932384341637,"конечный получатель в пределах выгрузки: входящих 1, исходящих 0, получено 16,300 ₸ (предварительно)",3,False,1,0,1,0,16300.0,0.0,0.0,конечный получатель в пределах выгрузки,2036
100000008665380100,peripheral,0.5,0,0.8111654804270463,"периферия, признаков роли не выявлено: входящих 2, исходящих 1, получено 69,100 ₸ (предварительно)",1,False,2,1,2,1,69100.0,18200.0,0.2633863965267728,"периферия, признаков роли не выявлено",513
100000008666075100,terminal,0.5,1,0.3173932384341637,"конечный получатель в пределах выгрузки: входящих 1, исходящих 0, получено 26,217 ₸ (предварительно)",1,False,1,0,1,0,26217.0,0.0,0.0,конечный получатель в пределах выгрузки,2037
100000008667058100,terminal,0.5,1,0.3173932384341637,"конечный получатель в пределах выгрузки: входящих 1, исходящих 0, получено 17,534 ₸ (предварительно)",1,False,1,0,1,0,17534.0,0.0,0.0,конечный получатель в пределах выгрузки,2038
100000008667795100,terminal,0.5,1,0.3173932384341637,"конечный получатель в пределах выгрузки: входящих 1, исходящих 0, получено 34,000 ₸ (предварительно)",3,False,1,0,1,0,34000.0,0.0,0.0,конечный получатель в пределах выгрузки,2039
100000008667799100,terminal,0.5,1,0.3173932384341637,"конечный получатель в пределах выгрузки: входящих 1, исходящих 0, получено 34,000 ₸ (предварительно)",3,False,1,0,1,0,34000.0,0.0,0.0,конечный получатель в пределах выгрузки,2040
100000008668099100,terminal,0.5,1,0.3173932384341637,"конечный получатель в пределах выгрузки: входящих 1, исходящих 0, получено 15,700 ₸ (предварительно)",3,False,1,0,1,0,15700.0,0.0,0.0,конечный получатель в пределах выгрузки,2041
100000008669037100,peripheral,0.5,33,0.004448398576512456,"периферия, признаков роли не выявлено: входящих 0, исходящих 0, получено 0 ₸ (предварительно)",0,True,0,0,0,0,0.0,0.0,,"периферия, признаков роли не выявлено",2247
100000008669310100,terminal,0.5,0,0.3173932384341637,"конечный получатель в пределах выгрузки: входящих 1, исходящих 0, получено 59,567 ₸ (предварительно)",3,False,1,0,2,0,59567.0,0.0,0.0,конечный получатель в пределах выгрузки,2042
100000008670667100,terminal,0.5,1,0.3173932384341637,"конечный получатель в пределах выгрузки: входящих 1, исходящих 0, получено 15,534 ₸ (предварительно)",1,False,1,0,1,0,15534.0,0.0,0.0,конечный получатель в пределах выгрузки,2043
100000008671026100,terminal,0.5,1,0.3173932384341637,"конечный получатель в пределах выгрузки: входящих 1, исходящих 0, получено 23,534 ₸ (предварительно)",1,False,1,0,1,0,23534.0,0.0,0.0,конечный получатель в пределах выгрузки,2044
100000008671081100,terminal,0.5,1,0.3173932384341637,"конечный получатель в пределах выгрузки: входящих 1, исходящих 0, получено 37,200 ₸ (предварительно)",3,False,1,0,1,0,37200.0,0.0,0.0,конечный получатель в пределах выгрузки,2045
100000008671129100,terminal,0.5,1,0.3173932384341637,"конечный получатель в пределах выгрузки: входящих 1, исходящих 0, получено 26,200 ₸ (предварительно)",3,False,1,0,1,0,26200.0,0.0,0.0,конечный получатель в пределах выгрузки,2046
100000008671929100,terminal,0.5,0,0.3173932384341637,"конечный получатель в пределах выгрузки: входящих 1, исходящих 0, получено 75,000 ₸ (предварительно)",1,False,1,0,2,0,75000.0,0.0,0.0,конечный получатель в пределах выгрузки,2047
100000008672162100,terminal,0.5,1,0.3173932384341637,"конечный получатель в пределах выгрузки: входящих 1, исходящих 0, получено 15,550 ₸ (предварительно)",1,False,1,0,1,0,15550.0,0.0,0.0,конечный получатель в пределах выгрузки,2048
100000008672200100,terminal,0.5,1,0.3173932384341637,"конечный получатель в пределах выгрузки: входящих 1, исходящих 0, получено 8,511 ₸ (предварительно)",1,False,1,0,1,0,8511.0,0.0,0.0,конечный получатель в пределах выгрузки,2049
100000008672480100,terminal,0.5,1,0.3173932384341637,"конечный получатель в пределах выгрузки: входящих 1, исходящих 0, получено 13,000 ₸ (предварительно)",2,False,1,0,1,0,13000.0,0.0,0.0,конечный получатель в пределах выгрузки,2050
100000008672493100,terminal,0.5,1,0.3173932384341637,"конечный получатель в пределах выгрузки: входящих 1, исходящих 0, получено 14,000 ₸ (предварительно)",3,False,1,0,1,0,14000.0,0.0,0.0,конечный получатель в пределах выгрузки,2051
100000008672603100,terminal,0.5,0,0.3173932384341637,"конечный получатель в пределах выгрузки: входящих 1, исходящих 0, получено 21,200 ₸ (предварительно)",2,False,1,0,1,0,21200.0,0.0,0.0,конечный получатель в пределах выгрузки,2052
100000008672762100,terminal,0.5,1,0.3173932384341637,"конечный получатель в пределах выгрузки: входящих 1, исходящих 0, получено 13,000 ₸ (предварительно)",2,False,1,0,1,0,13000.0,0.0,0.0,конечный получатель в пределах выгрузки,2053
100000008673001100,terminal,0.5,0,0.3173932384341637,"конечный получатель в пределах выгрузки: входящих 1, исходящих 0, получено 80,000 ₸ (предварительно)",0,True,1,0,1,0,80000.0,0.0,0.0,конечный получатель в пределах выгрузки,2054
100000008675322100,peripheral,0.5,0,0.3173932384341637,"периферия, признаков роли не выявлено: входящих 1, исходящих 0, получено 340,000 ₸ (предварительно)",4,False,1,0,4,0,340000.0,0.0,0.0,"периферия, признаков роли не выявлено",2055
100000008676812100,terminal,0.5,0,0.3173932384341637,"конечный получатель в пределах выгрузки: входящих 1, исходящих 0, получено 230,800 ₸ (предварительно)",3,False,1,0,1,0,230800.0,0.0,0.0,конечный получатель в пределах выгрузки,2056
100000008677215100,terminal,0.5,0,0.3173932384341637,"конечный получатель в пределах выгрузки: входящих 1, исходящих 0, получено 9,000 ₸ (предварительно)",3,False,1,0,1,0,9000.0,0.0,0.0,конечный получатель в пределах выгрузки,2057
100000008677368100,peripheral,0.5,0,0.3173932384341637,"периферия, признаков роли не выявлено: входящих 1, исходящих 0, получено 13,500 ₸ (предварительно)",4,False,1,0,1,0,13500.0,0.0,0.0,"периферия, признаков роли не выявлено",2058
100000008677518100,terminal,0.5,1,0.3173932384341637,"конечный получатель в пределах выгрузки: входящих 1, исходящих 0, получено 48,700 ₸ (предварительно)",3,False,1,0,1,0,48700.0,0.0,0.0,конечный получатель в пределах выгрузки,2059
100000008679986100,terminal,0.5,1,0.3173932384341637,"конечный получатель в пределах выгрузки: входящих 1, исходящих 0, получено 19,000 ₸ (предварительно)",1,False,1,0,1,0,19000.0,0.0,0.0,конечный получатель в пределах выгрузки,2060
100000008680061100,peripheral,0.5,0,0.3173932384341637,"периферия, признаков роли не выявлено: входящих 1, исходящих 0, получено 41,300 ₸ (предварительно)",4,False,1,0,2,0,41300.0,0.0,0.0,"периферия, признаков роли не выявлено",2061
100000008680451100,terminal,0.5,1,0.3173932384341637,"конечный получатель в пределах выгрузки: входящих 1, исходящих 0, получено 23,534 ₸ (предварительно)",1,False,1,0,1,0,23534.0,0.0,0.0,конечный получатель в пределах выгрузки,2062
100000008680731100,distributor,0.5,0,0.9897686832740213,"признаки веерного распределения: входящих 0, исходящих 27, получено 0 ₸ (предварительно)",0,True,0,27,0,28,0.0,1464354.0,,признаки веерного распределения,24
100000008680912100,peripheral,0.5,0,0.6983985765124555,"периферия, признаков роли не выявлено: входящих 1, исходящих 1, получено 45,112 ₸ (предварительно)",3,False,1,1,2,1,45112.0,5990.85,0.13279947685759888,"периферия, признаков роли не выявлено",826
100000008682426100,terminal,0.5,0,0.3173932384341637,"конечный получатель в пределах выгрузки: входящих 1, исходящих 0, получено 20,000 ₸ (предварительно)",3,False,1,0,1,0,20000.0,0.0,0.0,конечный получатель в пределах выгрузки,2063
100000008683818100,terminal,0.5,1,0.3173932384341637,"конечный получатель в пределах выгрузки: входящих 1, исходящих 0, получено 17,400 ₸ (предварительно)",2,False,1,0,1,0,17400.0,0.0,0.0,конечный получатель в пределах выгрузки,2064
100000008684452100,terminal,0.5,1,0.3173932384341637,"конечный получатель в пределах выгрузки: входящих 1, исходящих 0, получено 51,800 ₸ (предварительно)",3,False,1,0,1,0,51800.0,0.0,0.0,конечный получатель в пределах выгрузки,2065
100000008684767100,terminal,0.5,1,0.3173932384341637,"конечный получатель в пределах выгрузки: входящих 1, исходящих 0, получено 31,100 ₸ (предварительно)",3,False,1,0,1,0,31100.0,0.0,0.0,конечный получатель в пределах выгрузки,2066
100000008684951100,terminal,0.5,1,0.3173932384341637,"конечный получатель в пределах выгрузки: входящих 1, исходящих 0, получено 17,200 ₸ (предварительно)",3,False,1,0,1,0,17200.0,0.0,0.0,конечный получатель в пределах выгрузки,2067
100000008686214100,terminal,0.5,0,0.3173932384341637,"конечный получатель в пределах выгрузки: входящих 1, исходящих 0, получено 25,000 ₸ (предварительно)",3,False,1,0,1,0,25000.0,0.0,0.0,конечный получатель в пределах выгрузки,2068
100000008686234100,terminal,0.5,0,0.3173932384341637,"конечный получатель в пределах выгрузки: входящих 1, исходящих 0, получено 39,778 ₸ (предварительно)",1,False,1,0,1,0,39778.0,0.0,0.0,конечный получатель в пределах выгрузки,2069
100000008686247100,peripheral,0.5,0,0.6983985765124555,"периферия, признаков роли не выявлено: входящих 1, исходящих 1, получено 22,000 ₸ (предварительно)",3,False,1,1,2,1,22000.0,5000.0,0.22727272727272727,"периферия, признаков роли не выявлено",827
100000008686313100,consolidator,0.5,0,0.9737544483985765,"признаки точки консолидации: входящих 6, исходящих 7, получено 1,912,716 ₸ (предварительно)",1,False,6,7,16,13,1912716.0,333800.0,0.17451623764322566,признаки точки консолидации,61
100000008686494100,terminal,0.5,1,0.3173932384341637,"конечный получатель в пределах выгрузки: входящих 1, исходящих 0, получено 15,700 ₸ (предварительно)",3,False,1,0,1,0,15700.0,0.0,0.0,конечный получатель в пределах выгрузки,2070
100000008687492100,terminal,0.5,1,0.3173932384341637,"конечный получатель в пределах выгрузки: входящих 1, исходящих 0, получено 15,000 ₸ (предварительно)",2,False,1,0,1,0,15000.0,0.0,0.0,конечный получатель в пределах выгрузки,2071
100000008687617100,terminal,0.5,1,0.3173932384341637,"конечный получатель в пределах выгрузки: входящих 1, исходящих 0, получено 43,350 ₸ (предварительно)",3,False,1,0,2,0,43350.0,0.0,0.0,конечный получатель в пределах выгрузки,2072
100000008687671100,terminal,0.5,1,0.3173932384341637,"конечный получатель в пределах выгрузки: входящих 1, исходящих 0, получено 37,500 ₸ (предварительно)",1,False,1,0,1,0,37500.0,0.0,0.0,конечный получатель в пределах выгрузки,2073
100000008687733100,terminal,0.5,1,0.3173932384341637,"конечный получатель в пределах выгрузки: входящих 1, исходящих 0, получено 14,650 ₸ (предварительно)",3,False,1,0,1,0,14650.0,0.0,0.0,конечный получатель в пределах выгрузки,2074
100000008687990100,terminal,0.5,1,0.3173932384341637,"конечный получатель в пределах выгрузки: входящих 1, исходящих 0, получено 17,600 ₸ (предварительно)",3,False,1,0,1,0,17600.0,0.0,0.0,конечный получатель в пределах выгрузки,2075
100000008688109100,terminal,0.5,1,0.3173932384341637,"конечный получатель в пределах выгрузки: входящих 1, исходящих 0, получено 12,800 ₸ (предварительно)",3,False,1,0,1,0,12800.0,0.0,0.0,конечный получатель в пределах выгрузки,2076
100000008688155100,terminal,0.5,1,0.3173932384341637,"конечный получатель в пределах выгрузки: входящих 1, исходящих 0, получено 23,600 ₸ (предварительно)",3,False,1,0,1,0,23600.0,0.0,0.0,конечный получатель в пределах выгрузки,2077
100000008688476100,terminal,0.5,1,0.3173932384341637,"конечный получатель в пределах выгрузки: входящих 1, исходящих 0, получено 24,000 ₸ (предварительно)",2,False,1,0,1,0,24000.0,0.0,0.0,конечный получатель в пределах выгрузки,2078
100000008688881100,terminal,0.5,1,0.3173932384341637,"конечный получатель в пределах выгрузки: входящих 1, исходящих 0, получено 44,211 ₸ (предварительно)",2,False,1,0,1,0,44211.0,0.0,0.0,конечный получатель в пределах выгрузки,2079
100000008690762100,terminal,0.5,1,0.3173932384341637,"конечный получатель в пределах выгрузки: входящих 1, исходящих 0, получено 26,750 ₸ (предварительно)",3,False,1,0,1,0,26750.0,0.0,0.0,конечный получатель в пределах выгрузки,2080
100000008690932100,terminal,0.5,1,0.3173932384341637,"конечный получатель в пределах выгрузки: входящих 1, исходящих 0, получено 23,000 ₸ (предварительно)",1,False,1,0,1,0,23000.0,0.0,0.0,конечный получатель в пределах выгрузки,2081
100000008691027100,terminal,0.5,1,0.3173932384341637,"конечный получатель в пределах выгрузки: входящих 1, исходящих 0, получено 17,534 ₸ (предварительно)",1,False,1,0,1,0,17534.0,0.0,0.0,конечный получатель в пределах выгрузки,2082
100000008691168100,terminal,0.5,1,0.3173932384341637,"конечный получатель в пределах выгрузки: входящих 1, исходящих 0, получено 24,000 ₸ (предварительно)",2,False,1,0,1,0,24000.0,0.0,0.0,конечный получатель в пределах выгрузки,2083
100000008691330100,terminal,0.5,1,0.3173932384341637,"конечный получатель в пределах выгрузки: входящих 1, исходящих 0, получено 21,440 ₸ (предварительно)",1,False,1,0,1,0,21440.0,0.0,0.0,конечный получатель в пределах выгрузки,2084
100000008691495100,terminal,0.5,1,0.3173932384341637,"конечный получатель в пределах выгрузки: входящих 1, исходящих 0, получено 27,000 ₸ (предварительно)",1,False,1,0,1,0,27000.0,0.0,0.0,конечный получатель в пределах выгрузки,2085
100000008692291100,transit,0.5,0,0.922153024911032,"признаки транзитного счёта: входящих 3, исходящих 3, получено 160,000 ₸ (предварительно)",3,False,3,3,3,3,160000.0,156000.0,0.975,признаки транзитного счёта,196
100000008693069100,terminal,0.5,1,0.3173932384341637,"конечный получатель в пределах выгрузки: входящих 1, исходящих 0, получено 20,000 ₸ (предварительно)",1,False,1,0,1,0,20000.0,0.0,0.0,конечный получатель в пределах выгрузки,2086
100000008695133100,terminal,0.5,1,0.3173932384341637,"конечный получатель в пределах выгрузки: входящих 1, исходящих 0, получено 36,610 ₸ (предварительно)",3,False,1,0,1,0,36610.0,0.0,0.0,конечный получатель в пределах выгрузки,2087
100000008695157100,peripheral,0.5,0,0.3173932384341637,"периферия, признаков роли не выявлено: входящих 1, исходящих 0, получено 425,546 ₸ (предварительно)",4,False,1,0,3,0,425546.0,0.0,0.0,"периферия, признаков роли не выявлено",2088
100000008695495100,terminal,0.5,1,0.3173932384341637,"конечный получатель в пределах выгрузки: входящих 1, исходящих 0, получено 21,000 ₸ (предварительно)",1,False,1,0,1,0,21000.0,0.0,0.0,конечный получатель в пределах выгрузки,2089
100000008695566100,terminal,0.5,1,0.3173932384341637,"конечный получатель в пределах выгрузки: входящих 1, исходящих 0, получено 33,700 ₸ (предварительно)",3,False,1,0,1,0,33700.0,0.0,0.0,конечный получатель в пределах выгрузки,2090
100000008695689100,terminal,0.5,1,0.3173932384341637,"конечный получатель в пределах выгрузки: входящих 1, исходящих 0, получено 26,200 ₸ (предварительно)",3,False,1,0,1,0,26200.0,0.0,0.0,конечный получатель в пределах выгрузки,2091
100000008696692100,terminal,0.5,1,0.3173932384341637,"конечный получатель в пределах выгрузки: входящих 1, исходящих 0, получено 19,000 ₸ (предварительно)",2,False,1,0,1,0,19000.0,0.0,0.0,конечный получатель в пределах выгрузки,2092
100000008696919100,terminal,0.5,1,0.3173932384341637,"конечный получатель в пределах выгрузки: входящих 1, исходящих 0, получено 31,945 ₸ (предварительно)",1,False,1,0,1,0,31945.0,0.0,0.0,конечный получатель в пределах выгрузки,2093
100000008697670100,terminal,0.5,1,0.3173932384341637,"конечный получатель в пределах выгрузки: входящих 1, исходящих 0, получено 25,350 ₸ (предварительно)",3,False,1,0,1,0,25350.0,0.0,0.0,конечный получатель в пределах выгрузки,2094
100000008699083100,peripheral,0.5,0,0.3173932384341637,"периферия, признаков роли не выявлено: входящих 1, исходящих 0, получено 238,500 ₸ (предварительно)",4,False,1,0,1,0,238500.0,0.0,0.0,"периферия, признаков роли не выявлено",2095
100000008701222100,peripheral,0.5,34,0.004448398576512456,"периферия, признаков роли не выявлено: входящих 0, исходящих 0, получено 0 ₸ (предварительно)",0,True,0,0,0,0,0.0,0.0,,"периферия, признаков роли не выявлено",2248
100000008701256100,terminal,0.5,0,0.3173932384341637,"конечный получатель в пределах выгрузки: входящих 1, исходящих 0, получено 58,250 ₸ (предварительно)",2,False,1,0,1,0,58250.0,0.0,0.0,конечный получатель в пределах выгрузки,2096
100000008701944100,terminal,0.5,0,0.3173932384341637,"конечный получатель в пределах выгрузки: входящих 1, исходящих 0, получено 52,124 ₸ (предварительно)",1,False,1,0,1,0,52124.0,0.0,0.0,конечный получатель в пределах выгрузки,2097
100000008703533100,peripheral,0.5,0,0.3173932384341637,"периферия, признаков роли не выявлено: входящих 1, исходящих 0, получено 75,000 ₸ (предварительно)",4,False,1,0,1,0,75000.0,0.0,0.0,"периферия, признаков роли не выявлено",2098
100000008706846100,terminal,0.5,1,0.3173932384341637,"конечный получатель в пределах выгрузки: входящих 1, исходящих 0, получено 14,200 ₸ (предварительно)",3,False,1,0,1,0,14200.0,0.0,0.0,конечный получатель в пределах выгрузки,2099
100000008706947100,terminal,0.5,1,0.3173932384341637,"конечный получатель в пределах выгрузки: входящих 1, исходящих 0, получено 17,200 ₸ (предварительно)",3,False,1,0,1,0,17200.0,0.0,0.0,конечный получатель в пределах выгрузки,2100
100000008707810100,terminal,0.5,1,0.3173932384341637,"конечный получатель в пределах выгрузки: входящих 1, исходящих 0, получено 26,200 ₸ (предварительно)",3,False,1,0,1,0,26200.0,0.0,0.0,конечный получатель в пределах выгрузки,2101
100000008708025100,terminal,0.5,0,0.3173932384341637,"конечный получатель в пределах выгрузки: входящих 1, исходящих 0, получено 10,000 ₸ (предварительно)",3,False,1,0,1,0,10000.0,0.0,0.0,конечный получатель в пределах выгрузки,2102
100000008708061100,terminal,0.5,1,0.3173932384341637,"конечный получатель в пределах выгрузки: входящих 1, исходящих 0, получено 8,650 ₸ (предварительно)",3,False,1,0,1,0,8650.0,0.0,0.0,конечный получатель в пределах выгрузки,2103
100000008708207100,terminal,0.5,0,0.6983985765124555,"конечный получатель в пределах выгрузки: входящих 2, исходящих 0, получено 465,000 ₸ (предварительно)",3,False,2,0,2,0,465000.0,0.0,0.0,конечный получатель в пределах выгрузки,828
100000008708368100,terminal,0.5,1,0.3173932384341637,"конечный получатель в пределах выгрузки: входящих 1, исходящих 0, получено 23,677 ₸ (предварительно)",1,False,1,0,1,0,23677.0,0.0,0.0,конечный получатель в пределах выгрузки,2104
100000008708595100,terminal,0.5,1,0.3173932384341637,"конечный получатель в пределах выгрузки: входящих 1, исходящих 0, получено 17,200 ₸ (предварительно)",3,False,1,0,1,0,17200.0,0.0,0.0,конечный получатель в пределах выгрузки,2105
100000008708743100,terminal,0.5,1,0.3173932384341637,"конечный получатель в пределах выгрузки: входящих 1, исходящих 0, получено 15,550 ₸ (предварительно)",3,False,1,0,1,0,15550.0,0.0,0.0,конечный получатель в пределах выгрузки,2106
100000008710791100,distributor,0.5,0,0.9891014234875445,"признаки веерного распределения: входящих 3, исходящих 23, получено 181,510 ₸ (предварительно)",2,False,3,23,3,25,181510.0,5521511.0,30.41987218335078,признаки веерного распределения,26
100000008710843100,distributor,0.5,0,0.9775355871886121,"признаки веерного распределения: входящих 2, исходящих 13, получено 33,944 ₸ (предварительно)",2,False,2,13,3,14,33944.0,1985500.0,58.49340089559274,признаки веерного распределения,53
100000008710913100,peripheral,0.5,0,0.3173932384341637,"периферия, признаков роли не выявлено: входящих 1, исходящих 0, получено 14,000 ₸ (предварительно)",4,False,1,0,1,0,14000.0,0.0,0.0,"периферия, признаков роли не выявлено",2107
100000008712036100,terminal,0.5,1,0.3173932384341637,"конечный получатель в пределах выгрузки: входящих 1, исходящих 0, получено 21,000 ₸ (предварительно)",3,False,1,0,1,0,21000.0,0.0,0.0,конечный получатель в пределах выгрузки,2108
100000008712184100,terminal,0.5,1,0.3173932384341637,"конечный получатель в пределах выгрузки: входящих 1, исходящих 0, получено 18,000 ₸ (предварительно)",3,False,1,0,1,0,18000.0,0.0,0.0,конечный получатель в пределах выгрузки,2109
100000008712827100,terminal,0.5,1,0.3173932384341637,"конечный получатель в пределах выгрузки: входящих 1, исходящих 0, получено 76,000 ₸ (предварительно)",3,False,1,0,1,0,76000.0,0.0,0.0,конечный получатель в пределах выгрузки,2110
100000008712991100,terminal,0.5,1,0.3173932384341637,"конечный получатель в пределах выгрузки: входящих 1, исходящих 0, получено 66,100 ₸ (предварительно)",3,False,1,0,1,0,66100.0,0.0,0.0,конечный получатель в пределах выгрузки,2111
100000008713270100,peripheral,0.5,0,0.8698843416370107,"периферия, признаков роли не выявлено: входящих 1, исходящих 3, получено 30,000 ₸ (предварительно)",2,False,1,3,1,3,30000.0,190000.0,6.333333333333333,"периферия, признаков роли не выявлено",330
100000008713685100,terminal,0.5,1,0.3173932384341637,"конечный получатель в пределах выгрузки: входящих 1, исходящих 0, получено 49,700 ₸ (предварительно)",3,False,1,0,1,0,49700.0,0.0,0.0,конечный получатель в пределах выгрузки,2112
100000008714412100,terminal,0.5,0,0.3173932384341637,"конечный получатель в пределах выгрузки: входящих 1, исходящих 0, получено 169,000 ₸ (предварительно)",3,False,1,0,1,0,169000.0,0.0,0.0,конечный получатель в пределах выгрузки,2113
100000008715513100,peripheral,0.5,0,0.3173932384341637,"периферия, признаков роли не выявлено: входящих 1, исходящих 0, получено 32,500 ₸ (предварительно)",4,False,1,0,1,0,32500.0,0.0,0.0,"периферия, признаков роли не выявлено",2114
100000008715887100,terminal,0.5,1,0.3173932384341637,"конечный получатель в пределах выгрузки: входящих 1, исходящих 0, получено 18,000 ₸ (предварительно)",3,False,1,0,1,0,18000.0,0.0,0.0,конечный получатель в пределах выгрузки,2115
100000008716072100,terminal,0.5,1,0.3173932384341637,"конечный получатель в пределах выгрузки: входящих 1, исходящих 0, получено 12,100 ₸ (предварительно)",3,False,1,0,1,0,12100.0,0.0,0.0,конечный получатель в пределах выгрузки,2116
100000008716222100,terminal,0.5,1,0.3173932384341637,"конечный получатель в пределах выгрузки: входящих 1, исходящих 0, получено 18,000 ₸ (предварительно)",1,False,1,0,1,0,18000.0,0.0,0.0,конечный получатель в пределах выгрузки,2117
100000008716439100,terminal,0.5,1,0.3173932384341637,"конечный получатель в пределах выгрузки: входящих 1, исходящих 0, получено 12,267 ₸ (предварительно)",1,False,1,0,1,0,12267.0,0.0,0.0,конечный получатель в пределах выгрузки,2118
100000008716773100,terminal,0.5,1,0.3173932384341637,"конечный получатель в пределах выгрузки: входящих 1, исходящих 0, получено 15,677 ₸ (предварительно)",1,False,1,0,1,0,15677.0,0.0,0.0,конечный получатель в пределах выгрузки,2119
100000008717340100,terminal,0.5,1,0.3173932384341637,"конечный получатель в пределах выгрузки: входящих 1, исходящих 0, получено 41,500 ₸ (предварительно)",1,False,1,0,1,0,41500.0,0.0,0.0,конечный получатель в пределах выгрузки,2120
100000008717341100,terminal,0.5,1,0.3173932384341637,"конечный получатель в пределах выгрузки: входящих 1, исходящих 0, получено 14,627 ₸ (предварительно)",1,False,1,0,1,0,14627.0,0.0,0.0,конечный получатель в пределах выгрузки,2121
100000008717375100,terminal,0.5,0,0.3173932384341637,"конечный получатель в пределах выгрузки: входящих 1, исходящих 0, получено 29,506 ₸ (предварительно)",2,False,1,0,1,0,29506.0,0.0,0.0,конечный получатель в пределах выгрузки,2122
100000008717802100,terminal,0.5,1,0.3173932384341637,"конечный получатель в пределах выгрузки: входящих 1, исходящих 0, получено 26,150 ₸ (предварительно)",3,False,1,0,1,0,26150.0,0.0,0.0,конечный получатель в пределах выгрузки,2123
100000008718089100,terminal,0.5,1,0.3173932384341637,"конечный получатель в пределах выгрузки: входящих 1, исходящих 0, получено 15,534 ₸ (предварительно)",1,False,1,0,1,0,15534.0,0.0,0.0,конечный получатель в пределах выгрузки,2124
100000008718811100,terminal,0.5,1,0.3173932384341637,"конечный получатель в пределах выгрузки: входящих 1, исходящих 0, получено 73,300 ₸ (предварительно)",3,False,1,0,1,0,73300.0,0.0,0.0,конечный получатель в пределах выгрузки,2125
100000008720668100,terminal,0.5,1,0.3173932384341637,"конечный получатель в пределах выгрузки: входящих 1, исходящих 0, получено 16,000 ₸ (предварительно)",3,False,1,0,1,0,16000.0,0.0,0.0,конечный получатель в пределах выгрузки,2126
100000008720798100,terminal,0.5,1,0.3173932384341637,"конечный получатель в пределах выгрузки: входящих 1, исходящих 0, получено 15,534 ₸ (предварительно)",1,False,1,0,1,0,15534.0,0.0,0.0,конечный получатель в пределах выгрузки,2127
100000008720856100,peripheral,0.5,0,0.6983985765124555,"периферия, признаков роли не выявлено: входящих 1, исходящих 1, получено 18,105 ₸ (предварительно)",3,False,1,1,1,2,18105.0,46000.0,2.5407346037006353,"периферия, признаков роли не выявлено",829
100000008721637100,peripheral,0.5,0,0.8111654804270463,"периферия, признаков роли не выявлено: входящих 1, исходящих 2, получено 24,041 ₸ (предварительно)",3,False,1,2,1,2,24041.0,127000.0,5.282642152988644,"периферия, признаков роли не выявлено",514
100000008722328100,terminal,0.5,1,0.3173932384341637,"конечный получатель в пределах выгрузки: входящих 1, исходящих 0, получено 23,677 ₸ (предварительно)",1,False,1,0,1,0,23677.0,0.0,0.0,конечный получатель в пределах выгрузки,2128
100000008722417100,peripheral,0.5,0,0.8698843416370107,"периферия, признаков роли не выявлено: входящих 1, исходящих 3, получено 331,900 ₸ (предварительно)",3,False,1,3,1,6,331900.0,720000.0,2.16932811087677,"периферия, признаков роли не выявлено",331
100000008722541100,peripheral,0.5,0,0.3173932384341637,"периферия, признаков роли не выявлено: входящих 1, исходящих 0, получено 280,000 ₸ (предварительно)",4,False,1,0,4,0,280000.0,0.0,0.0,"периферия, признаков роли не выявлено",2129
100000008723830100,transit,0.5,0,0.8111654804270463,"признаки транзитного счёта: входящих 2, исходящих 1, получено 459,785 ₸ (предварительно)",1,False,2,1,2,1,459785.0,455000.0,0.9895929619278576,признаки транзитного счёта,515
100000008724279100,terminal,0.5,0,0.3173932384341637,"конечный получатель в пределах выгрузки: входящих 1, исходящих 0, получено 11,750 ₸ (предварительно)",1,False,1,0,1,0,11750.0,0.0,0.0,конечный получатель в пределах выгрузки,2130
100000008724461100,peripheral,0.5,0,0.6983985765124555,"периферия, признаков роли не выявлено: входящих 1, исходящих 1, получено 100,111 ₸ (предварительно)",3,False,1,1,1,1,100111.0,130000.0,1.298558599954051,"периферия, признаков роли не выявлено",830
100000008727982100,peripheral,0.5,0,0.3173932384341637,"периферия, признаков роли не выявлено: входящих 1, исходящих 0, получено 30,000 ₸ (предварительно)",4,False,1,0,2,0,30000.0,0.0,0.0,"периферия, признаков роли не выявлено",2131
100000008728457100,terminal,0.5,0,0.3173932384341637,"конечный получатель в пределах выгрузки: входящих 1, исходящих 0, получено 45,000 ₸ (предварительно)",1,False,1,0,1,0,45000.0,0.0,0.0,конечный получатель в пределах выгрузки,2132
100000008729597100,terminal,0.5,0,0.3173932384341637,"конечный получатель в пределах выгрузки: входящих 1, исходящих 0, получено 83,090 ₸ (предварительно)",3,False,1,0,1,0,83090.0,0.0,0.0,конечный получатель в пределах выгрузки,2133
100000008729801100,terminal,0.5,1,0.3173932384341637,"конечный получатель в пределах выгрузки: входящих 1, исходящих 0, получено 17,534 ₸ (предварительно)",1,False,1,0,1,0,17534.0,0.0,0.0,конечный получатель в пределах выгрузки,2134
100000008730021100,terminal,0.5,0,0.3173932384341637,"конечный получатель в пределах выгрузки: входящих 1, исходящих 0, получено 75,555 ₸ (предварительно)",1,False,1,0,3,0,75555.0,0.0,0.0,конечный получатель в пределах выгрузки,2135
100000008730238100,peripheral,0.5,0,0.3173932384341637,"периферия, признаков роли не выявлено: входящих 1, исходящих 0, получено 113,000 ₸ (предварительно)",4,False,1,0,1,0,113000.0,0.0,0.0,"периферия, признаков роли не выявлено",2136
100000008730371100,terminal,0.5,0,0.6983985765124555,"конечный получатель в пределах выгрузки: входящих 2, исходящих 0, получено 520,000 ₸ (предварительно)",3,False,2,0,3,0,520000.0,0.0,0.0,конечный получатель в пределах выгрузки,831
100000008730846100,consolidator,0.5,0,0.9621886120996441,"признаки точки консолидации: входящих 7, исходящих 3, получено 155,042 ₸ (предварительно)",2,False,7,3,11,4,155042.0,363370.0,2.343687516930896,признаки точки консолидации,92
100000008731444100,peripheral,0.5,0,0.9713078291814946,"периферия, признаков роли не выявлено: входящих 3, исходящих 9, получено 439,000 ₸ (предварительно)",2,False,3,9,5,9,439000.0,879767.8,2.0040268792710707,"периферия, признаков роли не выявлено",67
100000008732098100,terminal,0.5,1,0.3173932384341637,"конечный получатель в пределах выгрузки: входящих 1, исходящих 0, получено 15,677 ₸ (предварительно)",1,False,1,0,1,0,15677.0,0.0,0.0,конечный получатель в пределах выгрузки,2137
100000008732488100,peripheral,0.5,0,0.6983985765124555,"периферия, признаков роли не выявлено: входящих 1, исходящих 1, получено 137,000 ₸ (предварительно)",3,False,1,1,1,1,137000.0,10000.0,0.072992700729927,"периферия, признаков роли не выявлено",832
100000008733049100,terminal,0.5,0,0.3173932384341637,"конечный получатель в пределах выгрузки: входящих 1, исходящих 0, получено 10,000 ₸ (предварительно)",2,False,1,0,1,0,10000.0,0.0,0.0,конечный получатель в пределах выгрузки,2138
100000008733194100,peripheral,0.5,0,0.9713078291814946,"периферия, признаков роли не выявлено: входящих 4, исходящих 8, получено 251,424 ₸ (предварительно)",2,False,4,8,4,8,251424.0,159695.0,0.6351621165839378,"периферия, признаков роли не выявлено",68
100000008734279100,peripheral,0.5,0,0.3173932384341637,"периферия, признаков роли не выявлено: входящих 1, исходящих 0, получено 31,650 ₸ (предварительно)",4,False,1,0,1,0,31650.0,0.0,0.0,"периферия, признаков роли не выявлено",2139
100000008734364100,terminal,0.5,1,0.3173932384341637,"конечный получатель в пределах выгрузки: входящих 1, исходящих 0, получено 26,200 ₸ (предварительно)",2,False,1,0,1,0,26200.0,0.0,0.0,конечный получатель в пределах выгрузки,2140
100000008735384100,terminal,0.5,1,0.3173932384341637,"конечный получатель в пределах выгрузки: входящих 1, исходящих 0, получено 39,220 ₸ (предварительно)",1,False,1,0,1,0,39220.0,0.0,0.0,конечный получатель в пределах выгрузки,2141
100000008735802100,peripheral,0.5,0,0.3173932384341637,"периферия, признаков роли не выявлено: входящих 1, исходящих 0, получено 85,000 ₸ (предварительно)",4,False,1,0,2,0,85000.0,0.0,0.0,"периферия, признаков роли не выявлено",2142
100000008735832100,terminal,0.5,1,0.3173932384341637,"конечный получатель в пределах выгрузки: входящих 1, исходящих 0, получено 17,600 ₸ (предварительно)",3,False,1,0,1,0,17600.0,0.0,0.0,конечный получатель в пределах выгрузки,2143
100000008736173100,terminal,0.5,1,0.3173932384341637,"конечный получатель в пределах выгрузки: входящих 1, исходящих 0, получено 31,060 ₸ (предварительно)",1,False,1,0,1,0,31060.0,0.0,0.0,конечный получатель в пределах выгрузки,2144
100000008736394100,terminal,0.5,1,0.3173932384341637,"конечный получатель в пределах выгрузки: входящих 1, исходящих 0, получено 16,000 ₸ (предварительно)",2,False,1,0,1,0,16000.0,0.0,0.0,конечный получатель в пределах выгрузки,2145
100000008736760100,terminal,0.5,1,0.3173932384341637,"конечный получатель в пределах выгрузки: входящих 1, исходящих 0, получено 54,757 ₸ (предварительно)",1,False,1,0,1,0,54757.0,0.0,0.0,конечный получатель в пределах выгрузки,2146
100000008736940100,peripheral,0.5,4,0.922153024911032,"периферия, признаков роли не выявлено: входящих 3, исходящих 3, получено 451,090 ₸ (предварительно)",1,False,3,3,13,6,451090.0,182100.0,0.40368884258130305,"периферия, признаков роли не выявлено",197
100000008737422100,terminal,0.5,1,0.3173932384341637,"конечный получатель в пределах выгрузки: входящих 1, исходящих 0, получено 76,903 ₸ (предварительно)",1,False,1,0,1,0,76903.0,0.0,0.0,конечный получатель в пределах выгрузки,2147
100000008737514100,terminal,0.5,0,0.3173932384341637,"конечный получатель в пределах выгрузки: входящих 1, исходящих 0, получено 85,000 ₸ (предварительно)",2,False,1,0,1,0,85000.0,0.0,0.0,конечный получатель в пределах выгрузки,2148
100000008737958100,terminal,0.5,1,0.6983985765124555,"конечный получатель в пределах выгрузки: входящих 2, исходящих 0, получено 53,373 ₸ (предварительно)",1,False,2,0,2,0,53373.0,0.0,0.0,конечный получатель в пределах выгрузки,833
100000008738325100,peripheral,0.5,0,0.6983985765124555,"периферия, признаков роли не выявлено: входящих 1, исходящих 1, получено 36,550 ₸ (предварительно)",0,True,1,1,1,1,36550.0,54000.0,1.4774281805745555,"периферия, признаков роли не выявлено",834
100000008738526100,peripheral,0.5,0,0.6983985765124555,"периферия, признаков роли не выявлено: входящих 1, исходящих 1, получено 15,000 ₸ (предварительно)",3,False,1,1,1,1,15000.0,140000.0,9.333333333333334,"периферия, признаков роли не выявлено",835
100000008738658100,terminal,0.5,1,0.3173932384341637,"конечный получатель в пределах выгрузки: входящих 1, исходящих 0, получено 29,920 ₸ (предварительно)",3,False,1,0,1,0,29920.0,0.0,0.0,конечный получатель в пределах выгрузки,2149
100000008739887100,peripheral,0.5,0,0.8698843416370107,"периферия, признаков роли не выявлено: входящих 2, исходящих 2, получено 214,000 ₸ (предварительно)",3,False,2,2,3,2,214000.0,307000.0,1.4345794392523366,"периферия, признаков роли не выявлено",332
100000008740295100,peripheral,0.5,0,0.3173932384341637,"периферия, признаков роли не выявлено: входящих 1, исходящих 0, получено 300,000 ₸ (предварительно)",4,False,1,0,1,0,300000.0,0.0,0.0,"периферия, признаков роли не выявлено",2150
100000008740793100,terminal,0.5,1,0.3173932384341637,"конечный получатель в пределах выгрузки: входящих 1, исходящих 0, получено 21,000 ₸ (предварительно)",3,False,1,0,1,0,21000.0,0.0,0.0,конечный получатель в пределах выгрузки,2151
100000008741372100,terminal,0.5,1,0.3173932384341637,"конечный получатель в пределах выгрузки: входящих 1, исходящих 0, получено 35,975 ₸ (предварительно)",1,False,1,0,1,0,35975.0,0.0,0.0,конечный получатель в пределах выгрузки,2152
100000008742053100,distributor,0.5,0,0.9737544483985765,"признаки веерного распределения: входящих 1, исходящих 12, получено 10,000 ₸ (предварительно)",3,False,1,12,1,12,10000.0,2789000.0,278.9,признаки веерного распределения,62
100000008742266100,terminal,0.5,1,0.3173932384341637,"конечный получатель в пределах выгрузки: входящих 1, исходящих 0, получено 21,000 ₸ (предварительно)",2,False,1,0,1,0,21000.0,0.0,0.0,конечный получатель в пределах выгрузки,2153
100000008743913100,distributor,0.5,0,0.9806494661921709,"признаки веерного распределения: входящих 3, исходящих 13, получено 149,300 ₸ (предварительно)",2,False,3,13,3,13,149300.0,1850600.0,12.395177494976558,признаки веерного распределения,48
100000008744364100,terminal,0.5,1,0.3173932384341637,"конечный получатель в пределах выгрузки: входящих 1, исходящих 0, получено 23,700 ₸ (предварительно)",3,False,1,0,1,0,23700.0,0.0,0.0,конечный получатель в пределах выгрузки,2154
100000008744799100,terminal,0.5,1,0.3173932384341637,"конечный получатель в пределах выгрузки: входящих 1, исходящих 0, получено 12,600 ₸ (предварительно)",3,False,1,0,1,0,12600.0,0.0,0.0,конечный получатель в пределах выгрузки,2155
100000008744849100,terminal,0.5,1,0.3173932384341637,"конечный получатель в пределах выгрузки: входящих 1, исходящих 0, получено 44,445 ₸ (предварительно)",1,False,1,0,1,0,44445.0,0.0,0.0,конечный получатель в пределах выгрузки,2156
100000008745474100,terminal,0.5,1,0.3173932384341637,"конечный получатель в пределах выгрузки: входящих 1, исходящих 0, получено 40,559 ₸ (предварительно)",1,False,1,0,1,0,40559.0,0.0,0.0,конечный получатель в пределах выгрузки,2157
100000008745489100,terminal,0.5,1,0.3173932384341637,"конечный получатель в пределах выгрузки: входящих 1, исходящих 0, получено 55,539 ₸ (предварительно)",1,False,1,0,1,0,55539.0,0.0,0.0,конечный получатель в пределах выгрузки,2158
100000008745643100,terminal,0.5,1,0.3173932384341637,"конечный получатель в пределах выгрузки: входящих 1, исходящих 0, получено 20,313 ₸ (предварительно)",1,False,1,0,1,0,20313.0,0.0,0.0,конечный получатель в пределах выгрузки,2159
100000008745676100,peripheral,0.5,1,0.3173932384341637,"периферия, признаков роли не выявлено: входящих 1, исходящих 0, получено 34,547 ₸ (предварительно)",4,False,1,0,1,0,34547.0,0.0,0.0,"периферия, признаков роли не выявлено",2160
100000008745725100,terminal,0.5,1,0.3173932384341637,"конечный получатель в пределах выгрузки: входящих 1, исходящих 0, получено 47,060 ₸ (предварительно)",1,False,1,0,1,0,47060.0,0.0,0.0,конечный получатель в пределах выгрузки,2161
100000008745863100,terminal,0.5,1,0.3173932384341637,"конечный получатель в пределах выгрузки: входящих 1, исходящих 0, получено 22,900 ₸ (предварительно)",3,False,1,0,1,0,22900.0,0.0,0.0,конечный получатель в пределах выгрузки,2162
100000008745884100,terminal,0.5,1,0.3173932384341637,"конечный получатель в пределах выгрузки: входящих 1, исходящих 0, получено 20,000 ₸ (предварительно)",3,False,1,0,1,0,20000.0,0.0,0.0,конечный получатель в пределах выгрузки,2163
100000008746025100,terminal,0.5,1,0.3173932384341637,"конечный получатель в пределах выгрузки: входящих 1, исходящих 0, получено 22,000 ₸ (предварительно)",1,False,1,0,1,0,22000.0,0.0,0.0,конечный получатель в пределах выгрузки,2164
100000008746449100,distributor,0.5,0,0.9675266903914591,"признаки веерного распределения: входящих 1, исходящих 10, получено 10,000 ₸ (предварительно)",3,False,1,10,1,10,10000.0,1009000.0,100.9,признаки веерного распределения,79
100000008746673100,terminal,0.5,1,0.3173932384341637,"конечный получатель в пределах выгрузки: входящих 1, исходящих 0, получено 53,048 ₸ (предварительно)",1,False,1,0,1,0,53048.0,0.0,0.0,конечный получатель в пределах выгрузки,2165
100000008747113100,terminal,0.5,0,0.6983985765124555,"конечный получатель в пределах выгрузки: входящих 2, исходящих 0, получено 197,801 ₸ (предварительно)",1,False,2,0,2,0,197801.0,0.0,0.0,конечный получатель в пределах выгрузки,836
100000008748408100,distributor,0.5,0,0.986432384341637,"признаки веерного распределения: входящих 1, исходящих 21, получено 360,000 ₸ (предварительно)",1,False,1,21,2,22,360000.0,1499960.0,4.166555555555555,признаки веерного распределения,33
100000008748795100,terminal,0.5,0,0.3173932384341637,"конечный получатель в пределах выгрузки: входящих 1, исходящих 0, получено 47,057 ₸ (предварительно)",3,False,1,0,1,0,47057.0,0.0,0.0,конечный получатель в пределах выгрузки,2166
100000008748914100,distributor,0.5,0,0.9775355871886121,"признаки веерного распределения: входящих 2, исходящих 13, получено 180,000 ₸ (предварительно)",1,False,2,13,9,21,180000.0,4471847.0,24.843594444444445,признаки веерного распределения,54
100000008749063100,terminal,0.5,1,0.3173932384341637,"конечный получатель в пределах выгрузки: входящих 1, исходящих 0, получено 19,000 ₸ (предварительно)",1,False,1,0,1,0,19000.0,0.0,0.0,конечный получатель в пределах выгрузки,2167
100000008749405100,terminal,0.5,1,0.3173932384341637,"конечный получатель в пределах выгрузки: входящих 1, исходящих 0, получено 37,150 ₸ (предварительно)",3,False,1,0,1,0,37150.0,0.0,0.0,конечный получатель в пределах выгрузки,2168
100000008749406100,terminal,0.5,1,0.3173932384341637,"конечный получатель в пределах выгрузки: входящих 1, исходящих 0, получено 17,144 ₸ (предварительно)",1,False,1,0,1,0,17144.0,0.0,0.0,конечный получатель в пределах выгрузки,2169
100000008749618100,terminal,0.5,1,0.3173932384341637,"конечный получатель в пределах выгрузки: входящих 1, исходящих 0, получено 47,280 ₸ (предварительно)",1,False,1,0,1,0,47280.0,0.0,0.0,конечный получатель в пределах выгрузки,2170
100000008749900100,terminal,0.5,1,0.3173932384341637,"конечный получатель в пределах выгрузки: входящих 1, исходящих 0, получено 17,150 ₸ (предварительно)",3,False,1,0,1,0,17150.0,0.0,0.0,конечный получатель в пределах выгрузки,2171
100000008749989100,terminal,0.5,1,0.3173932384341637,"конечный получатель в пределах выгрузки: входящих 1, исходящих 0, получено 16,000 ₸ (предварительно)",2,False,1,0,1,0,16000.0,0.0,0.0,конечный получатель в пределах выгрузки,2172
100000008750464100,terminal,0.5,1,0.3173932384341637,"конечный получатель в пределах выгрузки: входящих 1, исходящих 0, получено 8,500 ₸ (предварительно)",3,False,1,0,1,0,8500.0,0.0,0.0,конечный получатель в пределах выгрузки,2173
100000008751349100,terminal,0.5,0,0.3173932384341637,"конечный получатель в пределах выгрузки: входящих 1, исходящих 0, получено 11,630 ₸ (предварительно)",3,False,1,0,1,0,11630.0,0.0,0.0,конечный получатель в пределах выгрузки,2174
100000008751380100,terminal,0.5,0,0.6983985765124555,"конечный получатель в пределах выгрузки: входящих 2, исходящих 0, получено 345,780 ₸ (предварительно)",3,False,2,0,2,0,345780.0,0.0,0.0,конечный получатель в пределах выгрузки,837
100000008751429100,peripheral,0.5,4,0.8698843416370107,"периферия, признаков роли не выявлено: входящих 3, исходящих 1, получено 386,200 ₸ (предварительно)",1,False,3,1,6,2,386200.0,72600.0,0.1879854997410668,"периферия, признаков роли не выявлено",333
100000008752616100,peripheral,0.5,0,0.957517793594306,"периферия, признаков роли не выявлено: входящих 2, исходящих 7, получено 64,510 ₸ (предварительно)",2,False,2,7,2,7,64510.0,1265000.0,19.6093628894745,"периферия, признаков роли не выявлено",100
100000008753061100,terminal,0.5,1,0.3173932384341637,"конечный получатель в пределах выгрузки: входящих 1, исходящих 0, получено 28,400 ₸ (предварительно)",3,False,1,0,2,0,28400.0,0.0,0.0,конечный получатель в пределах выгрузки,2175
100000008753193100,terminal,0.5,1,0.3173932384341637,"конечный получатель в пределах выгрузки: входящих 1, исходящих 0, получено 35,225 ₸ (предварительно)",1,False,1,0,1,0,35225.0,0.0,0.0,конечный получатель в пределах выгрузки,2176
100000008753897100,terminal,0.5,1,0.3173932384341637,"конечный получатель в пределах выгрузки: входящих 1, исходящих 0, получено 24,050 ₸ (предварительно)",3,False,1,0,1,0,24050.0,0.0,0.0,конечный получатель в пределах выгрузки,2177
100000008754608100,terminal,0.5,1,0.3173932384341637,"конечный получатель в пределах выгрузки: входящих 1, исходящих 0, получено 12,300 ₸ (предварительно)",3,False,1,0,1,0,12300.0,0.0,0.0,конечный получатель в пределах выгрузки,2178
100000008754747100,terminal,0.5,1,0.3173932384341637,"конечный получатель в пределах выгрузки: входящих 1, исходящих 0, получено 45,500 ₸ (предварительно)",3,False,1,0,1,0,45500.0,0.0,0.0,конечный получатель в пределах выгрузки,2179
100000008754997100,terminal,0.5,1,0.3173932384341637,"конечный получатель в пределах выгрузки: входящих 1, исходящих 0, получено 18,000 ₸ (предварительно)",3,False,1,0,1,0,18000.0,0.0,0.0,конечный получатель в пределах выгрузки,2180
100000008755168100,terminal,0.5,1,0.3173932384341637,"конечный получатель в пределах выгрузки: входящих 1, исходящих 0, получено 17,600 ₸ (предварительно)",3,False,1,0,1,0,17600.0,0.0,0.0,конечный получатель в пределах выгрузки,2181
100000008755361100,terminal,0.5,1,0.3173932384341637,"конечный получатель в пределах выгрузки: входящих 1, исходящих 0, получено 14,627 ₸ (предварительно)",1,False,1,0,1,0,14627.0,0.0,0.0,конечный получатель в пределах выгрузки,2182
100000008755580100,terminal,0.5,1,0.3173932384341637,"конечный получатель в пределах выгрузки: входящих 1, исходящих 0, получено 16,000 ₸ (предварительно)",3,False,1,0,1,0,16000.0,0.0,0.0,конечный получатель в пределах выгрузки,2183
100000008755754100,terminal,0.5,0,0.3173932384341637,"конечный получатель в пределах выгрузки: входящих 1, исходящих 0, получено 7,000 ₸ (предварительно)",3,False,1,0,1,0,7000.0,0.0,0.0,конечный получатель в пределах выгрузки,2184
100000008757301100,peripheral,0.5,0,0.3173932384341637,"периферия, признаков роли не выявлено: входящих 1, исходящих 0, получено 58,398 ₸ (предварительно)",4,False,1,0,3,0,58398.0,0.0,0.0,"периферия, признаков роли не выявлено",2185
100000008757369100,peripheral,0.5,0,0.6983985765124555,"периферия, признаков роли не выявлено: входящих 1, исходящих 1, получено 25,961 ₸ (предварительно)",3,False,1,1,1,3,25961.0,58398.0,2.249451099726513,"периферия, признаков роли не выявлено",838
100000008758106100,peripheral,0.5,0,0.3173932384341637,"периферия, признаков роли не выявлено: входящих 1, исходящих 0, получено 10,000 ₸ (предварительно)",4,False,1,0,1,0,10000.0,0.0,0.0,"периферия, признаков роли не выявлено",2186
100000008758168100,peripheral,0.5,0,0.9377224199288257,"периферия, признаков роли не выявлено: входящих 2, исходящих 5, получено 75,410 ₸ (предварительно)",2,False,2,5,2,5,75410.0,1533600.0,20.33682535472749,"периферия, признаков роли не выявлено",154
100000008758607100,peripheral,0.5,0,0.3173932384341637,"периферия, признаков роли не выявлено: входящих 1, исходящих 0, получено 5,000 ₸ (предварительно)",4,False,1,0,1,0,5000.0,0.0,0.0,"периферия, признаков роли не выявлено",2187
100000008759795100,peripheral,0.5,0,0.3173932384341637,"периферия, признаков роли не выявлено: входящих 1, исходящих 0, получено 17,000 ₸ (предварительно)",4,False,1,0,1,0,17000.0,0.0,0.0,"периферия, признаков роли не выявлено",2188
100000008759857100,peripheral,0.5,0,0.8111654804270463,"периферия, признаков роли не выявлено: входящих 1, исходящих 2, получено 5,000 ₸ (предварительно)",3,False,1,2,1,3,5000.0,994000.0,198.8,"периферия, признаков роли не выявлено",516
100000008760098100,peripheral,0.5,0,0.6983985765124555,"периферия, признаков роли не выявлено: входящих 1, исходящих 1, получено 7,000 ₸ (предварительно)",3,False,1,1,1,1,7000.0,390000.0,55.714285714285715,"периферия, признаков роли не выявлено",839
100000008761132100,peripheral,0.5,0,0.3173932384341637,"периферия, признаков роли не выявлено: входящих 1, исходящих 0, получено 10,000 ₸ (предварительно)",4,False,1,0,1,0,10000.0,0.0,0.0,"периферия, признаков роли не выявлено",2189
100000008761219100,peripheral,0.5,0,0.8698843416370107,"периферия, признаков роли не выявлено: входящих 2, исходящих 2, получено 50,000 ₸ (предварительно)",3,False,2,2,2,2,50000.0,375000.0,7.5,"периферия, признаков роли не выявлено",334
100000008761220100,peripheral,0.5,0,0.3173932384341637,"периферия, признаков роли не выявлено: входящих 1, исходящих 0, получено 10,000 ₸ (предварительно)",4,False,1,0,1,0,10000.0,0.0,0.0,"периферия, признаков роли не выявлено",2190
100000008762005100,peripheral,0.5,0,0.3173932384341637,"периферия, признаков роли не выявлено: входящих 1, исходящих 0, получено 5,000 ₸ (предварительно)",4,False,1,0,1,0,5000.0,0.0,0.0,"периферия, признаков роли не выявлено",2191
100000008762728100,terminal,0.5,0,0.3173932384341637,"конечный получатель в пределах выгрузки: входящих 1, исходящих 0, получено 17,026 ₸ (предварительно)",2,False,1,0,1,0,17026.0,0.0,0.0,конечный получатель в пределах выгрузки,2192
100000008762832100,peripheral,0.5,0,0.6983985765124555,"периферия, признаков роли не выявлено: входящих 1, исходящих 1, получено 150,000 ₸ (предварительно)",2,False,1,1,1,4,150000.0,85000.0,0.5666666666666667,"периферия, признаков роли не выявлено",840
100000008762843100,peripheral,0.5,0,0.3173932384341637,"периферия, признаков роли не выявлено: входящих 1, исходящих 0, получено 7,000 ₸ (предварительно)",4,False,1,0,1,0,7000.0,0.0,0.0,"периферия, признаков роли не выявлено",2193
100000008762885100,peripheral,0.5,0,0.3173932384341637,"периферия, признаков роли не выявлено: входящих 1, исходящих 0, получено 7,000 ₸ (предварительно)",4,False,1,0,1,0,7000.0,0.0,0.0,"периферия, признаков роли не выявлено",2194
100000008763688100,terminal,0.5,1,0.3173932384341637,"конечный получатель в пределах выгрузки: входящих 1, исходящих 0, получено 21,000 ₸ (предварительно)",3,False,1,0,1,0,21000.0,0.0,0.0,конечный получатель в пределах выгрузки,2195
100000008764436100,terminal,0.5,1,0.3173932384341637,"конечный получатель в пределах выгрузки: входящих 1, исходящих 0, получено 13,100 ₸ (предварительно)",2,False,1,0,1,0,13100.0,0.0,0.0,конечный получатель в пределах выгрузки,2196
100000008764654100,terminal,0.5,1,0.3173932384341637,"конечный получатель в пределах выгрузки: входящих 1, исходящих 0, получено 26,150 ₸ (предварительно)",3,False,1,0,1,0,26150.0,0.0,0.0,конечный получатель в пределах выгрузки,2197
100000008765494100,terminal,0.5,1,0.3173932384341637,"конечный получатель в пределах выгрузки: входящих 1, исходящих 0, получено 24,000 ₸ (предварительно)",2,False,1,0,1,0,24000.0,0.0,0.0,конечный получатель в пределах выгрузки,2198
100000008765627100,terminal,0.5,0,0.3173932384341637,"конечный получатель в пределах выгрузки: входящих 1, исходящих 0, получено 60,000 ₸ (предварительно)",2,False,1,0,1,0,60000.0,0.0,0.0,конечный получатель в пределах выгрузки,2199
100000008766031100,peripheral,0.5,0,0.3173932384341637,"периферия, признаков роли не выявлено: входящих 1, исходящих 0, получено 5,000 ₸ (предварительно)",4,False,1,0,1,0,5000.0,0.0,0.0,"периферия, признаков роли не выявлено",2200
100000008766764100,peripheral,0.5,0,0.3173932384341637,"периферия, признаков роли не выявлено: входящих 1, исходящих 0, получено 5,000 ₸ (предварительно)",4,False,1,0,1,0,5000.0,0.0,0.0,"периферия, признаков роли не выявлено",2201
100000008767027100,terminal,0.5,0,0.3173932384341637,"конечный получатель в пределах выгрузки: входящих 1, исходящих 0, получено 5,000 ₸ (предварительно)",3,False,1,0,1,0,5000.0,0.0,0.0,конечный получатель в пределах выгрузки,2202
100000008767065100,terminal,0.5,0,0.3173932384341637,"конечный получатель в пределах выгрузки: входящих 1, исходящих 0, получено 10,000 ₸ (предварительно)",3,False,1,0,1,0,10000.0,0.0,0.0,конечный получатель в пределах выгрузки,2203
100000008767925100,terminal,0.5,1,0.3173932384341637,"конечный получатель в пределах выгрузки: входящих 1, исходящих 0, получено 17,144 ₸ (предварительно)",1,False,1,0,1,0,17144.0,0.0,0.0,конечный получатель в пределах выгрузки,2204
100000008767950100,terminal,0.5,1,0.3173932384341637,"конечный получатель в пределах выгрузки: входящих 1, исходящих 0, получено 17,350 ₸ (предварительно)",3,False,1,0,1,0,17350.0,0.0,0.0,конечный получатель в пределах выгрузки,2205
100000008768896100,terminal,0.5,1,0.3173932384341637,"конечный получатель в пределах выгрузки: входящих 1, исходящих 0, получено 47,060 ₸ (предварительно)",1,False,1,0,1,0,47060.0,0.0,0.0,конечный получатель в пределах выгрузки,2206
100000008769097100,terminal,0.5,1,0.3173932384341637,"конечный получатель в пределах выгрузки: входящих 1, исходящих 0, получено 31,100 ₸ (предварительно)",3,False,1,0,1,0,31100.0,0.0,0.0,конечный получатель в пределах выгрузки,2207
100000008769636100,terminal,0.5,1,0.3173932384341637,"конечный получатель в пределах выгрузки: входящих 1, исходящих 0, получено 23,118 ₸ (предварительно)",1,False,1,0,1,0,23118.0,0.0,0.0,конечный получатель в пределах выгрузки,2208
100000008770483100,peripheral,0.5,0,0.3173932384341637,"периферия, признаков роли не выявлено: входящих 1, исходящих 0, получено 5,000 ₸ (предварительно)",4,False,1,0,1,0,5000.0,0.0,0.0,"периферия, признаков роли не выявлено",2209
100000008771627100,terminal,0.5,1,0.3173932384341637,"конечный получатель в пределах выгрузки: входящих 1, исходящих 0, получено 16,500 ₸ (предварительно)",2,False,1,0,1,0,16500.0,0.0,0.0,конечный получатель в пределах выгрузки,2210
100000008771814100,terminal,0.5,1,0.3173932384341637,"конечный получатель в пределах выгрузки: входящих 1, исходящих 0, получено 23,700 ₸ (предварительно)",2,False,1,0,1,0,23700.0,0.0,0.0,конечный получатель в пределах выгрузки,2211
100000008771819100,terminal,0.5,1,0.3173932384341637,"конечный получатель в пределах выгрузки: входящих 1, исходящих 0, получено 38,900 ₸ (предварительно)",1,False,1,0,1,0,38900.0,0.0,0.0,конечный получатель в пределах выгрузки,2212
100000008772058100,terminal,0.5,1,0.3173932384341637,"конечный получатель в пределах выгрузки: входящих 1, исходящих 0, получено 50,000 ₸ (предварительно)",2,False,1,0,1,0,50000.0,0.0,0.0,конечный получатель в пределах выгрузки,2213
100000008772246100,terminal,0.5,1,0.3173932384341637,"конечный получатель в пределах выгрузки: входящих 1, исходящих 0, получено 44,500 ₸ (предварительно)",3,False,1,0,1,0,44500.0,0.0,0.0,конечный получатель в пределах выгрузки,2214
100000008773876100,terminal,0.5,1,0.3173932384341637,"конечный получатель в пределах выгрузки: входящих 1, исходящих 0, получено 26,120 ₸ (предварительно)",1,False,1,0,1,0,26120.0,0.0,0.0,конечный получатель в пределах выгрузки,2215
100000008774237100,peripheral,0.5,2,0.6983985765124555,"периферия, признаков роли не выявлено: входящих 1, исходящих 1, получено 50,000 ₸ (предварительно)",2,False,1,1,1,1,50000.0,10000.0,0.2,"периферия, признаков роли не выявлено",841
100000008775471100,terminal,0.5,0,0.3173932384341637,"конечный получатель в пределах выгрузки: входящих 1, исходящих 0, получено 580,000 ₸ (предварительно)",3,False,1,0,2,0,580000.0,0.0,0.0,конечный получатель в пределах выгрузки,2216
100000008775747100,peripheral,0.5,0,0.3173932384341637,"периферия, признаков роли не выявлено: входящих 1, исходящих 0, получено 5,000 ₸ (предварительно)",4,False,1,0,1,0,5000.0,0.0,0.0,"периферия, признаков роли не выявлено",2217
100000008776298100,terminal,0.5,1,0.3173932384341637,"конечный получатель в пределах выгрузки: входящих 1, исходящих 0, получено 42,800 ₸ (предварительно)",1,False,1,0,1,0,42800.0,0.0,0.0,конечный получатель в пределах выгрузки,2218
100000008776310100,terminal,0.5,1,0.3173932384341637,"конечный получатель в пределах выгрузки: входящих 1, исходящих 0, получено 19,200 ₸ (предварительно)",3,False,1,0,1,0,19200.0,0.0,0.0,конечный получатель в пределах выгрузки,2219
100000008776420100,terminal,0.5,1,0.3173932384341637,"конечный получатель в пределах выгрузки: входящих 1, исходящих 0, получено 69,500 ₸ (предварительно)",3,False,1,0,1,0,69500.0,0.0,0.0,конечный получатель в пределах выгрузки,2220
100000008776576100,terminal,0.5,1,0.3173932384341637,"конечный получатель в пределах выгрузки: входящих 1, исходящих 0, получено 14,765 ₸ (предварительно)",1,False,1,0,1,0,14765.0,0.0,0.0,конечный получатель в пределах выгрузки,2221
100000008776720100,terminal,0.5,1,0.3173932384341637,"конечный получатель в пределах выгрузки: входящих 1, исходящих 0, получено 26,150 ₸ (предварительно)",3,False,1,0,1,0,26150.0,0.0,0.0,конечный получатель в пределах выгрузки,2222
100000008777088100,terminal,0.5,1,0.3173932384341637,"конечный получатель в пределах выгрузки: входящих 1, исходящих 0, получено 18,000 ₸ (предварительно)",1,False,1,0,1,0,18000.0,0.0,0.0,конечный получатель в пределах выгрузки,2223
100000008778010100,peripheral,0.5,1,0.3173932384341637,"периферия, признаков роли не выявлено: входящих 1, исходящих 0, получено 76,950 ₸ (предварительно)",4,False,1,0,2,0,76950.0,0.0,0.0,"периферия, признаков роли не выявлено",2224
100000008778753100,peripheral,0.5,0,0.3173932384341637,"периферия, признаков роли не выявлено: входящих 1, исходящих 0, получено 10,000 ₸ (предварительно)",4,False,1,0,1,0,10000.0,0.0,0.0,"периферия, признаков роли не выявлено",2225
100000008779584100,terminal,0.5,1,0.3173932384341637,"конечный получатель в пределах выгрузки: входящих 1, исходящих 0, получено 31,400 ₸ (предварительно)",1,False,1,0,1,0,31400.0,0.0,0.0,конечный получатель в пределах выгрузки,2226
100000008782056100,terminal,0.5,1,0.3173932384341637,"конечный получатель в пределах выгрузки: входящих 1, исходящих 0, получено 29,082 ₸ (предварительно)",1,False,1,0,1,0,29082.0,0.0,0.0,конечный получатель в пределах выгрузки,2227
100000008782421100,terminal,0.5,1,0.3173932384341637,"конечный получатель в пределах выгрузки: входящих 1, исходящих 0, получено 49,680 ₸ (предварительно)",1,False,1,0,1,0,49680.0,0.0,0.0,конечный получатель в пределах выгрузки,2228
100000008782800100,terminal,0.5,1,0.3173932384341637,"конечный получатель в пределах выгрузки: входящих 1, исходящих 0, получено 43,381 ₸ (предварительно)",1,False,1,0,1,0,43381.0,0.0,0.0,конечный получатель в пределах выгрузки,2229
